arm,trace_i,gen_pos,offset_to_cause,phat,score_smoothed
above_good,0,0,,1,0.5271
above_good,0,5,,1,0.5278
above_good,0,10,,1,0.5243
above_good,0,15,,1,0.5266
above_good,0,20,,1,0.524
above_good,0,25,,1,0.5304
above_good,0,30,,1,0.535
above_good,0,35,,1,0.5445
above_good,0,40,,1,0.5469
above_good,0,45,,1,0.5525
above_good,0,50,,1,0.5482
above_good,0,55,,1,0.5487
above_good,0,60,,1,0.5426
above_good,0,65,,1,0.5455
above_good,0,70,,1,0.5485
above_good,0,75,,1,0.5542
above_good,0,80,,1,0.5515
above_good,0,85,,1,0.5423
above_good,0,90,,1,0.5267
above_good,0,95,,1,0.5277
above_good,0,100,,1,0.522
above_good,0,105,,1,0.5188
above_good,0,110,,1,0.5367
above_good,0,115,,1,0.5479
above_good,0,120,,1,0.548
above_good,0,125,,1,0.5549
above_good,0,130,,1,0.5633
above_good,0,135,,1,0.5665
above_good,0,140,,1,0.5674
above_good,0,145,,1,0.5689
above_good,0,150,,1,0.561
above_good,0,155,,1,0.5518
above_good,0,160,,1,0.5386
above_good,0,165,,1,0.5384
above_good,0,170,,1,0.5301
above_good,0,175,,1,0.5367
above_good,0,180,,1,0.5435
above_good,0,185,,1,0.5436
above_good,0,190,,1,0.5458
above_good,0,195,,1,0.5436
above_good,0,200,,1,0.5422
above_good,0,205,,1,0.5407
above_good,0,210,,1,0.5434
above_good,0,215,,1,0.5397
above_good,0,220,,1,0.545
above_good,0,225,,1,0.5438
above_good,0,230,,1,0.5436
above_good,0,235,,1,0.5511
above_good,0,240,,1,0.5599
above_good,0,245,,1,0.5546
above_good,0,250,,1,0.562
above_good,0,255,,1,0.5745
above_good,0,260,,1,0.5733
above_good,0,265,,1,0.5714
above_good,0,270,,1,0.5798
above_good,0,275,,1,0.5709
above_good,0,280,,1,0.5669
above_good,0,285,,1,0.5627
above_good,0,290,,1,0.5522
above_good,0,295,,1,0.5457
above_good,0,300,,1,0.5428
above_good,0,305,,1,0.5298
above_good,0,310,,1,0.5237
above_good,2,0,,-1,0.5119
above_good,2,5,,-1,0.5116
above_good,2,10,,-1,0.507
above_good,2,15,,-1,0.5076
above_good,2,20,,-1,0.5042
above_good,2,25,,-1,0.5135
above_good,2,30,,-1,0.5146
above_good,2,35,,-1,0.5311
above_good,2,40,,-1,0.5406
above_good,2,45,,-1,0.556
above_good,2,50,,-1,0.5549
above_good,2,55,,-1,0.56
above_good,2,60,,-1,0.5532
above_good,2,65,,-1,0.5562
above_good,2,70,,-1,0.553
above_good,2,75,,-1,0.5563
above_good,2,80,,-1,0.5572
above_good,2,85,,-1,0.5571
above_good,2,90,,-1,0.5403
above_good,2,95,,-1,0.5399
above_good,2,100,,-1,0.5456
above_good,2,105,,-1,0.5528
above_good,2,110,,-1,0.5592
above_good,2,115,,-1,0.5695
above_good,2,120,,-1,0.559
above_good,2,125,,-1,0.5547
above_good,2,130,,-1,0.5561
above_good,2,135,,-1,0.5521
above_good,2,140,,-1,0.5497
above_good,2,145,,-1,0.5537
above_good,2,150,,-1,0.5451
above_good,2,155,,-1,0.5356
above_good,2,160,,-1,0.5308
above_good,2,165,,-1,0.5298
above_good,2,170,,-1,0.5336
above_good,2,175,,-1,0.5302
above_good,2,180,,-1,0.5304
above_good,2,185,,-1,0.5471
above_good,2,190,,-1,0.5626
above_good,2,195,,-1,0.5623
above_good,2,200,,-1,0.5705
above_good,2,205,,-1,0.5649
above_good,2,210,,-1,0.5552
above_good,2,215,,-1,0.5538
above_good,2,220,,-1,0.5554
above_good,2,225,,-1,0.5659
above_good,2,230,,-1,0.577
above_good,2,235,,-1,0.569
above_good,2,240,,-1,0.557
above_good,2,245,,-1,0.5571
above_good,2,250,,-1,0.556
above_good,2,255,,-1,0.5548
above_good,2,260,,-1,0.5481
above_good,2,265,,-1,0.5294
above_good,2,270,,-1,0.5174
above_good,2,275,,-1,0.4962
above_good,2,280,,-1,0.4701
above_good,3,0,,1,0.5243
above_good,3,5,,1,0.5196
above_good,3,10,,1,0.5266
above_good,3,15,,1,0.5274
above_good,3,20,,1,0.5282
above_good,3,25,,1,0.5322
above_good,3,30,,1,0.5418
above_good,3,35,,1,0.5371
above_good,3,40,,1,0.5527
above_good,3,45,,1,0.5551
above_good,3,50,,1,0.5545
above_good,3,55,,1,0.5462
above_good,3,60,,1,0.5496
above_good,3,65,,1,0.5304
above_good,3,70,,1,0.5306
above_good,3,75,,1,0.5278
above_good,3,80,,1,0.5377
above_good,3,85,,1,0.5309
above_good,3,90,,1,0.5321
above_good,3,95,,1,0.5285
above_good,3,100,,1,0.5282
above_good,3,105,,1,0.5193
above_good,3,110,,1,0.5164
above_good,3,115,,1,0.5253
above_good,3,120,,1,0.5232
above_good,3,125,,1,0.5239
above_good,3,130,,1,0.5281
above_good,3,135,,1,0.5347
above_good,3,140,,1,0.5215
above_good,3,145,,1,0.5245
above_good,3,150,,1,0.523
above_good,3,155,,1,0.5194
above_good,3,160,,1,0.5149
above_good,3,165,,1,0.5144
above_good,3,170,,1,0.5104
above_good,3,175,,1,0.5169
above_good,3,180,,1,0.5211
above_good,3,185,,1,0.5265
above_good,3,190,,1,0.5406
above_good,3,195,,1,0.5503
above_good,3,200,,1,0.5533
above_good,3,205,,1,0.5544
above_good,3,210,,1,0.55
above_good,3,215,,1,0.5426
above_good,3,220,,1,0.5358
above_good,3,225,,1,0.5239
above_good,3,230,,1,0.5169
above_good,3,235,,1,0.5115
above_good,3,240,,1,0.4971
above_good,3,245,,1,0.4941
above_good,3,250,,1,0.4942
above_good,3,255,,1,0.4958
above_good,3,260,,1,0.5026
above_good,3,265,,1,0.5156
above_good,3,270,,1,0.5135
above_good,3,275,,1,0.5221
above_good,3,280,,1,0.5224
above_good,3,285,,1,0.514
above_good,3,290,,1,0.5133
above_good,3,295,,1,0.5068
above_good,3,300,,1,0.4982
above_good,3,305,,1,0.4975
above_good,3,310,,1,0.5032
above_good,3,315,,1,0.5098
above_good,3,320,,1,0.5177
above_good,3,325,,1,0.525
above_good,3,330,,1,0.5284
above_good,3,335,,1,0.535
above_good,3,340,,1,0.5348
above_good,3,345,,1,0.5417
above_good,3,350,,1,0.5457
above_good,3,355,,1,0.5417
above_good,3,360,,1,0.552
above_good,3,365,,1,0.5614
above_good,3,370,,1,0.5671
above_good,3,375,,1,0.5652
above_good,3,380,,1,0.5671
above_good,3,385,,1,0.5348
above_good,3,390,,1,0.5156
above_good,3,395,,1,0.5022
above_good,3,400,,1,0.4974
above_good,3,405,,1,0.4926
above_good,3,410,,1,0.5124
above_good,4,0,-347,1,0.5273
above_good,4,5,-342,1,0.527
above_good,4,10,-337,1,0.5251
above_good,4,15,-332,1,0.5242
above_good,4,20,-327,1,0.524
above_good,4,25,-322,1,0.5317
above_good,4,30,-317,1,0.5378
above_good,4,35,-312,1,0.5513
above_good,4,40,-307,1,0.5633
above_good,4,45,-302,1,0.56
above_good,4,50,-297,1,0.5507
above_good,4,55,-292,1,0.5366
above_good,4,60,-287,1,0.519
above_good,4,65,-282,1,0.5008
above_good,4,70,-277,1,0.5063
above_good,4,75,-272,1,0.5059
above_good,4,80,-267,1,0.5113
above_good,4,85,-262,1,0.5135
above_good,4,90,-257,1,0.5174
above_good,4,95,-252,1,0.5147
above_good,4,100,-247,1,0.5132
above_good,4,105,-242,1,0.5023
above_good,4,110,-237,1,0.4914
above_good,4,115,-232,1,0.4871
above_good,4,120,-227,1,0.4776
above_good,4,125,-222,1,0.4774
above_good,4,130,-217,1,0.4867
above_good,4,135,-212,1,0.4988
above_good,4,140,-207,1,0.5024
above_good,4,145,-202,1,0.4987
above_good,4,150,-197,1,0.499
above_good,4,155,-192,1,0.496
above_good,4,160,-187,1,0.4893
above_good,4,165,-182,1,0.48
above_good,4,170,-177,1,0.4878
above_good,4,175,-172,1,0.484
above_good,4,180,-167,1,0.4815
above_good,4,185,-162,1,0.4783
above_good,4,190,-157,1,0.4761
above_good,4,195,-152,1,0.4723
above_good,4,200,-147,1,0.473
above_good,4,205,-142,1,0.4809
above_good,4,210,-137,1,0.4999
above_good,4,215,-132,1,0.5096
above_good,4,220,-127,1,0.5087
above_good,4,225,-122,1,0.4991
above_good,4,230,-117,1,0.4956
above_good,4,235,-112,1,0.4904
above_good,4,240,-107,1,0.4904
above_good,4,245,-102,1,0.4872
above_good,4,250,-97,1,0.5024
above_good,4,255,-92,1,0.5065
above_good,4,260,-87,1,0.5052
above_good,4,265,-82,1,0.5077
above_good,4,270,-77,1,0.5091
above_good,4,275,-72,1,0.5078
above_good,4,280,-67,1,0.5115
above_good,4,285,-62,1,0.5075
above_good,4,290,-57,1,0.5103
above_good,4,295,-52,1,0.527
above_good,4,300,-47,1,0.5431
above_good,4,305,-42,1,0.5474
above_good,4,310,-37,1,0.5486
above_good,4,315,-32,1,0.5546
above_good,4,320,-27,1,0.559
above_good,4,325,-22,1,0.558
above_good,4,330,-17,1,0.5583
above_good,4,335,-12,1,0.5761
above_good,4,340,-7,1,0.5796
above_good,4,345,-2,1,0.5747
above_good,4,350,3,1,0.5614
above_good,4,355,8,1,0.5626
above_good,4,360,13,1,0.5637
above_good,4,365,18,1,0.5574
above_good,4,370,23,1,0.5597
above_good,4,375,28,1,0.5731
above_good,5,0,-417,1,0.4974
above_good,5,5,-412,1,0.5106
above_good,5,10,-407,1,0.5158
above_good,5,15,-402,1,0.5202
above_good,5,20,-397,1,0.534
above_good,5,25,-392,1,0.5389
above_good,5,30,-387,1,0.5335
above_good,5,35,-382,1,0.5347
above_good,5,40,-377,1,0.5305
above_good,5,45,-372,1,0.5214
above_good,5,50,-367,1,0.5284
above_good,5,55,-362,1,0.531
above_good,5,60,-357,1,0.534
above_good,5,65,-352,1,0.5443
above_good,5,70,-347,1,0.5509
above_good,5,75,-342,1,0.5479
above_good,5,80,-337,1,0.5534
above_good,5,85,-332,1,0.5549
above_good,5,90,-327,1,0.5471
above_good,5,95,-322,1,0.5434
above_good,5,100,-317,1,0.5462
above_good,5,105,-312,1,0.5342
above_good,5,110,-307,1,0.5277
above_good,5,115,-302,1,0.514
above_good,5,120,-297,1,0.5156
above_good,5,125,-292,1,0.5149
above_good,5,130,-287,1,0.5197
above_good,5,135,-282,1,0.5154
above_good,5,140,-277,1,0.5217
above_good,5,145,-272,1,0.5194
above_good,5,150,-267,1,0.5209
above_good,5,155,-262,1,0.5098
above_good,5,160,-257,1,0.517
above_good,5,165,-252,1,0.5233
above_good,5,170,-247,1,0.5262
above_good,5,175,-242,1,0.5298
above_good,5,180,-237,1,0.5361
above_good,5,185,-232,1,0.5377
above_good,5,190,-227,1,0.539
above_good,5,195,-222,1,0.5284
above_good,5,200,-217,1,0.516
above_good,5,205,-212,1,0.5201
above_good,5,210,-207,1,0.5159
above_good,5,215,-202,1,0.5035
above_good,5,220,-197,1,0.5009
above_good,5,225,-192,1,0.506
above_good,5,230,-187,1,0.5076
above_good,5,235,-182,1,0.4993
above_good,5,240,-177,1,0.5074
above_good,5,245,-172,1,0.5142
above_good,5,250,-167,1,0.513
above_good,5,255,-162,1,0.5084
above_good,5,260,-157,1,0.5078
above_good,5,265,-152,1,0.5123
above_good,5,270,-147,1,0.5104
above_good,5,275,-142,1,0.5021
above_good,5,280,-137,1,0.4956
above_good,5,285,-132,1,0.4898
above_good,5,290,-127,1,0.4873
above_good,5,295,-122,1,0.4905
above_good,5,300,-117,1,0.4817
above_good,5,305,-112,1,0.485
above_good,5,310,-107,1,0.4855
above_good,5,315,-102,1,0.4817
above_good,5,320,-97,1,0.4776
above_good,5,325,-92,1,0.4797
above_good,5,330,-87,1,0.4803
above_good,5,335,-82,1,0.5022
above_good,5,340,-77,1,0.5042
above_good,5,345,-72,1,0.5118
above_good,5,350,-67,1,0.5325
above_good,5,355,-62,1,0.5323
above_good,5,360,-57,1,0.5207
above_good,5,365,-52,1,0.5153
above_good,5,370,-47,1,0.4987
above_good,5,375,-42,1,0.4781
above_good,5,380,-37,1,0.4825
above_good,5,385,-32,1,0.4786
above_good,5,390,-27,1,0.4902
above_good,5,395,-22,1,0.5108
above_good,5,400,-17,1,0.5288
above_good,5,405,-12,1,0.5409
above_good,5,410,-7,1,0.5592
above_good,5,415,-2,1,0.5642
above_good,5,420,3,1,0.5672
above_good,8,0,,-1,0.5081
above_good,8,5,,-1,0.5071
above_good,8,10,,-1,0.5106
above_good,8,15,,-1,0.5186
above_good,8,20,,-1,0.5249
above_good,8,25,,-1,0.5302
above_good,8,30,,-1,0.5402
above_good,8,35,,-1,0.5412
above_good,8,40,,-1,0.5347
above_good,8,45,,-1,0.5275
above_good,8,50,,-1,0.5213
above_good,8,55,,-1,0.5053
above_good,8,60,,-1,0.5088
above_good,8,65,,-1,0.5085
above_good,8,70,,-1,0.5149
above_good,8,75,,-1,0.5243
above_good,8,80,,-1,0.5338
above_good,8,85,,-1,0.5325
above_good,8,90,,-1,0.5297
above_good,8,95,,-1,0.5222
above_good,8,100,,-1,0.5174
above_good,8,105,,-1,0.521
above_good,8,110,,-1,0.5131
above_good,8,115,,-1,0.5189
above_good,8,120,,-1,0.5195
above_good,8,125,,-1,0.5207
above_good,8,130,,-1,0.5104
above_good,8,135,,-1,0.5116
above_good,8,140,,-1,0.511
above_good,8,145,,-1,0.5141
above_good,8,150,,-1,0.5185
above_good,8,155,,-1,0.5271
above_good,8,160,,-1,0.53
above_good,8,165,,-1,0.5312
above_good,8,170,,-1,0.5202
above_good,8,175,,-1,0.507
above_good,8,180,,-1,0.506
above_good,8,185,,-1,0.5117
above_good,8,190,,-1,0.5092
above_good,8,195,,-1,0.5299
above_good,8,200,,-1,0.5397
above_good,8,205,,-1,0.5477
above_good,8,210,,-1,0.5443
above_good,8,215,,-1,0.5472
above_good,8,220,,-1,0.5353
above_good,8,225,,-1,0.5422
above_good,8,230,,-1,0.5429
above_good,8,235,,-1,0.5471
above_good,8,240,,-1,0.5563
above_good,8,245,,-1,0.5589
above_good,8,250,,-1,0.5578
above_good,8,255,,-1,0.5507
above_good,8,260,,-1,0.5431
above_good,8,265,,-1,0.5334
above_good,8,270,,-1,0.5324
above_good,8,275,,-1,0.5
above_good,8,280,,-1,0.4831
above_good,8,285,,-1,0.4637
above_good,8,290,,-1,0.4391
above_good,8,295,,-1,0.4216
above_good,8,300,,-1,0.4337
above_good,8,305,,-1,0.3923
above_good,8,310,,-1,0.3564
above_good,8,315,,-1,0.3227
above_good,8,320,,-1,0.2977
above_good,8,325,,-1,0.2547
above_good,8,330,,-1,0.2561
above_good,8,335,,-1,0.2528
above_good,8,340,,-1,0.2527
above_good,8,345,,-1,0.2306
above_good,8,350,,-1,0.2329
above_good,8,355,,-1,0.2314
above_good,8,360,,-1,0.2385
above_good,8,365,,-1,0.2502
above_good,8,370,,-1,0.2705
above_good,8,375,,-1,0.2655
above_good,8,380,,-1,0.2774
above_good,8,385,,-1,0.29
above_good,8,390,,-1,0.3027
above_good,8,395,,-1,0.3069
above_good,8,400,,-1,0.3124
above_good,8,405,,-1,0.294
above_good,8,410,,-1,0.265
above_good,8,415,,-1,0.2352
above_good,8,420,,-1,0.2023
above_good,8,425,,-1,0.1815
above_good,8,430,,-1,0.1794
above_good,8,435,,-1,0.1918
above_good,8,440,,-1,0.1969
above_good,8,445,,-1,0.2128
above_good,8,450,,-1,0.2436
above_good,8,455,,-1,0.2487
above_good,8,460,,-1,0.2635
above_good,8,465,,-1,0.2708
above_good,8,470,,-1,0.2922
above_good,8,475,,-1,0.2876
above_good,8,480,,-1,0.2934
above_good,8,485,,-1,0.26
above_good,8,490,,-1,0.2515
above_good,8,495,,-1,0.224
above_good,8,500,,-1,0.1928
above_good,8,505,,-1,0.1776
above_good,8,510,,-1,0.1785
above_good,8,515,,-1,0.1714
above_good,8,520,,-1,0.1791
above_good,8,525,,-1,0.2006
above_good,8,530,,-1,0.1999
above_good,8,535,,-1,0.2183
above_good,8,540,,-1,0.2293
above_good,8,545,,-1,0.2543
above_good,8,550,,-1,0.2775
above_good,8,555,,-1,0.3223
above_good,8,560,,-1,0.3529
above_good,8,565,,-1,0.3825
above_good,8,570,,-1,0.3717
above_good,8,575,,-1,0.3633
above_good,8,580,,-1,0.3472
above_good,8,585,,-1,0.3288
above_good,8,590,,-1,0.3221
above_good,8,595,,-1,0.3364
above_good,8,600,,-1,0.3637
above_good,8,605,,-1,0.3907
above_good,8,610,,-1,0.3849
above_good,8,615,,-1,0.373
above_good,8,620,,-1,0.3577
above_good,8,625,,-1,0.3273
above_good,8,630,,-1,0.3021
above_good,8,635,,-1,0.3104
above_good,9,0,,-1,0.5299
above_good,9,5,,-1,0.5287
above_good,9,10,,-1,0.5288
above_good,9,15,,-1,0.5302
above_good,9,20,,-1,0.5288
above_good,9,25,,-1,0.531
above_good,9,30,,-1,0.5434
above_good,9,35,,-1,0.5501
above_good,9,40,,-1,0.5552
above_good,9,45,,-1,0.5547
above_good,9,50,,-1,0.5554
above_good,9,55,,-1,0.5487
above_good,9,60,,-1,0.5425
above_good,9,65,,-1,0.5315
above_good,9,70,,-1,0.533
above_good,9,75,,-1,0.5352
above_good,9,80,,-1,0.5381
above_good,9,85,,-1,0.539
above_good,9,90,,-1,0.5496
above_good,9,95,,-1,0.5618
above_good,9,100,,-1,0.5612
above_good,9,105,,-1,0.5574
above_good,9,110,,-1,0.57
above_good,9,115,,-1,0.5669
above_good,9,120,,-1,0.5515
above_good,9,125,,-1,0.5423
above_good,9,130,,-1,0.5335
above_good,9,135,,-1,0.5115
above_good,9,140,,-1,0.5057
above_good,9,145,,-1,0.5091
above_good,9,150,,-1,0.5029
above_good,9,155,,-1,0.504
above_good,9,160,,-1,0.5075
above_good,9,165,,-1,0.5016
above_good,9,170,,-1,0.4834
above_good,9,175,,-1,0.4701
above_good,9,180,,-1,0.4528
above_good,9,185,,-1,0.4403
above_good,9,190,,-1,0.4395
above_good,9,195,,-1,0.4439
above_good,9,200,,-1,0.4547
above_good,9,205,,-1,0.469
above_good,9,210,,-1,0.4775
above_good,9,215,,-1,0.4835
above_good,9,220,,-1,0.4981
above_good,9,225,,-1,0.5111
above_good,9,230,,-1,0.5222
above_good,9,235,,-1,0.5235
above_good,9,240,,-1,0.5172
above_good,9,245,,-1,0.5069
above_good,9,250,,-1,0.5005
above_good,9,255,,-1,0.4812
above_good,9,260,,-1,0.474
above_good,9,265,,-1,0.4844
above_good,9,270,,-1,0.4833
above_good,9,275,,-1,0.487
above_good,9,280,,-1,0.5
above_good,9,285,,-1,0.5057
above_good,9,290,,-1,0.4747
above_good,9,295,,-1,0.4532
above_good,9,300,,-1,0.4287
above_good,9,305,,-1,0.4132
above_good,9,310,,-1,0.3854
above_good,9,315,,-1,0.3647
above_good,9,320,,-1,0.3462
above_good,9,325,,-1,0.3618
above_good,9,330,,-1,0.3268
above_good,9,335,,-1,0.3133
above_good,9,340,,-1,0.3074
above_good,9,345,,-1,0.3147
above_good,9,350,,-1,0.2845
above_good,9,355,,-1,0.289
above_good,9,360,,-1,0.2843
above_good,9,365,,-1,0.2976
above_good,9,370,,-1,0.2861
above_good,9,375,,-1,0.2754
above_good,9,380,,-1,0.2757
above_good,9,385,,-1,0.2772
above_good,9,390,,-1,0.2658
above_good,9,395,,-1,0.2737
above_good,9,400,,-1,0.2779
above_good,9,405,,-1,0.2827
above_good,9,410,,-1,0.2889
above_good,9,415,,-1,0.3
above_good,9,420,,-1,0.3064
above_good,9,425,,-1,0.3026
above_good,9,430,,-1,0.3104
above_good,9,435,,-1,0.3188
above_good,9,440,,-1,0.326
above_good,9,445,,-1,0.3466
above_good,9,450,,-1,0.3432
above_good,9,455,,-1,0.3235
above_good,9,460,,-1,0.3055
above_good,9,465,,-1,0.2928
above_good,9,470,,-1,0.2829
above_good,9,475,,-1,0.284
above_good,9,480,,-1,0.2705
above_good,9,485,,-1,0.2989
above_good,9,490,,-1,0.3154
above_good,9,495,,-1,0.3018
above_good,9,500,,-1,0.3417
above_good,9,505,,-1,0.3835
above_good,9,510,,-1,0.4022
above_good,9,515,,-1,0.3971
above_good,9,520,,-1,0.4108
above_good,9,525,,-1,0.3878
above_good,9,530,,-1,0.3819
above_good,9,535,,-1,0.3732
above_good,9,540,,-1,0.3868
above_good,9,545,,-1,0.4104
above_good,9,550,,-1,0.4361
above_good,9,555,,-1,0.453
above_good,9,560,,-1,0.4582
above_good,12,0,-300,1,0.5189
above_good,12,5,-295,1,0.5203
above_good,12,10,-290,1,0.5262
above_good,12,15,-285,1,0.53
above_good,12,20,-280,1,0.5246
above_good,12,25,-275,1,0.5329
above_good,12,30,-270,1,0.5288
above_good,12,35,-265,1,0.5239
above_good,12,40,-260,1,0.5175
above_good,12,45,-255,1,0.5363
above_good,12,50,-250,1,0.519
above_good,12,55,-245,1,0.526
above_good,12,60,-240,1,0.5272
above_good,12,65,-235,1,0.5398
above_good,12,70,-230,1,0.5353
above_good,12,75,-225,1,0.5504
above_good,12,80,-220,1,0.5481
above_good,12,85,-215,1,0.5479
above_good,12,90,-210,1,0.5363
above_good,12,95,-205,1,0.5356
above_good,12,100,-200,1,0.5265
above_good,12,105,-195,1,0.5201
above_good,12,110,-190,1,0.5182
above_good,12,115,-185,1,0.5194
above_good,12,120,-180,1,0.5071
above_good,12,125,-175,1,0.5064
above_good,12,130,-170,1,0.5108
above_good,12,135,-165,1,0.5037
above_good,12,140,-160,1,0.497
above_good,12,145,-155,1,0.5066
above_good,12,150,-150,1,0.5035
above_good,12,155,-145,1,0.5105
above_good,12,160,-140,1,0.5206
above_good,12,165,-135,1,0.5252
above_good,12,170,-130,1,0.5209
above_good,12,175,-125,1,0.5228
above_good,12,180,-120,1,0.5202
above_good,12,185,-115,1,0.5217
above_good,12,190,-110,1,0.5276
above_good,12,195,-105,1,0.5278
above_good,12,200,-100,1,0.5335
above_good,12,205,-95,1,0.5281
above_good,12,210,-90,1,0.5154
above_good,12,215,-85,1,0.5068
above_good,12,220,-80,1,0.5015
above_good,12,225,-75,1,0.4867
above_good,12,230,-70,1,0.4843
above_good,12,235,-65,1,0.4963
above_good,12,240,-60,1,0.5052
above_good,12,245,-55,1,0.5108
above_good,12,250,-50,1,0.5163
above_good,12,255,-45,1,0.5247
above_good,12,260,-40,1,0.5283
above_good,12,265,-35,1,0.5276
above_good,12,270,-30,1,0.532
above_good,12,275,-25,1,0.5485
above_good,12,280,-20,1,0.5555
above_good,12,285,-15,1,0.5692
above_good,12,290,-10,1,0.5837
above_good,12,295,-5,1,0.5943
above_good,12,300,0,1,0.5982
above_good,12,305,5,1,0.5903
above_good,12,310,10,1,0.5709
above_good,12,315,15,1,0.5663
above_good,12,320,20,1,0.558
above_good,12,325,25,1,0.5467
above_good,13,0,-314,1,0.5185
above_good,13,5,-309,1,0.52
above_good,13,10,-304,1,0.5256
above_good,13,15,-299,1,0.543
above_good,13,20,-294,1,0.544
above_good,13,25,-289,1,0.5475
above_good,13,30,-284,1,0.5532
above_good,13,35,-279,1,0.5489
above_good,13,40,-274,1,0.5258
above_good,13,45,-269,1,0.524
above_good,13,50,-264,1,0.5209
above_good,13,55,-259,1,0.5162
above_good,13,60,-254,1,0.5228
above_good,13,65,-249,1,0.5392
above_good,13,70,-244,1,0.5471
above_good,13,75,-239,1,0.557
above_good,13,80,-234,1,0.5768
above_good,13,85,-229,1,0.5809
above_good,13,90,-224,1,0.574
above_good,13,95,-219,1,0.576
above_good,13,100,-214,1,0.5665
above_good,13,105,-209,1,0.547
above_good,13,110,-204,1,0.5416
above_good,13,115,-199,1,0.549
above_good,13,120,-194,1,0.5484
above_good,13,125,-189,1,0.5367
above_good,13,130,-184,1,0.5431
above_good,13,135,-179,1,0.5431
above_good,13,140,-174,1,0.5419
above_good,13,145,-169,1,0.5468
above_good,13,150,-164,1,0.5648
above_good,13,155,-159,1,0.5627
above_good,13,160,-154,1,0.5678
above_good,13,165,-149,1,0.5641
above_good,13,170,-144,1,0.5661
above_good,13,175,-139,1,0.5669
above_good,13,180,-134,1,0.5718
above_good,13,185,-129,1,0.5651
above_good,13,190,-124,1,0.5646
above_good,13,195,-119,1,0.5516
above_good,13,200,-114,1,0.5411
above_good,13,205,-109,1,0.5378
above_good,13,210,-104,1,0.5341
above_good,13,215,-99,1,0.5227
above_good,13,220,-94,1,0.5188
above_good,13,225,-89,1,0.5257
above_good,13,230,-84,1,0.5204
above_good,13,235,-79,1,0.5225
above_good,13,240,-74,1,0.525
above_good,13,245,-69,1,0.533
above_good,13,250,-64,1,0.5293
above_good,13,255,-59,1,0.5309
above_good,13,260,-54,1,0.5292
above_good,13,265,-49,1,0.5313
above_good,13,270,-44,1,0.539
above_good,13,275,-39,1,0.5513
above_good,13,280,-34,1,0.5516
above_good,13,285,-29,1,0.5546
above_good,13,290,-24,1,0.5651
above_good,13,295,-19,1,0.5693
above_good,13,300,-14,1,0.5618
above_good,13,305,-9,1,0.5737
above_good,13,310,-4,1,0.5815
above_good,13,315,1,1,0.5857
above_good,13,320,6,1,0.5784
above_good,15,0,,1,0.5281
above_good,15,5,,1,0.5239
above_good,15,10,,1,0.5364
above_good,15,15,,1,0.5447
above_good,15,20,,1,0.5465
above_good,15,25,,1,0.549
above_good,15,30,,1,0.5551
above_good,15,35,,1,0.5381
above_good,15,40,,1,0.5264
above_good,15,45,,1,0.5258
above_good,15,50,,1,0.5256
above_good,15,55,,1,0.5244
above_good,15,60,,1,0.5348
above_good,15,65,,1,0.5486
above_good,15,70,,1,0.5469
above_good,15,75,,1,0.5474
above_good,15,80,,1,0.5497
above_good,15,85,,1,0.5467
above_good,15,90,,1,0.5361
above_good,15,95,,1,0.5379
above_good,15,100,,1,0.5343
above_good,15,105,,1,0.5251
above_good,15,110,,1,0.52
above_good,15,115,,1,0.5212
above_good,15,120,,1,0.5192
above_good,15,125,,1,0.5215
above_good,15,130,,1,0.5247
above_good,15,135,,1,0.5288
above_good,15,140,,1,0.527
above_good,15,145,,1,0.5321
above_good,15,150,,1,0.5362
above_good,15,155,,1,0.5346
above_good,15,160,,1,0.5259
above_good,15,165,,1,0.5323
above_good,15,170,,1,0.5302
above_good,15,175,,1,0.5285
above_good,15,180,,1,0.5337
above_good,15,185,,1,0.5378
above_good,15,190,,1,0.512
above_good,15,195,,1,0.5087
above_good,15,200,,1,0.514
above_good,15,205,,1,0.5077
above_good,15,210,,1,0.5099
above_good,15,215,,1,0.5286
above_good,15,220,,1,0.5316
above_good,15,225,,1,0.5227
above_good,15,230,,1,0.5176
above_good,15,235,,1,0.5145
above_good,15,240,,1,0.5216
above_good,15,245,,1,0.5172
above_good,15,250,,1,0.5217
above_good,15,255,,1,0.5336
above_good,15,260,,1,0.557
above_good,15,265,,1,0.5611
above_good,15,270,,1,0.5623
above_good,15,275,,1,0.5672
above_good,15,280,,1,0.5625
above_good,15,285,,1,0.5201
above_good,15,290,,1,0.5042
above_good,15,295,,1,0.4976
above_good,15,300,,1,0.4808
above_good,15,305,,1,0.4777
above_good,15,310,,1,0.5034
above_good,15,315,,1,0.5018
above_good,15,320,,1,0.5122
above_good,15,325,,1,0.5276
above_good,15,330,,1,0.5281
above_good,15,335,,1,0.5218
above_good,15,340,,1,0.5315
above_good,15,345,,1,0.5419
above_good,15,350,,1,0.54
above_good,15,355,,1,0.5481
above_good,15,360,,1,0.5581
above_good,15,365,,1,0.5622
above_good,15,370,,1,0.5481
above_good,16,0,-314,1,0.5118
above_good,16,5,-309,1,0.5061
above_good,16,10,-304,1,0.5097
above_good,16,15,-299,1,0.5216
above_good,16,20,-294,1,0.5231
above_good,16,25,-289,1,0.5257
above_good,16,30,-284,1,0.5385
above_good,16,35,-279,1,0.5441
above_good,16,40,-274,1,0.5368
above_good,16,45,-269,1,0.5347
above_good,16,50,-264,1,0.5349
above_good,16,55,-259,1,0.5192
above_good,16,60,-254,1,0.5165
above_good,16,65,-249,1,0.5101
above_good,16,70,-244,1,0.5049
above_good,16,75,-239,1,0.4991
above_good,16,80,-234,1,0.5202
above_good,16,85,-229,1,0.504
above_good,16,90,-224,1,0.5129
above_good,16,95,-219,1,0.5232
above_good,16,100,-214,1,0.53
above_good,16,105,-209,1,0.5221
above_good,16,110,-204,1,0.5398
above_good,16,115,-199,1,0.5386
above_good,16,120,-194,1,0.5439
above_good,16,125,-189,1,0.5456
above_good,16,130,-184,1,0.5396
above_good,16,135,-179,1,0.537
above_good,16,140,-174,1,0.5281
above_good,16,145,-169,1,0.5174
above_good,16,150,-164,1,0.5059
above_good,16,155,-159,1,0.5035
above_good,16,160,-154,1,0.5025
above_good,16,165,-149,1,0.5059
above_good,16,170,-144,1,0.5118
above_good,16,175,-139,1,0.5212
above_good,16,180,-134,1,0.5228
above_good,16,185,-129,1,0.5144
above_good,16,190,-124,1,0.5118
above_good,16,195,-119,1,0.5085
above_good,16,200,-114,1,0.51
above_good,16,205,-109,1,0.523
above_good,16,210,-104,1,0.5302
above_good,16,215,-99,1,0.5398
above_good,16,220,-94,1,0.5361
above_good,16,225,-89,1,0.5332
above_good,16,230,-84,1,0.5258
above_good,16,235,-79,1,0.5214
above_good,16,240,-74,1,0.5136
above_good,16,245,-69,1,0.5193
above_good,16,250,-64,1,0.5157
above_good,16,255,-59,1,0.5153
above_good,16,260,-54,1,0.5101
above_good,16,265,-49,1,0.5143
above_good,16,270,-44,1,0.5125
above_good,16,275,-39,1,0.5111
above_good,16,280,-34,1,0.5002
above_good,16,285,-29,1,0.503
above_good,16,290,-24,1,0.4991
above_good,16,295,-19,1,0.5054
above_good,16,300,-14,1,0.5158
above_good,16,305,-9,1,0.534
above_good,16,310,-4,1,0.5484
above_good,16,315,1,1,0.5376
above_good,16,320,6,1,0.507
above_good,16,325,11,1,0.4804
above_good,16,330,16,1,0.4554
above_good,16,335,21,1,0.4377
above_good,16,340,26,1,0.4333
above_good,16,345,31,1,0.4446
above_good,18,0,,-1,0.4857
above_good,18,5,,-1,0.4942
above_good,18,10,,-1,0.4998
above_good,18,15,,-1,0.5001
above_good,18,20,,-1,0.5183
above_good,18,25,,-1,0.5162
above_good,18,30,,-1,0.5181
above_good,18,35,,-1,0.5223
above_good,18,40,,-1,0.5317
above_good,18,45,,-1,0.5344
above_good,18,50,,-1,0.5387
above_good,18,55,,-1,0.5445
above_good,18,60,,-1,0.5475
above_good,18,65,,-1,0.5526
above_good,18,70,,-1,0.5536
above_good,18,75,,-1,0.5527
above_good,18,80,,-1,0.5526
above_good,18,85,,-1,0.5494
above_good,18,90,,-1,0.5365
above_good,18,95,,-1,0.533
above_good,18,100,,-1,0.5373
above_good,18,105,,-1,0.5359
above_good,18,110,,-1,0.5358
above_good,18,115,,-1,0.5379
above_good,18,120,,-1,0.5409
above_good,18,125,,-1,0.5313
above_good,18,130,,-1,0.5207
above_good,18,135,,-1,0.5184
above_good,18,140,,-1,0.5271
above_good,18,145,,-1,0.5202
above_good,18,150,,-1,0.5058
above_good,18,155,,-1,0.5083
above_good,18,160,,-1,0.4985
above_good,18,165,,-1,0.484
above_good,18,170,,-1,0.4839
above_good,18,175,,-1,0.482
above_good,18,180,,-1,0.4567
above_good,18,185,,-1,0.443
above_good,18,190,,-1,0.4453
above_good,18,195,,-1,0.4273
above_good,18,200,,-1,0.4327
above_good,18,205,,-1,0.4522
above_good,18,210,,-1,0.4636
above_good,18,215,,-1,0.4539
above_good,18,220,,-1,0.4591
above_good,18,225,,-1,0.4496
above_good,18,230,,-1,0.4316
above_good,18,235,,-1,0.4197
above_good,18,240,,-1,0.4308
above_good,18,245,,-1,0.4386
above_good,18,250,,-1,0.4494
above_good,18,255,,-1,0.4644
above_good,18,260,,-1,0.4759
above_good,18,265,,-1,0.4723
above_good,18,270,,-1,0.4701
above_good,18,275,,-1,0.4636
above_good,18,280,,-1,0.456
above_good,18,285,,-1,0.4588
above_good,18,290,,-1,0.4535
above_good,18,295,,-1,0.4662
above_good,18,300,,-1,0.4785
above_good,18,305,,-1,0.4858
above_good,18,310,,-1,0.4934
above_good,18,315,,-1,0.5028
above_good,18,320,,-1,0.5053
above_good,18,325,,-1,0.5056
above_good,18,330,,-1,0.4988
above_good,18,335,,-1,0.4805
above_good,18,340,,-1,0.4673
above_good,18,345,,-1,0.4441
above_good,18,350,,-1,0.4304
above_good,18,355,,-1,0.4386
above_good,18,360,,-1,0.4532
above_good,18,365,,-1,0.468
above_good,18,370,,-1,0.4761
above_good,18,375,,-1,0.4765
above_good,18,380,,-1,0.4691
above_good,18,385,,-1,0.4573
above_good,18,390,,-1,0.4215
above_good,18,395,,-1,0.4084
above_good,18,400,,-1,0.3905
above_good,18,405,,-1,0.3709
above_good,18,410,,-1,0.3441
above_good,18,415,,-1,0.3368
above_good,18,420,,-1,0.351
above_good,18,425,,-1,0.3492
above_good,18,430,,-1,0.366
above_good,18,435,,-1,0.4037
above_good,18,440,,-1,0.4442
above_good,18,445,,-1,0.449
above_good,18,450,,-1,0.4774
above_good,18,455,,-1,0.4958
above_good,19,0,,1,0.5349
above_good,19,5,,1,0.5334
above_good,19,10,,1,0.5304
above_good,19,15,,1,0.5301
above_good,19,20,,1,0.5292
above_good,19,25,,1,0.5339
above_good,19,30,,1,0.5399
above_good,19,35,,1,0.5554
above_good,19,40,,1,0.5607
above_good,19,45,,1,0.5589
above_good,19,50,,1,0.5596
above_good,19,55,,1,0.5504
above_good,19,60,,1,0.5435
above_good,19,65,,1,0.5466
above_good,19,70,,1,0.5441
above_good,19,75,,1,0.5435
above_good,19,80,,1,0.5466
above_good,19,85,,1,0.5438
above_good,19,90,,1,0.5448
above_good,19,95,,1,0.53
above_good,19,100,,1,0.5305
above_good,19,105,,1,0.527
above_good,19,110,,1,0.5217
above_good,19,115,,1,0.5081
above_good,19,120,,1,0.5197
above_good,19,125,,1,0.5171
above_good,19,130,,1,0.5217
above_good,19,135,,1,0.5091
above_good,19,140,,1,0.5041
above_good,19,145,,1,0.5091
above_good,19,150,,1,0.5092
above_good,19,155,,1,0.4928
above_good,19,160,,1,0.4844
above_good,19,165,,1,0.4844
above_good,19,170,,1,0.4725
above_good,19,175,,1,0.4639
above_good,19,180,,1,0.4682
above_good,19,185,,1,0.4766
above_good,19,190,,1,0.443
above_good,19,195,,1,0.4127
above_good,19,200,,1,0.3913
above_good,19,205,,1,0.3949
above_good,19,210,,1,0.3964
above_good,19,215,,1,0.4297
above_good,19,220,,1,0.4579
above_good,19,225,,1,0.4757
above_good,19,230,,1,0.4755
above_good,19,235,,1,0.4756
above_good,19,240,,1,0.4748
above_good,19,245,,1,0.4827
above_good,19,250,,1,0.4898
above_good,19,255,,1,0.4925
above_good,19,260,,1,0.5007
above_good,19,265,,1,0.4995
above_good,19,270,,1,0.5015
above_good,19,275,,1,0.503
above_good,19,280,,1,0.5041
above_good,19,285,,1,0.5039
above_good,19,290,,1,0.5082
above_good,19,295,,1,0.5134
above_good,19,300,,1,0.5028
above_good,19,305,,1,0.4948
above_good,19,310,,1,0.4915
above_good,19,315,,1,0.4952
above_good,19,320,,1,0.4963
above_good,19,325,,1,0.5052
above_good,19,330,,1,0.5201
above_good,19,335,,1,0.5195
above_good,19,340,,1,0.5178
above_good,19,345,,1,0.5123
above_good,19,350,,1,0.5124
above_good,19,355,,1,0.5015
above_good,19,360,,1,0.5044
above_good,19,365,,1,0.5194
above_good,19,370,,1,0.5253
above_good,19,375,,1,0.529
above_good,19,380,,1,0.5306
above_good,19,385,,1,0.5346
above_good,19,390,,1,0.5283
above_good,19,395,,1,0.5297
above_good,19,400,,1,0.5218
above_good,19,405,,1,0.5294
above_good,19,410,,1,0.5233
above_good,19,415,,1,0.506
above_good,19,420,,1,0.4991
above_good,19,425,,1,0.5059
above_good,19,430,,1,0.4924
above_good,19,435,,1,0.4936
above_good,19,440,,1,0.5045
above_good,19,445,,1,0.5105
above_good,19,450,,1,0.5048
above_good,19,455,,1,0.5047
above_good,19,460,,1,0.5191
above_good,19,465,,1,0.5356
above_good,19,470,,1,0.5426
above_good,19,475,,1,0.5564
above_good,19,480,,1,0.5759
above_good,19,485,,1,0.5742
above_good,19,490,,1,0.5618
above_good,19,495,,1,0.5569
above_good,19,500,,1,0.559
above_good,19,505,,1,0.5608
above_good,19,510,,1,0.5676
above_good,19,515,,1,0.56
above_good,19,520,,1,0.5592
above_good,19,525,,1,0.5523
above_good,19,530,,1,0.5469
above_good,19,535,,1,0.5362
above_good,19,540,,1,0.5488
above_good,19,545,,1,0.5491
above_good,19,550,,1,0.5528
above_good,20,0,-312,1,0.5308
above_good,20,5,-307,1,0.5338
above_good,20,10,-302,1,0.5361
above_good,20,15,-297,1,0.5435
above_good,20,20,-292,1,0.5369
above_good,20,25,-287,1,0.5454
above_good,20,30,-282,1,0.5526
above_good,20,35,-277,1,0.5516
above_good,20,40,-272,1,0.5352
above_good,20,45,-267,1,0.5369
above_good,20,50,-262,1,0.5375
above_good,20,55,-257,1,0.5244
above_good,20,60,-252,1,0.5273
above_good,20,65,-247,1,0.5405
above_good,20,70,-242,1,0.5559
above_good,20,75,-237,1,0.5599
above_good,20,80,-232,1,0.5736
above_good,20,85,-227,1,0.5826
above_good,20,90,-222,1,0.5956
above_good,20,95,-217,1,0.6009
above_good,20,100,-212,1,0.5968
above_good,20,105,-207,1,0.5819
above_good,20,110,-202,1,0.5668
above_good,20,115,-197,1,0.5468
above_good,20,120,-192,1,0.5258
above_good,20,125,-187,1,0.5204
above_good,20,130,-182,1,0.5305
above_good,20,135,-177,1,0.5286
above_good,20,140,-172,1,0.5301
above_good,20,145,-167,1,0.5311
above_good,20,150,-162,1,0.5343
above_good,20,155,-157,1,0.5285
above_good,20,160,-152,1,0.5347
above_good,20,165,-147,1,0.5348
above_good,20,170,-142,1,0.5385
above_good,20,175,-137,1,0.5374
above_good,20,180,-132,1,0.5383
above_good,20,185,-127,1,0.527
above_good,20,190,-122,1,0.5288
above_good,20,195,-117,1,0.524
above_good,20,200,-112,1,0.5252
above_good,20,205,-107,1,0.523
above_good,20,210,-102,1,0.5358
above_good,20,215,-97,1,0.5304
above_good,20,220,-92,1,0.5215
above_good,20,225,-87,1,0.5104
above_good,20,230,-82,1,0.5031
above_good,20,235,-77,1,0.4939
above_good,20,240,-72,1,0.5008
above_good,20,245,-67,1,0.5141
above_good,20,250,-62,1,0.5294
above_good,20,255,-57,1,0.5512
above_good,20,260,-52,1,0.5581
above_good,20,265,-47,1,0.5648
above_good,20,270,-42,1,0.5662
above_good,20,275,-37,1,0.5767
above_good,20,280,-32,1,0.5695
above_good,20,285,-27,1,0.5821
above_good,20,290,-22,1,0.5872
above_good,20,295,-17,1,0.6019
above_good,20,300,-12,1,0.6083
above_good,20,305,-7,1,0.6222
above_good,20,310,-2,1,0.6277
above_good,21,0,,1,0.5241
above_good,21,5,,1,0.5249
above_good,21,10,,1,0.5283
above_good,21,15,,1,0.5238
above_good,21,20,,1,0.5305
above_good,21,25,,1,0.5326
above_good,21,30,,1,0.5325
above_good,21,35,,1,0.528
above_good,21,40,,1,0.5335
above_good,21,45,,1,0.5334
above_good,21,50,,1,0.5343
above_good,21,55,,1,0.5402
above_good,21,60,,1,0.5404
above_good,21,65,,1,0.5462
above_good,21,70,,1,0.5498
above_good,21,75,,1,0.5473
above_good,21,80,,1,0.547
above_good,21,85,,1,0.547
above_good,21,90,,1,0.5399
above_good,21,95,,1,0.5286
above_good,21,100,,1,0.5267
above_good,21,105,,1,0.5173
above_good,21,110,,1,0.516
above_good,21,115,,1,0.5171
above_good,21,120,,1,0.5258
above_good,21,125,,1,0.5389
above_good,21,130,,1,0.5391
above_good,21,135,,1,0.5357
above_good,21,140,,1,0.5467
above_good,21,145,,1,0.5413
above_good,21,150,,1,0.5295
above_good,21,155,,1,0.5333
above_good,21,160,,1,0.5357
above_good,21,165,,1,0.5188
above_good,21,170,,1,0.5148
above_good,21,175,,1,0.5195
above_good,21,180,,1,0.5159
above_good,21,185,,1,0.5177
above_good,21,190,,1,0.5212
above_good,21,195,,1,0.518
above_good,21,200,,1,0.5131
above_good,21,205,,1,0.5115
above_good,21,210,,1,0.5093
above_good,21,215,,1,0.5044
above_good,21,220,,1,0.5078
above_good,21,225,,1,0.5079
above_good,21,230,,1,0.5059
above_good,21,235,,1,0.495
above_good,21,240,,1,0.4894
above_good,21,245,,1,0.4861
above_good,21,250,,1,0.4809
above_good,21,255,,1,0.4844
above_good,21,260,,1,0.4973
above_good,21,265,,1,0.5018
above_good,21,270,,1,0.5081
above_good,21,275,,1,0.5171
above_good,21,280,,1,0.5071
above_good,21,285,,1,0.4981
above_good,21,290,,1,0.4943
above_good,21,295,,1,0.4948
above_good,21,300,,1,0.4889
above_good,21,305,,1,0.4978
above_good,21,310,,1,0.5055
above_good,21,315,,1,0.5151
above_good,21,320,,1,0.5059
above_good,21,325,,1,0.501
above_good,21,330,,1,0.497
above_good,21,335,,1,0.4991
above_good,21,340,,1,0.4891
above_good,21,345,,1,0.4968
above_good,21,350,,1,0.5029
above_good,21,355,,1,0.5027
above_good,21,360,,1,0.4909
above_good,21,365,,1,0.4926
above_good,21,370,,1,0.4775
above_good,21,375,,1,0.4716
above_good,21,380,,1,0.469
above_good,21,385,,1,0.4775
above_good,21,390,,1,0.4832
above_good,21,395,,1,0.4961
above_good,21,400,,1,0.4916
above_good,21,405,,1,0.4892
above_good,21,410,,1,0.4623
above_good,21,415,,1,0.4655
above_good,21,420,,1,0.4695
above_good,21,425,,1,0.4614
above_good,21,430,,1,0.459
above_good,21,435,,1,0.4774
above_good,21,440,,1,0.4688
above_good,21,445,,1,0.4595
above_good,21,450,,1,0.4726
above_good,21,455,,1,0.4793
above_good,21,460,,1,0.4676
above_good,21,465,,1,0.4529
above_good,21,470,,1,0.4405
above_good,21,475,,1,0.4344
above_good,21,480,,1,0.4306
above_good,21,485,,1,0.4377
above_good,21,490,,1,0.4474
above_good,23,0,-330,1,0.5399
above_good,23,5,-325,1,0.5376
above_good,23,10,-320,1,0.5357
above_good,23,15,-315,1,0.5315
above_good,23,20,-310,1,0.536
above_good,23,25,-305,1,0.5466
above_good,23,30,-300,1,0.5504
above_good,23,35,-295,1,0.5478
above_good,23,40,-290,1,0.5469
above_good,23,45,-285,1,0.5445
above_good,23,50,-280,1,0.5385
above_good,23,55,-275,1,0.5377
above_good,23,60,-270,1,0.5452
above_good,23,65,-265,1,0.5454
above_good,23,70,-260,1,0.5467
above_good,23,75,-255,1,0.5486
above_good,23,80,-250,1,0.5408
above_good,23,85,-245,1,0.5408
above_good,23,90,-240,1,0.5332
above_good,23,95,-235,1,0.5177
above_good,23,100,-230,1,0.5135
above_good,23,105,-225,1,0.5179
above_good,23,110,-220,1,0.5117
above_good,23,115,-215,1,0.5257
above_good,23,120,-210,1,0.5387
above_good,23,125,-205,1,0.5406
above_good,23,130,-200,1,0.5449
above_good,23,135,-195,1,0.5539
above_good,23,140,-190,1,0.5638
above_good,23,145,-185,1,0.5528
above_good,23,150,-180,1,0.5436
above_good,23,155,-175,1,0.5297
above_good,23,160,-170,1,0.5187
above_good,23,165,-165,1,0.5056
above_good,23,170,-160,1,0.5009
above_good,23,175,-155,1,0.5074
above_good,23,180,-150,1,0.51
above_good,23,185,-145,1,0.5074
above_good,23,190,-140,1,0.4981
above_good,23,195,-135,1,0.496
above_good,23,200,-130,1,0.4891
above_good,23,205,-125,1,0.502
above_good,23,210,-120,1,0.5133
above_good,23,215,-115,1,0.5198
above_good,23,220,-110,1,0.5269
above_good,23,225,-105,1,0.5302
above_good,23,230,-100,1,0.5243
above_good,23,235,-95,1,0.5106
above_good,23,240,-90,1,0.519
above_good,23,245,-85,1,0.5187
above_good,23,250,-80,1,0.5153
above_good,23,255,-75,1,0.5141
above_good,23,260,-70,1,0.5203
above_good,23,265,-65,1,0.5139
above_good,23,270,-60,1,0.5245
above_good,23,275,-55,1,0.5388
above_good,23,280,-50,1,0.5466
above_good,23,285,-45,1,0.5601
above_good,23,290,-40,1,0.5605
above_good,23,295,-35,1,0.5544
above_good,23,300,-30,1,0.5544
above_good,23,305,-25,1,0.5441
above_good,23,310,-20,1,0.5489
above_good,23,315,-15,1,0.5592
above_good,23,320,-10,1,0.5769
above_good,23,325,-5,1,0.5791
above_good,23,330,0,1,0.6033
above_good,25,0,,1,0.5289
above_good,25,5,,1,0.5203
above_good,25,10,,1,0.526
above_good,25,15,,1,0.5322
above_good,25,20,,1,0.5359
above_good,25,25,,1,0.5474
above_good,25,30,,1,0.5583
above_good,25,35,,1,0.5543
above_good,25,40,,1,0.5487
above_good,25,45,,1,0.547
above_good,25,50,,1,0.5346
above_good,25,55,,1,0.5415
above_good,25,60,,1,0.5346
above_good,25,65,,1,0.5369
above_good,25,70,,1,0.5377
above_good,25,75,,1,0.5439
above_good,25,80,,1,0.5297
above_good,25,85,,1,0.5341
above_good,25,90,,1,0.5263
above_good,25,95,,1,0.5159
above_good,25,100,,1,0.5076
above_good,25,105,,1,0.5042
above_good,25,110,,1,0.4885
above_good,25,115,,1,0.4828
above_good,25,120,,1,0.4805
above_good,25,125,,1,0.4641
above_good,25,130,,1,0.4711
above_good,25,135,,1,0.4864
above_good,25,140,,1,0.4908
above_good,25,145,,1,0.4946
above_good,25,150,,1,0.5111
above_good,25,155,,1,0.5043
above_good,25,160,,1,0.5129
above_good,25,165,,1,0.5157
above_good,25,170,,1,0.5135
above_good,25,175,,1,0.5187
above_good,25,180,,1,0.5328
above_good,25,185,,1,0.5226
above_good,25,190,,1,0.524
above_good,25,195,,1,0.5382
above_good,25,200,,1,0.5447
above_good,25,205,,1,0.5405
above_good,25,210,,1,0.5439
above_good,25,215,,1,0.5345
above_good,25,220,,1,0.5259
above_good,25,225,,1,0.5075
above_good,25,230,,1,0.4945
above_good,25,235,,1,0.4884
above_good,25,240,,1,0.4898
above_good,25,245,,1,0.4791
above_good,25,250,,1,0.485
above_good,25,255,,1,0.4877
above_good,25,260,,1,0.4921
above_good,25,265,,1,0.4958
above_good,25,270,,1,0.5041
above_good,25,275,,1,0.5088
above_good,25,280,,1,0.5142
above_good,25,285,,1,0.516
above_good,25,290,,1,0.5193
above_good,25,295,,1,0.5243
above_good,25,300,,1,0.5268
above_good,25,305,,1,0.5291
above_good,25,310,,1,0.5337
above_good,25,315,,1,0.5397
above_good,25,320,,1,0.5383
above_good,25,325,,1,0.5343
above_good,25,330,,1,0.5324
above_good,25,335,,1,0.5285
above_good,25,340,,1,0.5201
above_good,25,345,,1,0.5092
above_good,25,350,,1,0.5095
above_good,25,355,,1,0.5015
above_good,25,360,,1,0.4968
above_good,25,365,,1,0.5012
above_good,25,370,,1,0.5236
above_good,25,375,,1,0.5303
above_good,25,380,,1,0.54
above_good,25,385,,1,0.5557
above_good,25,390,,1,0.5663
above_good,25,395,,1,0.5528
above_good,25,400,,1,0.5406
above_good,25,405,,1,0.5284
above_good,25,410,,1,0.5073
above_good,25,415,,1,0.4948
above_good,25,420,,1,0.4992
above_good,25,425,,1,0.5079
above_good,25,430,,1,0.5206
above_good,25,435,,1,0.5244
above_good,25,440,,1,0.5215
above_good,25,445,,1,0.516
above_good,25,450,,1,0.5175
above_good,25,455,,1,0.5226
above_good,25,460,,1,0.5322
above_good,25,465,,1,0.5288
above_good,25,470,,1,0.5307
above_good,25,475,,1,0.5267
above_good,25,480,,1,0.5148
above_good,26,0,-396,1,0.5288
above_good,26,5,-391,1,0.5304
above_good,26,10,-386,1,0.5292
above_good,26,15,-381,1,0.5308
above_good,26,20,-376,1,0.5358
above_good,26,25,-371,1,0.5373
above_good,26,30,-366,1,0.5346
above_good,26,35,-361,1,0.5298
above_good,26,40,-356,1,0.5393
above_good,26,45,-351,1,0.5397
above_good,26,50,-346,1,0.5416
above_good,26,55,-341,1,0.549
above_good,26,60,-336,1,0.5588
above_good,26,65,-331,1,0.5557
above_good,26,70,-326,1,0.5591
above_good,26,75,-321,1,0.5576
above_good,26,80,-316,1,0.5472
above_good,26,85,-311,1,0.5468
above_good,26,90,-306,1,0.5482
above_good,26,95,-301,1,0.5433
above_good,26,100,-296,1,0.5502
above_good,26,105,-291,1,0.5568
above_good,26,110,-286,1,0.5584
above_good,26,115,-281,1,0.5558
above_good,26,120,-276,1,0.5556
above_good,26,125,-271,1,0.5431
above_good,26,130,-266,1,0.5432
above_good,26,135,-261,1,0.5373
above_good,26,140,-256,1,0.5266
above_good,26,145,-251,1,0.5188
above_good,26,150,-246,1,0.5152
above_good,26,155,-241,1,0.5084
above_good,26,160,-236,1,0.5051
above_good,26,165,-231,1,0.5029
above_good,26,170,-226,1,0.5034
above_good,26,175,-221,1,0.5131
above_good,26,180,-216,1,0.5189
above_good,26,185,-211,1,0.5246
above_good,26,190,-206,1,0.5251
above_good,26,195,-201,1,0.5294
above_good,26,200,-196,1,0.5201
above_good,26,205,-191,1,0.5066
above_good,26,210,-186,1,0.5073
above_good,26,215,-181,1,0.5127
above_good,26,220,-176,1,0.514
above_good,26,225,-171,1,0.5267
above_good,26,230,-166,1,0.5396
above_good,26,235,-161,1,0.5391
above_good,26,240,-156,1,0.5388
above_good,26,245,-151,1,0.5418
above_good,26,250,-146,1,0.5427
above_good,26,255,-141,1,0.5433
above_good,26,260,-136,1,0.546
above_good,26,265,-131,1,0.548
above_good,26,270,-126,1,0.5519
above_good,26,275,-121,1,0.5443
above_good,26,280,-116,1,0.5406
above_good,26,285,-111,1,0.544
above_good,26,290,-106,1,0.5477
above_good,26,295,-101,1,0.5384
above_good,26,300,-96,1,0.5327
above_good,26,305,-91,1,0.5228
above_good,26,310,-86,1,0.5094
above_good,26,315,-81,1,0.5015
above_good,26,320,-76,1,0.4972
above_good,26,325,-71,1,0.5007
above_good,26,330,-66,1,0.5065
above_good,26,335,-61,1,0.5197
above_good,26,340,-56,1,0.5198
above_good,26,345,-51,1,0.5226
above_good,26,350,-46,1,0.5355
above_good,26,355,-41,1,0.5368
above_good,26,360,-36,1,0.52
above_good,26,365,-31,1,0.5191
above_good,26,370,-26,1,0.5283
above_good,26,375,-21,1,0.5119
above_good,26,380,-16,1,0.5156
above_good,26,385,-11,1,0.5305
above_good,26,390,-6,1,0.5384
above_good,26,395,-1,1,0.5394
above_good,26,400,4,1,0.5353
above_good,26,405,9,1,0.5273
above_good,26,410,14,1,0.5206
above_good,26,415,19,1,0.5161
above_good,26,420,24,1,0.5002
above_good,26,425,29,1,0.5033
above_good,26,430,34,1,0.5122
above_good,26,435,39,1,0.509
above_good,26,440,44,1,0.5013
above_good,28,0,-297,1,0.5387
above_good,28,5,-292,1,0.5366
above_good,28,10,-287,1,0.5419
above_good,28,15,-282,1,0.536
above_good,28,20,-277,1,0.5283
above_good,28,25,-272,1,0.5358
above_good,28,30,-267,1,0.5412
above_good,28,35,-262,1,0.5369
above_good,28,40,-257,1,0.5409
above_good,28,45,-252,1,0.5453
above_good,28,50,-247,1,0.5402
above_good,28,55,-242,1,0.5389
above_good,28,60,-237,1,0.5489
above_good,28,65,-232,1,0.549
above_good,28,70,-227,1,0.5444
above_good,28,75,-222,1,0.5446
above_good,28,80,-217,1,0.5447
above_good,28,85,-212,1,0.5334
above_good,28,90,-207,1,0.5379
above_good,28,95,-202,1,0.5438
above_good,28,100,-197,1,0.5477
above_good,28,105,-192,1,0.5466
above_good,28,110,-187,1,0.5454
above_good,28,115,-182,1,0.5277
above_good,28,120,-177,1,0.5216
above_good,28,125,-172,1,0.5177
above_good,28,130,-167,1,0.5075
above_good,28,135,-162,1,0.5113
above_good,28,140,-157,1,0.5319
above_good,28,145,-152,1,0.5385
above_good,28,150,-147,1,0.5498
above_good,28,155,-142,1,0.5745
above_good,28,160,-137,1,0.5836
above_good,28,165,-132,1,0.5813
above_good,28,170,-127,1,0.5791
above_good,28,175,-122,1,0.565
above_good,28,180,-117,1,0.5493
above_good,28,185,-112,1,0.5447
above_good,28,190,-107,1,0.5293
above_good,28,195,-102,1,0.5284
above_good,28,200,-97,1,0.5356
above_good,28,205,-92,1,0.5309
above_good,28,210,-87,1,0.5141
above_good,28,215,-82,1,0.5235
above_good,28,220,-77,1,0.5229
above_good,28,225,-72,1,0.5244
above_good,28,230,-67,1,0.5332
above_good,28,235,-62,1,0.5455
above_good,28,240,-57,1,0.5498
above_good,28,245,-52,1,0.5705
above_good,28,250,-47,1,0.5727
above_good,28,255,-42,1,0.5752
above_good,28,260,-37,1,0.5804
above_good,28,265,-32,1,0.5813
above_good,28,270,-27,1,0.5743
above_good,28,275,-22,1,0.5848
above_good,28,280,-17,1,0.5899
above_good,28,285,-12,1,0.6026
above_good,28,290,-7,1,0.6075
above_good,28,295,-2,1,0.6089
above_good,28,300,3,1,0.6052
above_good,28,305,8,1,0.591
above_good,28,310,13,1,0.5727
above_good,28,315,18,1,0.5667
above_good,28,320,23,1,0.5563
above_good,28,325,28,1,0.5372
above_good,29,0,-294,1,0.5318
above_good,29,5,-289,1,0.5313
above_good,29,10,-284,1,0.53
above_good,29,15,-279,1,0.5314
above_good,29,20,-274,1,0.5271
above_good,29,25,-269,1,0.5351
above_good,29,30,-264,1,0.5385
above_good,29,35,-259,1,0.538
above_good,29,40,-254,1,0.5331
above_good,29,45,-249,1,0.5301
above_good,29,50,-244,1,0.5204
above_good,29,55,-239,1,0.5135
above_good,29,60,-234,1,0.5081
above_good,29,65,-229,1,0.5147
above_good,29,70,-224,1,0.5209
above_good,29,75,-219,1,0.5332
above_good,29,80,-214,1,0.5401
above_good,29,85,-209,1,0.5476
above_good,29,90,-204,1,0.5481
above_good,29,95,-199,1,0.5479
above_good,29,100,-194,1,0.5272
above_good,29,105,-189,1,0.5173
above_good,29,110,-184,1,0.5146
above_good,29,115,-179,1,0.5104
above_good,29,120,-174,1,0.5178
above_good,29,125,-169,1,0.5341
above_good,29,130,-164,1,0.5435
above_good,29,135,-159,1,0.556
above_good,29,140,-154,1,0.5581
above_good,29,145,-149,1,0.5558
above_good,29,150,-144,1,0.5356
above_good,29,155,-139,1,0.5256
above_good,29,160,-134,1,0.5082
above_good,29,165,-129,1,0.4962
above_good,29,170,-124,1,0.4728
above_good,29,175,-119,1,0.4803
above_good,29,180,-114,1,0.476
above_good,29,185,-109,1,0.4725
above_good,29,190,-104,1,0.4711
above_good,29,195,-99,1,0.4887
above_good,29,200,-94,1,0.5037
above_good,29,205,-89,1,0.5047
above_good,29,210,-84,1,0.5099
above_good,29,215,-79,1,0.5079
above_good,29,220,-74,1,0.5027
above_good,29,225,-69,1,0.492
above_good,29,230,-64,1,0.4946
above_good,29,235,-59,1,0.4938
above_good,29,240,-54,1,0.5153
above_good,29,245,-49,1,0.5177
above_good,29,250,-44,1,0.5142
above_good,29,255,-39,1,0.5335
above_good,29,260,-34,1,0.5516
above_good,29,265,-29,1,0.546
above_good,29,270,-24,1,0.554
above_good,29,275,-19,1,0.571
above_good,29,280,-14,1,0.572
above_good,29,285,-9,1,0.5658
above_good,29,290,-4,1,0.5727
above_good,29,295,1,1,0.5664
above_good,29,300,6,1,0.5521
above_good,29,305,11,1,0.5486
above_good,29,310,16,1,0.5469
above_good,29,315,21,1,0.529
above_good,29,320,26,1,0.5207
above_good,29,325,31,1,0.5101
above_good,29,330,36,1,0.4901
above_good,29,335,41,1,0.4797
above_good,29,340,46,1,0.4716
above_good,29,345,51,1,0.4667
above_good,29,350,56,1,0.4661
above_good,29,355,61,1,0.4621
above_good,29,360,66,1,0.4595
above_good,29,365,71,1,0.4585
above_good,29,370,76,1,0.4551
above_good,29,375,81,1,0.4599
above_good,29,380,86,1,0.461
above_good,29,385,91,1,0.4518
above_good,31,0,,1,0.5277
above_good,31,5,,1,0.5239
above_good,31,10,,1,0.5274
above_good,31,15,,1,0.5271
above_good,31,20,,1,0.5308
above_good,31,25,,1,0.5373
above_good,31,30,,1,0.5398
above_good,31,35,,1,0.5326
above_good,31,40,,1,0.5358
above_good,31,45,,1,0.527
above_good,31,50,,1,0.5307
above_good,31,55,,1,0.5303
above_good,31,60,,1,0.5412
above_good,31,65,,1,0.5426
above_good,31,70,,1,0.5491
above_good,31,75,,1,0.5516
above_good,31,80,,1,0.567
above_good,31,85,,1,0.5744
above_good,31,90,,1,0.5744
above_good,31,95,,1,0.5681
above_good,31,100,,1,0.5498
above_good,31,105,,1,0.5343
above_good,31,110,,1,0.5132
above_good,31,115,,1,0.5077
above_good,31,120,,1,0.5053
above_good,31,125,,1,0.5109
above_good,31,130,,1,0.5184
above_good,31,135,,1,0.5269
above_good,31,140,,1,0.5247
above_good,31,145,,1,0.5356
above_good,31,150,,1,0.5422
above_good,31,155,,1,0.5407
above_good,31,160,,1,0.5446
above_good,31,165,,1,0.5603
above_good,31,170,,1,0.5595
above_good,31,175,,1,0.5564
above_good,31,180,,1,0.5504
above_good,31,185,,1,0.5384
above_good,31,190,,1,0.5316
above_good,31,195,,1,0.5338
above_good,31,200,,1,0.5373
above_good,31,205,,1,0.5397
above_good,31,210,,1,0.5518
above_good,31,215,,1,0.5414
above_good,31,220,,1,0.5315
above_good,31,225,,1,0.5168
above_good,31,230,,1,0.5152
above_good,31,235,,1,0.5135
above_good,31,240,,1,0.5203
above_good,31,245,,1,0.5172
above_good,31,250,,1,0.5319
above_good,31,255,,1,0.5293
above_good,31,260,,1,0.5311
above_good,31,265,,1,0.5275
above_good,31,270,,1,0.5319
above_good,31,275,,1,0.5292
above_good,31,280,,1,0.5277
above_good,31,285,,1,0.5234
above_good,31,290,,1,0.5251
above_good,31,295,,1,0.5278
above_good,31,300,,1,0.5426
above_good,31,305,,1,0.5583
above_good,31,310,,1,0.5594
above_good,31,315,,1,0.5591
above_good,31,320,,1,0.5638
above_good,31,325,,1,0.5435
above_good,31,330,,1,0.5411
above_good,31,335,,1,0.5492
above_good,31,340,,1,0.5491
above_good,31,345,,1,0.5509
above_good,31,350,,1,0.5593
above_good,31,355,,1,0.5542
above_good,31,360,,1,0.5462
above_good,31,365,,1,0.5471
above_good,31,370,,1,0.5332
above_good,31,375,,1,0.5271
above_good,31,380,,1,0.5411
above_good,31,385,,1,0.541
above_good,31,390,,1,0.5384
above_good,31,395,,1,0.5499
above_good,31,400,,1,0.5583
above_good,32,0,-333,1,0.5121
above_good,32,5,-328,1,0.5154
above_good,32,10,-323,1,0.5174
above_good,32,15,-318,1,0.5133
above_good,32,20,-313,1,0.5148
above_good,32,25,-308,1,0.5198
above_good,32,30,-303,1,0.509
above_good,32,35,-298,1,0.5027
above_good,32,40,-293,1,0.5059
above_good,32,45,-288,1,0.5084
above_good,32,50,-283,1,0.5104
above_good,32,55,-278,1,0.5178
above_good,32,60,-273,1,0.5253
above_good,32,65,-268,1,0.5273
above_good,32,70,-263,1,0.527
above_good,32,75,-258,1,0.5225
above_good,32,80,-253,1,0.5309
above_good,32,85,-248,1,0.5353
above_good,32,90,-243,1,0.543
above_good,32,95,-238,1,0.5364
above_good,32,100,-233,1,0.5488
above_good,32,105,-228,1,0.5445
above_good,32,110,-223,1,0.5386
above_good,32,115,-218,1,0.5312
above_good,32,120,-213,1,0.5332
above_good,32,125,-208,1,0.5205
above_good,32,130,-203,1,0.5165
above_good,32,135,-198,1,0.5143
above_good,32,140,-193,1,0.5043
above_good,32,145,-188,1,0.5026
above_good,32,150,-183,1,0.5122
above_good,32,155,-178,1,0.5203
above_good,32,160,-173,1,0.5205
above_good,32,165,-168,1,0.5312
above_good,32,170,-163,1,0.5405
above_good,32,175,-158,1,0.5351
above_good,32,180,-153,1,0.5355
above_good,32,185,-148,1,0.5435
above_good,32,190,-143,1,0.54
above_good,32,195,-138,1,0.5328
above_good,32,200,-133,1,0.5263
above_good,32,205,-128,1,0.519
above_good,32,210,-123,1,0.5158
above_good,32,215,-118,1,0.5134
above_good,32,220,-113,1,0.5091
above_good,32,225,-108,1,0.5038
above_good,32,230,-103,1,0.5028
above_good,32,235,-98,1,0.5008
above_good,32,240,-93,1,0.509
above_good,32,245,-88,1,0.5124
above_good,32,250,-83,1,0.5209
above_good,32,255,-78,1,0.5239
above_good,32,260,-73,1,0.525
above_good,32,265,-68,1,0.5265
above_good,32,270,-63,1,0.5324
above_good,32,275,-58,1,0.5377
above_good,32,280,-53,1,0.5453
above_good,32,285,-48,1,0.5448
above_good,32,290,-43,1,0.5423
above_good,32,295,-38,1,0.5411
above_good,32,300,-33,1,0.5399
above_good,32,305,-28,1,0.5365
above_good,32,310,-23,1,0.542
above_good,32,315,-18,1,0.5475
above_good,32,320,-13,1,0.5485
above_good,32,325,-8,1,0.5492
above_good,32,330,-3,1,0.5486
above_good,32,335,2,1,0.5367
above_good,32,340,7,1,0.5308
above_good,32,345,12,1,0.5247
above_good,32,350,17,1,0.5181
above_good,32,355,22,1,0.5155
above_good,32,360,27,1,0.5205
above_good,32,365,32,1,0.5145
above_good,33,0,-317,1,0.5326
above_good,33,5,-312,1,0.529
above_good,33,10,-307,1,0.5314
above_good,33,15,-302,1,0.5291
above_good,33,20,-297,1,0.5262
above_good,33,25,-292,1,0.5296
above_good,33,30,-287,1,0.5323
above_good,33,35,-282,1,0.5308
above_good,33,40,-277,1,0.5348
above_good,33,45,-272,1,0.535
above_good,33,50,-267,1,0.5308
above_good,33,55,-262,1,0.5308
above_good,33,60,-257,1,0.537
above_good,33,65,-252,1,0.5397
above_good,33,70,-247,1,0.5373
above_good,33,75,-242,1,0.5396
above_good,33,80,-237,1,0.5437
above_good,33,85,-232,1,0.5387
above_good,33,90,-227,1,0.5423
above_good,33,95,-222,1,0.5555
above_good,33,100,-217,1,0.5614
above_good,33,105,-212,1,0.5736
above_good,33,110,-207,1,0.5777
above_good,33,115,-202,1,0.5673
above_good,33,120,-197,1,0.5633
above_good,33,125,-192,1,0.5585
above_good,33,130,-187,1,0.5424
above_good,33,135,-182,1,0.5485
above_good,33,140,-177,1,0.5586
above_good,33,145,-172,1,0.5615
above_good,33,150,-167,1,0.561
above_good,33,155,-162,1,0.5649
above_good,33,160,-157,1,0.5482
above_good,33,165,-152,1,0.5434
above_good,33,170,-147,1,0.5419
above_good,33,175,-142,1,0.5414
above_good,33,180,-137,1,0.5362
above_good,33,185,-132,1,0.5411
above_good,33,190,-127,1,0.5402
above_good,33,195,-122,1,0.527
above_good,33,200,-117,1,0.5271
above_good,33,205,-112,1,0.5271
above_good,33,210,-107,1,0.5304
above_good,33,215,-102,1,0.5248
above_good,33,220,-97,1,0.5283
above_good,33,225,-92,1,0.5122
above_good,33,230,-87,1,0.5076
above_good,33,235,-82,1,0.4903
above_good,33,240,-77,1,0.4824
above_good,33,245,-72,1,0.4796
above_good,33,250,-67,1,0.4879
above_good,33,255,-62,1,0.4819
above_good,33,260,-57,1,0.4937
above_good,33,265,-52,1,0.4974
above_good,33,270,-47,1,0.4945
above_good,33,275,-42,1,0.5027
above_good,33,280,-37,1,0.5083
above_good,33,285,-32,1,0.51
above_good,33,290,-27,1,0.4867
above_good,33,295,-22,1,0.4523
above_good,33,300,-17,1,0.4247
above_good,33,305,-12,1,0.4251
above_good,33,310,-7,1,0.3609
above_good,33,315,-2,1,0.3241
above_good,33,320,3,1,0.3104
above_good,33,325,8,1,0.2928
above_good,33,330,13,1,0.2378
above_good,33,335,18,1,0.2432
above_good,33,340,23,1,0.2478
above_good,33,345,28,1,0.2551
above_good,33,350,33,1,0.2409
above_good,33,355,38,1,0.2421
above_good,33,360,43,1,0.2426
above_good,33,365,48,1,0.252
above_good,33,370,53,1,0.2441
above_good,33,375,58,1,0.2633
above_good,33,380,63,1,0.2675
above_good,33,385,68,1,0.2749
above_good,33,390,73,1,0.2711
above_good,33,395,78,1,0.2805
above_good,33,400,83,1,0.2823
above_good,33,405,88,1,0.3017
above_good,33,410,93,1,0.3238
above_good,33,415,98,1,0.3315
above_good,33,420,103,1,0.3489
above_good,33,425,108,1,0.3623
above_good,33,430,113,1,0.3796
above_good,33,435,118,1,0.3876
above_good,33,440,123,1,0.4177
above_good,33,445,128,1,0.4191
above_good,33,450,133,1,0.4041
above_good,33,455,138,1,0.4033
above_good,33,460,143,1,0.4081
above_good,33,465,148,1,0.4003
above_good,33,470,153,1,0.4097
above_good,33,475,158,1,0.4518
above_good,33,480,163,1,0.4589
above_good,33,485,168,1,0.4597
above_good,33,490,173,1,0.4728
above_good,33,495,178,1,0.4709
above_good,33,500,183,1,0.4627
above_good,33,505,188,1,0.4602
above_good,33,510,193,1,0.4634
above_good,34,0,-285,1,0.506
above_good,34,5,-280,1,0.5203
above_good,34,10,-275,1,0.5238
above_good,34,15,-270,1,0.531
above_good,34,20,-265,1,0.5436
above_good,34,25,-260,1,0.5437
above_good,34,30,-255,1,0.5326
above_good,34,35,-250,1,0.5223
above_good,34,40,-245,1,0.5149
above_good,34,45,-240,1,0.5063
above_good,34,50,-235,1,0.5084
above_good,34,55,-230,1,0.5237
above_good,34,60,-225,1,0.5314
above_good,34,65,-220,1,0.5313
above_good,34,70,-215,1,0.539
above_good,34,75,-210,1,0.5459
above_good,34,80,-205,1,0.5405
above_good,34,85,-200,1,0.5489
above_good,34,90,-195,1,0.5555
above_good,34,95,-190,1,0.5485
above_good,34,100,-185,1,0.5424
above_good,34,105,-180,1,0.5372
above_good,34,110,-175,1,0.5287
above_good,34,115,-170,1,0.52
above_good,34,120,-165,1,0.521
above_good,34,125,-160,1,0.528
above_good,34,130,-155,1,0.5377
above_good,34,135,-150,1,0.5414
above_good,34,140,-145,1,0.5573
above_good,34,145,-140,1,0.562
above_good,34,150,-135,1,0.5618
above_good,34,155,-130,1,0.5581
above_good,34,160,-125,1,0.555
above_good,34,165,-120,1,0.5433
above_good,34,170,-115,1,0.539
above_good,34,175,-110,1,0.5402
above_good,34,180,-105,1,0.5304
above_good,34,185,-100,1,0.5266
above_good,34,190,-95,1,0.5152
above_good,34,195,-90,1,0.498
above_good,34,200,-85,1,0.4853
above_good,34,205,-80,1,0.4784
above_good,34,210,-75,1,0.4835
above_good,34,215,-70,1,0.4943
above_good,34,220,-65,1,0.5169
above_good,34,225,-60,1,0.5319
above_good,34,230,-55,1,0.5412
above_good,34,235,-50,1,0.5474
above_good,34,240,-45,1,0.5542
above_good,34,245,-40,1,0.5544
above_good,34,250,-35,1,0.5504
above_good,34,255,-30,1,0.5637
above_good,34,260,-25,1,0.5752
above_good,34,265,-20,1,0.5899
above_good,34,270,-15,1,0.6017
above_good,34,275,-10,1,0.6191
above_good,34,280,-5,1,0.6281
above_good,34,285,0,1,0.6306
above_good,35,0,,-1,0.5259
above_good,35,5,,-1,0.5262
above_good,35,10,,-1,0.5306
above_good,35,15,,-1,0.5297
above_good,35,20,,-1,0.5337
above_good,35,25,,-1,0.5352
above_good,35,30,,-1,0.5411
above_good,35,35,,-1,0.5434
above_good,35,40,,-1,0.5414
above_good,35,45,,-1,0.5418
above_good,35,50,,-1,0.5316
above_good,35,55,,-1,0.5189
above_good,35,60,,-1,0.5079
above_good,35,65,,-1,0.505
above_good,35,70,,-1,0.5013
above_good,35,75,,-1,0.5071
above_good,35,80,,-1,0.5101
above_good,35,85,,-1,0.5077
above_good,35,90,,-1,0.5062
above_good,35,95,,-1,0.5031
above_good,35,100,,-1,0.5024
above_good,35,105,,-1,0.4925
above_good,35,110,,-1,0.4796
above_good,35,115,,-1,0.4797
above_good,35,120,,-1,0.4834
above_good,35,125,,-1,0.4868
above_good,35,130,,-1,0.5065
above_good,35,135,,-1,0.53
above_good,35,140,,-1,0.5431
above_good,35,145,,-1,0.5468
above_good,35,150,,-1,0.5478
above_good,35,155,,-1,0.5438
above_good,35,160,,-1,0.5389
above_good,35,165,,-1,0.5287
above_good,35,170,,-1,0.5181
above_good,35,175,,-1,0.5223
above_good,35,180,,-1,0.5166
above_good,35,185,,-1,0.5109
above_good,35,190,,-1,0.5065
above_good,35,195,,-1,0.5075
above_good,35,200,,-1,0.5001
above_good,35,205,,-1,0.5034
above_good,35,210,,-1,0.512
above_good,35,215,,-1,0.5081
above_good,35,220,,-1,0.5055
above_good,35,225,,-1,0.5068
above_good,35,230,,-1,0.5024
above_good,35,235,,-1,0.4922
above_good,35,240,,-1,0.4996
above_good,35,245,,-1,0.5009
above_good,35,250,,-1,0.497
above_good,35,255,,-1,0.4964
above_good,35,260,,-1,0.4933
above_good,35,265,,-1,0.4939
above_good,35,270,,-1,0.4935
above_good,35,275,,-1,0.4869
above_good,35,280,,-1,0.4823
above_good,35,285,,-1,0.4906
above_good,35,290,,-1,0.486
above_good,35,295,,-1,0.4841
above_good,35,300,,-1,0.4782
above_good,35,305,,-1,0.466
above_good,35,310,,-1,0.45
above_good,35,315,,-1,0.4378
above_good,35,320,,-1,0.4314
above_good,35,325,,-1,0.4261
above_good,35,330,,-1,0.4098
above_good,35,335,,-1,0.3746
above_good,35,340,,-1,0.3445
above_good,35,345,,-1,0.314
above_good,35,350,,-1,0.304
above_good,35,355,,-1,0.2923
above_good,35,360,,-1,0.3239
above_good,35,365,,-1,0.3456
above_good,35,370,,-1,0.3562
above_good,35,375,,-1,0.3738
above_good,35,380,,-1,0.3862
above_good,35,385,,-1,0.377
above_good,35,390,,-1,0.3888
above_good,35,395,,-1,0.406
above_good,35,400,,-1,0.401
above_good,35,405,,-1,0.4205
above_good,36,0,,-1,0.5293
above_good,36,5,,-1,0.5282
above_good,36,10,,-1,0.5225
above_good,36,15,,-1,0.523
above_good,36,20,,-1,0.5135
above_good,36,25,,-1,0.5099
above_good,36,30,,-1,0.5054
above_good,36,35,,-1,0.5095
above_good,36,40,,-1,0.5045
above_good,36,45,,-1,0.5168
above_good,36,50,,-1,0.5234
above_good,36,55,,-1,0.5294
above_good,36,60,,-1,0.5267
above_good,36,65,,-1,0.5285
above_good,36,70,,-1,0.5179
above_good,36,75,,-1,0.5096
above_good,36,80,,-1,0.5084
above_good,36,85,,-1,0.5217
above_good,36,90,,-1,0.5277
above_good,36,95,,-1,0.5353
above_good,36,100,,-1,0.5335
above_good,36,105,,-1,0.5254
above_good,36,110,,-1,0.5122
above_good,36,115,,-1,0.4983
above_good,36,120,,-1,0.4906
above_good,36,125,,-1,0.4933
above_good,36,130,,-1,0.4961
above_good,36,135,,-1,0.4992
above_good,36,140,,-1,0.5105
above_good,36,145,,-1,0.5126
above_good,36,150,,-1,0.5215
above_good,36,155,,-1,0.5207
above_good,36,160,,-1,0.525
above_good,36,165,,-1,0.5221
above_good,36,170,,-1,0.5129
above_good,36,175,,-1,0.5022
above_good,36,180,,-1,0.4996
above_good,36,185,,-1,0.4845
above_good,36,190,,-1,0.4782
above_good,36,195,,-1,0.4925
above_good,36,200,,-1,0.5057
above_good,36,205,,-1,0.5192
above_good,36,210,,-1,0.5268
above_good,36,215,,-1,0.5337
above_good,36,220,,-1,0.5246
above_good,36,225,,-1,0.5097
above_good,36,230,,-1,0.5132
above_good,36,235,,-1,0.5228
above_good,36,240,,-1,0.5199
above_good,36,245,,-1,0.523
above_good,36,250,,-1,0.5285
above_good,36,255,,-1,0.5152
above_good,36,260,,-1,0.5
above_good,36,265,,-1,0.5069
above_good,36,270,,-1,0.5119
above_good,36,275,,-1,0.5053
above_good,36,280,,-1,0.4991
above_good,36,285,,-1,0.5041
above_good,36,290,,-1,0.4919
above_good,36,295,,-1,0.4807
above_good,36,300,,-1,0.4833
above_good,36,305,,-1,0.4869
above_good,36,310,,-1,0.4793
above_good,36,315,,-1,0.4815
above_good,36,320,,-1,0.4834
above_good,36,325,,-1,0.4854
above_good,36,330,,-1,0.4936
above_good,36,335,,-1,0.5
above_good,36,340,,-1,0.4701
above_good,36,345,,-1,0.4247
above_good,36,350,,-1,0.3664
above_good,36,355,,-1,0.3216
above_good,36,360,,-1,0.2712
above_good,36,365,,-1,0.255
above_good,36,370,,-1,0.2638
above_good,36,375,,-1,0.2917
above_good,36,380,,-1,0.2823
above_good,36,385,,-1,0.288
above_good,36,390,,-1,0.3091
above_good,36,395,,-1,0.3216
above_good,36,400,,-1,0.3184
above_good,36,405,,-1,0.3353
above_good,36,410,,-1,0.3387
above_good,36,415,,-1,0.3187
above_good,36,420,,-1,0.3075
above_good,36,425,,-1,0.3027
above_good,36,430,,-1,0.2985
above_good,36,435,,-1,0.3112
above_good,36,440,,-1,0.3239
above_good,36,445,,-1,0.3291
above_good,36,450,,-1,0.3334
above_good,36,455,,-1,0.3181
above_good,36,460,,-1,0.3021
above_good,36,465,,-1,0.2724
above_good,36,470,,-1,0.2408
above_good,36,475,,-1,0.2246
above_good,36,480,,-1,0.215
above_good,36,485,,-1,0.2002
above_good,36,490,,-1,0.214
above_good,36,495,,-1,0.2223
above_good,36,500,,-1,0.2447
above_good,36,505,,-1,0.2618
above_good,36,510,,-1,0.2697
above_good,36,515,,-1,0.2682
above_good,36,520,,-1,0.2663
above_good,36,525,,-1,0.2547
above_good,36,530,,-1,0.2673
above_good,36,535,,-1,0.2725
above_good,36,540,,-1,0.2806
above_good,36,545,,-1,0.3028
above_good,36,550,,-1,0.2882
above_good,36,555,,-1,0.261
above_good,36,560,,-1,0.245
above_good,36,565,,-1,0.2266
above_good,36,570,,-1,0.1984
above_good,36,575,,-1,0.2093
above_good,36,580,,-1,0.2091
above_good,36,585,,-1,0.2116
above_good,36,590,,-1,0.2263
above_good,36,595,,-1,0.2438
above_good,36,600,,-1,0.223
above_good,36,605,,-1,0.2305
above_good,36,610,,-1,0.2325
above_good,36,615,,-1,0.2241
above_good,36,620,,-1,0.2167
above_good,36,625,,-1,0.2293
above_good,36,630,,-1,0.2253
above_good,36,635,,-1,0.2421
above_good,36,640,,-1,0.255
above_good,36,645,,-1,0.2431
above_good,36,650,,-1,0.2295
above_good,36,655,,-1,0.2331
above_good,36,660,,-1,0.2127
above_good,36,665,,-1,0.1907
above_good,36,670,,-1,0.2034
above_good,36,675,,-1,0.2179
above_good,36,680,,-1,0.2223
above_good,36,685,,-1,0.2169
above_good,36,690,,-1,0.2286
above_good,36,695,,-1,0.229
above_good,36,700,,-1,0.2185
above_good,36,705,,-1,0.2029
above_good,36,710,,-1,0.2101
above_good,36,715,,-1,0.2121
above_good,36,720,,-1,0.2051
above_good,36,725,,-1,0.232
above_good,36,730,,-1,0.2473
above_good,36,735,,-1,0.2593
above_good,36,740,,-1,0.2742
above_good,36,745,,-1,0.2898
above_good,36,750,,-1,0.2906
above_good,36,755,,-1,0.3007
above_good,36,760,,-1,0.3103
above_good,36,765,,-1,0.3097
above_good,36,770,,-1,0.3008
above_good,36,775,,-1,0.2915
above_good,36,780,,-1,0.2906
above_good,36,785,,-1,0.2847
above_good,38,0,-366,1,0.4951
above_good,38,5,-361,1,0.4983
above_good,38,10,-356,1,0.5062
above_good,38,15,-351,1,0.5131
above_good,38,20,-346,1,0.5118
above_good,38,25,-341,1,0.5286
above_good,38,30,-336,1,0.5326
above_good,38,35,-331,1,0.5301
above_good,38,40,-326,1,0.5244
above_good,38,45,-321,1,0.5219
above_good,38,50,-316,1,0.5098
above_good,38,55,-311,1,0.5062
above_good,38,60,-306,1,0.5044
above_good,38,65,-301,1,0.5202
above_good,38,70,-296,1,0.5197
above_good,38,75,-291,1,0.5286
above_good,38,80,-286,1,0.5366
above_good,38,85,-281,1,0.5448
above_good,38,90,-276,1,0.5214
above_good,38,95,-271,1,0.5268
above_good,38,100,-266,1,0.5277
above_good,38,105,-261,1,0.5205
above_good,38,110,-256,1,0.5182
above_good,38,115,-251,1,0.5333
above_good,38,120,-246,1,0.5419
above_good,38,125,-241,1,0.5316
above_good,38,130,-236,1,0.532
above_good,38,135,-231,1,0.5283
above_good,38,140,-226,1,0.523
above_good,38,145,-221,1,0.5132
above_good,38,150,-216,1,0.5116
above_good,38,155,-211,1,0.5077
above_good,38,160,-206,1,0.5091
above_good,38,165,-201,1,0.503
above_good,38,170,-196,1,0.4957
above_good,38,175,-191,1,0.4771
above_good,38,180,-186,1,0.4641
above_good,38,185,-181,1,0.4442
above_good,38,190,-176,1,0.4251
above_good,38,195,-171,1,0.4106
above_good,38,200,-166,1,0.4221
above_good,38,205,-161,1,0.4306
above_good,38,210,-156,1,0.4352
above_good,38,215,-151,1,0.4534
above_good,38,220,-146,1,0.4767
above_good,38,225,-141,1,0.491
above_good,38,230,-136,1,0.4993
above_good,38,235,-131,1,0.506
above_good,38,240,-126,1,0.5061
above_good,38,245,-121,1,0.5053
above_good,38,250,-116,1,0.5108
above_good,38,255,-111,1,0.5128
above_good,38,260,-106,1,0.517
above_good,38,265,-101,1,0.515
above_good,38,270,-96,1,0.5197
above_good,38,275,-91,1,0.5087
above_good,38,280,-86,1,0.5107
above_good,38,285,-81,1,0.5082
above_good,38,290,-76,1,0.4986
above_good,38,295,-71,1,0.4859
above_good,38,300,-66,1,0.4859
above_good,38,305,-61,1,0.4825
above_good,38,310,-56,1,0.471
above_good,38,315,-51,1,0.47
above_good,38,320,-46,1,0.4664
above_good,38,325,-41,1,0.4449
above_good,38,330,-36,1,0.4321
above_good,38,335,-31,1,0.4454
above_good,38,340,-26,1,0.4635
above_good,38,345,-21,1,0.4833
above_good,38,350,-16,1,0.5203
above_good,38,355,-11,1,0.5491
above_good,38,360,-6,1,0.5577
above_good,38,365,-1,1,0.5583
above_good,38,370,4,1,0.5475
above_good,38,375,9,1,0.5257
above_good,38,380,14,1,0.5056
above_good,38,385,19,1,0.4979
above_good,38,390,24,1,0.4923
above_good,40,0,,1,0.5322
above_good,40,5,,1,0.5315
above_good,40,10,,1,0.5312
above_good,40,15,,1,0.535
above_good,40,20,,1,0.5307
above_good,40,25,,1,0.5374
above_good,40,30,,1,0.5405
above_good,40,35,,1,0.5362
above_good,40,40,,1,0.5385
above_good,40,45,,1,0.5377
above_good,40,50,,1,0.5313
above_good,40,55,,1,0.5269
above_good,40,60,,1,0.5271
above_good,40,65,,1,0.5166
above_good,40,70,,1,0.5198
above_good,40,75,,1,0.5269
above_good,40,80,,1,0.5395
above_good,40,85,,1,0.5511
above_good,40,90,,1,0.5733
above_good,40,95,,1,0.5835
above_good,40,100,,1,0.585
above_good,40,105,,1,0.5787
above_good,40,110,,1,0.5716
above_good,40,115,,1,0.5475
above_good,40,120,,1,0.5389
above_good,40,125,,1,0.5312
above_good,40,130,,1,0.528
above_good,40,135,,1,0.5194
above_good,40,140,,1,0.5227
above_good,40,145,,1,0.5209
above_good,40,150,,1,0.5234
above_good,40,155,,1,0.527
above_good,40,160,,1,0.5459
above_good,40,165,,1,0.5616
above_good,40,170,,1,0.5694
above_good,40,175,,1,0.5795
above_good,40,180,,1,0.5821
above_good,40,185,,1,0.5674
above_good,40,190,,1,0.5627
above_good,40,195,,1,0.5679
above_good,40,200,,1,0.5586
above_good,40,205,,1,0.549
above_good,40,210,,1,0.5541
above_good,40,215,,1,0.5511
above_good,40,220,,1,0.5365
above_good,40,225,,1,0.5366
above_good,40,230,,1,0.5365
above_good,40,235,,1,0.5256
above_good,40,240,,1,0.5133
above_good,40,245,,1,0.5167
above_good,40,250,,1,0.512
above_good,40,255,,1,0.5042
above_good,40,260,,1,0.5021
above_good,40,265,,1,0.5036
above_good,40,270,,1,0.4978
above_good,40,275,,1,0.4991
above_good,40,280,,1,0.4984
above_good,40,285,,1,0.5054
above_good,40,290,,1,0.4985
above_good,40,295,,1,0.484
above_good,40,300,,1,0.4707
above_good,40,305,,1,0.4669
above_good,40,310,,1,0.4606
above_good,40,315,,1,0.4679
above_good,40,320,,1,0.4678
above_good,40,325,,1,0.4461
above_good,40,330,,1,0.4185
above_good,40,335,,1,0.3758
above_good,40,340,,1,0.3231
above_good,40,345,,1,0.283
above_good,40,350,,1,0.2819
above_good,40,355,,1,0.2851
above_good,40,360,,1,0.309
above_good,40,365,,1,0.315
above_good,40,370,,1,0.3224
above_good,40,375,,1,0.2963
above_good,40,380,,1,0.2615
above_good,40,385,,1,0.2379
above_good,40,390,,1,0.2305
above_good,40,395,,1,0.2227
above_good,40,400,,1,0.2213
above_good,40,405,,1,0.2396
above_good,40,410,,1,0.2388
above_good,40,415,,1,0.2478
above_good,40,420,,1,0.2582
above_good,40,425,,1,0.2554
above_good,40,430,,1,0.2607
above_good,40,435,,1,0.2641
above_good,40,440,,1,0.2757
above_good,40,445,,1,0.2888
above_good,40,450,,1,0.3021
above_good,40,455,,1,0.3053
above_good,40,460,,1,0.3006
above_good,40,465,,1,0.2731
above_good,40,470,,1,0.2699
above_good,40,475,,1,0.2875
above_good,40,480,,1,0.2626
above_good,40,485,,1,0.2508
above_good,40,490,,1,0.248
above_good,40,495,,1,0.218
above_good,40,500,,1,0.1866
above_good,40,505,,1,0.1891
above_good,40,510,,1,0.2156
above_good,40,515,,1,0.2457
above_good,40,520,,1,0.2784
above_good,40,525,,1,0.3176
above_good,40,530,,1,0.3758
above_good,40,535,,1,0.3947
above_good,40,540,,1,0.4051
above_good,40,545,,1,0.4111
above_good,40,550,,1,0.4172
above_good,40,555,,1,0.39
above_good,40,560,,1,0.3595
above_good,40,565,,1,0.3425
above_good,40,570,,1,0.3534
above_good,40,575,,1,0.3657
above_good,40,580,,1,0.3721
above_good,40,585,,1,0.4072
above_good,41,0,,-1,0.5344
above_good,41,5,,-1,0.527
above_good,41,10,,-1,0.5315
above_good,41,15,,-1,0.5325
above_good,41,20,,-1,0.5318
above_good,41,25,,-1,0.5425
above_good,41,30,,-1,0.5488
above_good,41,35,,-1,0.5515
above_good,41,40,,-1,0.5552
above_good,41,45,,-1,0.5516
above_good,41,50,,-1,0.5431
above_good,41,55,,-1,0.5407
above_good,41,60,,-1,0.5325
above_good,41,65,,-1,0.5308
above_good,41,70,,-1,0.5486
above_good,41,75,,-1,0.5399
above_good,41,80,,-1,0.5489
above_good,41,85,,-1,0.556
above_good,41,90,,-1,0.5611
above_good,41,95,,-1,0.5461
above_good,41,100,,-1,0.5619
above_good,41,105,,-1,0.5629
above_good,41,110,,-1,0.5623
above_good,41,115,,-1,0.5641
above_good,41,120,,-1,0.5662
above_good,41,125,,-1,0.5569
above_good,41,130,,-1,0.5462
above_good,41,135,,-1,0.5406
above_good,41,140,,-1,0.5343
above_good,41,145,,-1,0.5261
above_good,41,150,,-1,0.5201
above_good,41,155,,-1,0.5196
above_good,41,160,,-1,0.5207
above_good,41,165,,-1,0.5188
above_good,41,170,,-1,0.5221
above_good,41,175,,-1,0.5345
above_good,41,180,,-1,0.5423
above_good,41,185,,-1,0.5498
above_good,41,190,,-1,0.5515
above_good,41,195,,-1,0.5615
above_good,41,200,,-1,0.5581
above_good,41,205,,-1,0.5622
above_good,41,210,,-1,0.5557
above_good,41,215,,-1,0.5552
above_good,41,220,,-1,0.554
above_good,41,225,,-1,0.5599
above_good,41,230,,-1,0.562
above_good,41,235,,-1,0.5654
above_good,41,240,,-1,0.5659
above_good,41,245,,-1,0.5657
above_good,41,250,,-1,0.5582
above_good,41,255,,-1,0.5418
above_good,41,260,,-1,0.5383
above_good,41,265,,-1,0.538
above_good,41,270,,-1,0.5349
above_good,41,275,,-1,0.5144
above_good,41,280,,-1,0.5103
above_good,41,285,,-1,0.5084
above_good,41,290,,-1,0.4803
above_good,41,295,,-1,0.4692
above_good,41,300,,-1,0.4722
above_good,41,305,,-1,0.4589
above_good,41,310,,-1,0.4418
above_good,41,315,,-1,0.4647
above_good,41,320,,-1,0.4676
above_good,41,325,,-1,0.4765
above_good,41,330,,-1,0.4775
above_good,41,335,,-1,0.4922
above_good,41,340,,-1,0.4565
above_good,41,345,,-1,0.4045
above_good,41,350,,-1,0.3664
above_good,41,355,,-1,0.3398
above_good,41,360,,-1,0.3084
above_good,41,365,,-1,0.288
above_good,41,370,,-1,0.3069
above_good,41,375,,-1,0.3449
above_good,41,380,,-1,0.349
above_good,41,385,,-1,0.3519
above_good,41,390,,-1,0.3894
above_good,41,395,,-1,0.3929
above_good,41,400,,-1,0.3542
above_good,41,405,,-1,0.3535
above_good,41,410,,-1,0.3427
above_good,41,415,,-1,0.3448
above_good,41,420,,-1,0.3423
above_good,41,425,,-1,0.3565
above_good,42,0,-351,1,0.5077
above_good,42,5,-346,1,0.5126
above_good,42,10,-341,1,0.5096
above_good,42,15,-336,1,0.522
above_good,42,20,-331,1,0.5332
above_good,42,25,-326,1,0.5314
above_good,42,30,-321,1,0.5314
above_good,42,35,-316,1,0.5338
above_good,42,40,-311,1,0.5313
above_good,42,45,-306,1,0.5357
above_good,42,50,-301,1,0.5397
above_good,42,55,-296,1,0.5477
above_good,42,60,-291,1,0.571
above_good,42,65,-286,1,0.5807
above_good,42,70,-281,1,0.5824
above_good,42,75,-276,1,0.5809
above_good,42,80,-271,1,0.5779
above_good,42,85,-266,1,0.5626
above_good,42,90,-261,1,0.5463
above_good,42,95,-256,1,0.5364
above_good,42,100,-251,1,0.5278
above_good,42,105,-246,1,0.5263
above_good,42,110,-241,1,0.5281
above_good,42,115,-236,1,0.5359
above_good,42,120,-231,1,0.5342
above_good,42,125,-226,1,0.5436
above_good,42,130,-221,1,0.5484
above_good,42,135,-216,1,0.5431
above_good,42,140,-211,1,0.5354
above_good,42,145,-206,1,0.536
above_good,42,150,-201,1,0.5374
above_good,42,155,-196,1,0.5262
above_good,42,160,-191,1,0.5295
above_good,42,165,-186,1,0.5321
above_good,42,170,-181,1,0.5362
above_good,42,175,-176,1,0.5403
above_good,42,180,-171,1,0.5511
above_good,42,185,-166,1,0.5519
above_good,42,190,-161,1,0.5512
above_good,42,195,-156,1,0.5509
above_good,42,200,-151,1,0.5435
above_good,42,205,-146,1,0.5355
above_good,42,210,-141,1,0.5316
above_good,42,215,-136,1,0.53
above_good,42,220,-131,1,0.5251
above_good,42,225,-126,1,0.5087
above_good,42,230,-121,1,0.5075
above_good,42,235,-116,1,0.5053
above_good,42,240,-111,1,0.4987
above_good,42,245,-106,1,0.5026
above_good,42,250,-101,1,0.5205
above_good,42,255,-96,1,0.5205
above_good,42,260,-91,1,0.519
above_good,42,265,-86,1,0.545
above_good,42,270,-81,1,0.5613
above_good,42,275,-76,1,0.5646
above_good,42,280,-71,1,0.5742
above_good,42,285,-66,1,0.5832
above_good,42,290,-61,1,0.5773
above_good,42,295,-56,1,0.5677
above_good,42,300,-51,1,0.5717
above_good,42,305,-46,1,0.5652
above_good,42,310,-41,1,0.5521
above_good,42,315,-36,1,0.5424
above_good,42,320,-31,1,0.5345
above_good,42,325,-26,1,0.5387
above_good,42,330,-21,1,0.5472
above_good,42,335,-16,1,0.5792
above_good,42,340,-11,1,0.6011
above_good,42,345,-6,1,0.6209
above_good,42,350,-1,1,0.6292
above_good,44,0,-321,-1,0.5287
above_good,44,5,-316,-1,0.5279
above_good,44,10,-311,-1,0.5283
above_good,44,15,-306,-1,0.5335
above_good,44,20,-301,-1,0.5297
above_good,44,25,-296,-1,0.526
above_good,44,30,-291,-1,0.5175
above_good,44,35,-286,-1,0.5159
above_good,44,40,-281,-1,0.5078
above_good,44,45,-276,-1,0.5122
above_good,44,50,-271,-1,0.5168
above_good,44,55,-266,-1,0.5364
above_good,44,60,-261,-1,0.5378
above_good,44,65,-256,-1,0.5499
above_good,44,70,-251,-1,0.555
above_good,44,75,-246,-1,0.5641
above_good,44,80,-241,-1,0.5555
above_good,44,85,-236,-1,0.5658
above_good,44,90,-231,-1,0.5638
above_good,44,95,-226,-1,0.5624
above_good,44,100,-221,-1,0.5635
above_good,44,105,-216,-1,0.5607
above_good,44,110,-211,-1,0.548
above_good,44,115,-206,-1,0.5401
above_good,44,120,-201,-1,0.5257
above_good,44,125,-196,-1,0.5166
above_good,44,130,-191,-1,0.5151
above_good,44,135,-186,-1,0.5126
above_good,44,140,-181,-1,0.5077
above_good,44,145,-176,-1,0.5136
above_good,44,150,-171,-1,0.5132
above_good,44,155,-166,-1,0.5178
above_good,44,160,-161,-1,0.5249
above_good,44,165,-156,-1,0.5327
above_good,44,170,-151,-1,0.5338
above_good,44,175,-146,-1,0.5375
above_good,44,180,-141,-1,0.5319
above_good,44,185,-136,-1,0.5342
above_good,44,190,-131,-1,0.5386
above_good,44,195,-126,-1,0.5381
above_good,44,200,-121,-1,0.5317
above_good,44,205,-116,-1,0.5342
above_good,44,210,-111,-1,0.5401
above_good,44,215,-106,-1,0.5297
above_good,44,220,-101,-1,0.5307
above_good,44,225,-96,-1,0.5252
above_good,44,230,-91,-1,0.5212
above_good,44,235,-86,-1,0.512
above_good,44,240,-81,-1,0.5103
above_good,44,245,-76,-1,0.5026
above_good,44,250,-71,-1,0.4993
above_good,44,255,-66,-1,0.495
above_good,44,260,-61,-1,0.4893
above_good,44,265,-56,-1,0.4873
above_good,44,270,-51,-1,0.4846
above_good,44,275,-46,-1,0.4962
above_good,44,280,-41,-1,0.5031
above_good,44,285,-36,-1,0.5156
above_good,44,290,-31,-1,0.5179
above_good,44,295,-26,-1,0.5259
above_good,44,300,-21,-1,0.5132
above_good,44,305,-16,-1,0.485
above_good,44,310,-11,-1,0.4566
above_good,44,315,-6,-1,0.4524
above_good,44,320,-1,-1,0.4178
above_good,44,325,4,-1,0.3818
above_good,44,330,9,-1,0.3563
above_good,44,335,14,-1,0.3165
above_good,44,340,19,-1,0.2589
above_good,44,345,24,-1,0.2376
above_good,44,350,29,-1,0.2362
above_good,44,355,34,-1,0.23
above_good,44,360,39,-1,0.2407
above_good,44,365,44,-1,0.2521
above_good,44,370,49,-1,0.2659
above_good,44,375,54,-1,0.2837
above_good,44,380,59,-1,0.2909
above_good,44,385,64,-1,0.2868
above_good,44,390,69,-1,0.2978
above_good,44,395,74,-1,0.3068
above_good,44,400,79,-1,0.3006
above_good,44,405,84,-1,0.3103
above_good,44,410,89,-1,0.3101
above_good,44,415,94,-1,0.3003
above_good,44,420,99,-1,0.2828
above_good,44,425,104,-1,0.2838
above_good,44,430,109,-1,0.2807
above_good,44,435,114,-1,0.3046
above_good,44,440,119,-1,0.3061
above_good,44,445,124,-1,0.3046
above_good,44,450,129,-1,0.2882
above_good,44,455,134,-1,0.2884
above_good,44,460,139,-1,0.2476
above_good,44,465,144,-1,0.2351
above_good,44,470,149,-1,0.2146
above_good,44,475,154,-1,0.2007
above_good,44,480,159,-1,0.1784
above_good,44,485,164,-1,0.1869
above_good,44,490,169,-1,0.1987
above_good,44,495,174,-1,0.2206
above_good,44,500,179,-1,0.2637
above_good,44,505,184,-1,0.2817
above_good,44,510,189,-1,0.2916
above_good,44,515,194,-1,0.2789
above_good,44,520,199,-1,0.2691
above_good,44,525,204,-1,0.2261
above_good,44,530,209,-1,0.2344
above_good,44,535,214,-1,0.2296
above_good,44,540,219,-1,0.246
above_good,44,545,224,-1,0.2426
above_good,44,550,229,-1,0.2461
above_good,44,555,234,-1,0.2264
above_good,44,560,239,-1,0.2049
above_good,44,565,244,-1,0.1743
above_good,44,570,249,-1,0.1624
above_good,44,575,254,-1,0.1556
above_good,44,580,259,-1,0.1457
above_good,44,585,264,-1,0.1624
above_good,44,590,269,-1,0.1846
above_good,44,595,274,-1,0.2215
above_good,44,600,279,-1,0.239
above_good,44,605,284,-1,0.2608
above_good,44,610,289,-1,0.2565
above_good,44,615,294,-1,0.255
above_good,44,620,299,-1,0.2352
above_good,44,625,304,-1,0.2389
above_good,44,630,309,-1,0.2317
above_good,44,635,314,-1,0.2487
above_good,44,640,319,-1,0.2444
above_good,44,645,324,-1,0.2413
above_good,44,650,329,-1,0.226
above_good,44,655,334,-1,0.2238
above_good,44,660,339,-1,0.1982
above_good,44,665,344,-1,0.2096
above_good,44,670,349,-1,0.1993
above_good,44,675,354,-1,0.1956
above_good,44,680,359,-1,0.1849
above_good,44,685,364,-1,0.1967
above_good,44,690,369,-1,0.1801
above_good,44,695,374,-1,0.1897
above_good,44,700,379,-1,0.2043
above_good,44,705,384,-1,0.2368
above_good,44,710,389,-1,0.2464
above_good,44,715,394,-1,0.2785
above_good,44,720,399,-1,0.284
above_good,44,725,404,-1,0.2998
above_good,44,730,409,-1,0.2964
above_good,44,735,414,-1,0.2971
above_good,44,740,419,-1,0.2978
above_good,44,745,424,-1,0.3241
above_good,44,750,429,-1,0.3395
above_good,44,755,434,-1,0.3669
above_good,44,760,439,-1,0.3973
above_good,44,765,444,-1,0.4119
above_good,46,0,,-1,0.5257
above_good,46,5,,-1,0.5256
above_good,46,10,,-1,0.5257
above_good,46,15,,-1,0.5309
above_good,46,20,,-1,0.5285
above_good,46,25,,-1,0.5347
above_good,46,30,,-1,0.5415
above_good,46,35,,-1,0.556
above_good,46,40,,-1,0.5498
above_good,46,45,,-1,0.5534
above_good,46,50,,-1,0.5476
above_good,46,55,,-1,0.5474
above_good,46,60,,-1,0.5293
above_good,46,65,,-1,0.5315
above_good,46,70,,-1,0.53
above_good,46,75,,-1,0.5353
above_good,46,80,,-1,0.5417
above_good,46,85,,-1,0.5379
above_good,46,90,,-1,0.5443
above_good,46,95,,-1,0.5453
above_good,46,100,,-1,0.5462
above_good,46,105,,-1,0.5334
above_good,46,110,,-1,0.535
above_good,46,115,,-1,0.5235
above_good,46,120,,-1,0.5237
above_good,46,125,,-1,0.5135
above_good,46,130,,-1,0.5158
above_good,46,135,,-1,0.5214
above_good,46,140,,-1,0.5277
above_good,46,145,,-1,0.5243
above_good,46,150,,-1,0.5412
above_good,46,155,,-1,0.5437
above_good,46,160,,-1,0.5422
above_good,46,165,,-1,0.5376
above_good,46,170,,-1,0.5366
above_good,46,175,,-1,0.5201
above_good,46,180,,-1,0.5056
above_good,46,185,,-1,0.5053
above_good,46,190,,-1,0.4944
above_good,46,195,,-1,0.4884
above_good,46,200,,-1,0.4841
above_good,46,205,,-1,0.4993
above_good,46,210,,-1,0.4928
above_good,46,215,,-1,0.4921
above_good,46,220,,-1,0.4939
above_good,46,225,,-1,0.4913
above_good,46,230,,-1,0.4698
above_good,46,235,,-1,0.4695
above_good,46,240,,-1,0.4786
above_good,46,245,,-1,0.4709
above_good,46,250,,-1,0.477
above_good,46,255,,-1,0.4834
above_good,46,260,,-1,0.4719
above_good,46,265,,-1,0.4606
above_good,46,270,,-1,0.465
above_good,46,275,,-1,0.4586
above_good,46,280,,-1,0.4519
above_good,46,285,,-1,0.4616
above_good,46,290,,-1,0.4691
above_good,46,295,,-1,0.4721
above_good,46,300,,-1,0.4731
above_good,46,305,,-1,0.4849
above_good,46,310,,-1,0.4894
above_good,46,315,,-1,0.4897
above_good,46,320,,-1,0.4878
above_good,46,325,,-1,0.4933
above_good,46,330,,-1,0.4915
above_good,46,335,,-1,0.4897
above_good,46,340,,-1,0.4897
above_good,46,345,,-1,0.496
above_good,46,350,,-1,0.4995
above_good,46,355,,-1,0.5026
above_good,46,360,,-1,0.5129
above_good,46,365,,-1,0.5159
above_good,46,370,,-1,0.5101
above_good,46,375,,-1,0.4984
above_good,46,380,,-1,0.4976
above_good,46,385,,-1,0.4831
above_good,46,390,,-1,0.4784
above_good,46,395,,-1,0.4897
above_good,46,400,,-1,0.4968
above_good,46,405,,-1,0.4954
above_good,46,410,,-1,0.5004
above_good,46,415,,-1,0.5103
above_good,46,420,,-1,0.5
above_good,46,425,,-1,0.5001
above_good,46,430,,-1,0.4989
above_good,46,435,,-1,0.4987
above_good,46,440,,-1,0.4774
above_good,46,445,,-1,0.4485
above_good,46,450,,-1,0.4101
above_good,46,455,,-1,0.354
above_good,46,460,,-1,0.3064
above_good,46,465,,-1,0.2839
above_good,46,470,,-1,0.2923
above_good,46,475,,-1,0.3173
above_good,46,480,,-1,0.3595
above_good,46,485,,-1,0.3939
above_good,46,490,,-1,0.4091
above_good,46,495,,-1,0.4067
above_good,46,500,,-1,0.4094
above_good,46,505,,-1,0.3857
above_good,46,510,,-1,0.3778
above_good,46,515,,-1,0.381
above_good,46,520,,-1,0.3821
above_good,47,0,-310,-1,0.5361
above_good,47,5,-305,-1,0.5351
above_good,47,10,-300,-1,0.5357
above_good,47,15,-295,-1,0.5391
above_good,47,20,-290,-1,0.5387
above_good,47,25,-285,-1,0.5505
above_good,47,30,-280,-1,0.5605
above_good,47,35,-275,-1,0.5785
above_good,47,40,-270,-1,0.5815
above_good,47,45,-265,-1,0.5835
above_good,47,50,-260,-1,0.58
above_good,47,55,-255,-1,0.5694
above_good,47,60,-250,-1,0.5455
above_good,47,65,-245,-1,0.5338
above_good,47,70,-240,-1,0.5252
above_good,47,75,-235,-1,0.5304
above_good,47,80,-230,-1,0.534
above_good,47,85,-225,-1,0.5471
above_good,47,90,-220,-1,0.5549
above_good,47,95,-215,-1,0.5601
above_good,47,100,-210,-1,0.5551
above_good,47,105,-205,-1,0.5636
above_good,47,110,-200,-1,0.5634
above_good,47,115,-195,-1,0.5755
above_good,47,120,-190,-1,0.5869
above_good,47,125,-185,-1,0.5765
above_good,47,130,-180,-1,0.5637
above_good,47,135,-175,-1,0.5687
above_good,47,140,-170,-1,0.5544
above_good,47,145,-165,-1,0.5302
above_good,47,150,-160,-1,0.5316
above_good,47,155,-155,-1,0.5329
above_good,47,160,-150,-1,0.5256
above_good,47,165,-145,-1,0.5323
above_good,47,170,-140,-1,0.5466
above_good,47,175,-135,-1,0.5446
above_good,47,180,-130,-1,0.546
above_good,47,185,-125,-1,0.5357
above_good,47,190,-120,-1,0.5215
above_good,47,195,-115,-1,0.5196
above_good,47,200,-110,-1,0.5213
above_good,47,205,-105,-1,0.5142
above_good,47,210,-100,-1,0.5181
above_good,47,215,-95,-1,0.5267
above_good,47,220,-90,-1,0.5341
above_good,47,225,-85,-1,0.5368
above_good,47,230,-80,-1,0.5447
above_good,47,235,-75,-1,0.5408
above_good,47,240,-70,-1,0.5362
above_good,47,245,-65,-1,0.5297
above_good,47,250,-60,-1,0.5313
above_good,47,255,-55,-1,0.5245
above_good,47,260,-50,-1,0.5377
above_good,47,265,-45,-1,0.5416
above_good,47,270,-40,-1,0.538
above_good,47,275,-35,-1,0.539
above_good,47,280,-30,-1,0.5416
above_good,47,285,-25,-1,0.5275
above_good,47,290,-20,-1,0.5322
above_good,47,295,-15,-1,0.5409
above_good,47,300,-10,-1,0.5549
above_good,47,305,-5,-1,0.5657
above_good,47,310,0,-1,0.5825
above_good,47,315,5,-1,0.5736
above_good,47,320,10,-1,0.5684
above_good,47,325,15,-1,0.5507
above_good,47,330,20,-1,0.5448
above_good,47,335,25,-1,0.5334
above_good,47,340,30,-1,0.5388
above_good,49,0,-436,1,0.5289
above_good,49,5,-431,1,0.5296
above_good,49,10,-426,1,0.532
above_good,49,15,-421,1,0.5335
above_good,49,20,-416,1,0.5345
above_good,49,25,-411,1,0.5434
above_good,49,30,-406,1,0.5573
above_good,49,35,-401,1,0.5616
above_good,49,40,-396,1,0.5592
above_good,49,45,-391,1,0.5642
above_good,49,50,-386,1,0.5559
above_good,49,55,-381,1,0.5429
above_good,49,60,-376,1,0.5324
above_good,49,65,-371,1,0.5348
above_good,49,70,-366,1,0.5258
above_good,49,75,-361,1,0.5328
above_good,49,80,-356,1,0.5314
above_good,49,85,-351,1,0.5381
above_good,49,90,-346,1,0.5414
above_good,49,95,-341,1,0.5452
above_good,49,100,-336,1,0.5345
above_good,49,105,-331,1,0.5377
above_good,49,110,-326,1,0.5377
above_good,49,115,-321,1,0.5332
above_good,49,120,-316,1,0.5333
above_good,49,125,-311,1,0.5427
above_good,49,130,-306,1,0.5379
above_good,49,135,-301,1,0.5399
above_good,49,140,-296,1,0.5363
above_good,49,145,-291,1,0.5321
above_good,49,150,-286,1,0.522
above_good,49,155,-281,1,0.5303
above_good,49,160,-276,1,0.5237
above_good,49,165,-271,1,0.5254
above_good,49,170,-266,1,0.526
above_good,49,175,-261,1,0.5343
above_good,49,180,-256,1,0.5269
above_good,49,185,-251,1,0.5212
above_good,49,190,-246,1,0.5266
above_good,49,195,-241,1,0.531
above_good,49,200,-236,1,0.5276
above_good,49,205,-231,1,0.5238
above_good,49,210,-226,1,0.5304
above_good,49,215,-221,1,0.5299
above_good,49,220,-216,1,0.5242
above_good,49,225,-211,1,0.522
above_good,49,230,-206,1,0.5269
above_good,49,235,-201,1,0.5363
above_good,49,240,-196,1,0.5362
above_good,49,245,-191,1,0.532
above_good,49,250,-186,1,0.5248
above_good,49,255,-181,1,0.5217
above_good,49,260,-176,1,0.5158
above_good,49,265,-171,1,0.5146
above_good,49,270,-166,1,0.5255
above_good,49,275,-161,1,0.5332
above_good,49,280,-156,1,0.5298
above_good,49,285,-151,1,0.5135
above_good,49,290,-146,1,0.5003
above_good,49,295,-141,1,0.4839
above_good,49,300,-136,1,0.4767
above_good,49,305,-131,1,0.4698
above_good,49,310,-126,1,0.4752
above_good,49,315,-121,1,0.4823
above_good,49,320,-116,1,0.488
above_good,49,325,-111,1,0.488
above_good,49,330,-106,1,0.49
above_good,49,335,-101,1,0.4928
above_good,49,340,-96,1,0.4868
above_good,49,345,-91,1,0.4819
above_good,49,350,-86,1,0.4885
above_good,49,355,-81,1,0.4992
above_good,49,360,-76,1,0.5073
above_good,49,365,-71,1,0.5185
above_good,49,370,-66,1,0.5278
above_good,49,375,-61,1,0.5424
above_good,49,380,-56,1,0.5493
above_good,49,385,-51,1,0.5465
above_good,49,390,-46,1,0.554
above_good,49,395,-41,1,0.5618
above_good,49,400,-36,1,0.553
above_good,49,405,-31,1,0.5567
above_good,49,410,-26,1,0.5673
above_good,49,415,-21,1,0.5777
above_good,49,420,-16,1,0.5821
above_good,49,425,-11,1,0.5972
above_good,49,430,-6,1,0.5973
above_good,49,435,-1,1,0.6016
above_good,49,440,4,1,0.5934
above_good,50,0,-468,1,0.5301
above_good,50,5,-463,1,0.5298
above_good,50,10,-458,1,0.5296
above_good,50,15,-453,1,0.5345
above_good,50,20,-448,1,0.534
above_good,50,25,-443,1,0.5407
above_good,50,30,-438,1,0.5444
above_good,50,35,-433,1,0.5441
above_good,50,40,-428,1,0.54
above_good,50,45,-423,1,0.5396
above_good,50,50,-418,1,0.5343
above_good,50,55,-413,1,0.5319
above_good,50,60,-408,1,0.53
above_good,50,65,-403,1,0.5346
above_good,50,70,-398,1,0.5304
above_good,50,75,-393,1,0.5128
above_good,50,80,-388,1,0.4979
above_good,50,85,-383,1,0.4972
above_good,50,90,-378,1,0.4818
above_good,50,95,-373,1,0.4864
above_good,50,100,-368,1,0.5122
above_good,50,105,-363,1,0.5222
above_good,50,110,-358,1,0.5225
above_good,50,115,-353,1,0.5261
above_good,50,120,-348,1,0.5175
above_good,50,125,-343,1,0.4989
above_good,50,130,-338,1,0.4934
above_good,50,135,-333,1,0.4946
above_good,50,140,-328,1,0.4943
above_good,50,145,-323,1,0.498
above_good,50,150,-318,1,0.506
above_good,50,155,-313,1,0.509
above_good,50,160,-308,1,0.5004
above_good,50,165,-303,1,0.4987
above_good,50,170,-298,1,0.4966
above_good,50,175,-293,1,0.4983
above_good,50,180,-288,1,0.495
above_good,50,185,-283,1,0.5056
above_good,50,190,-278,1,0.5101
above_good,50,195,-273,1,0.5085
above_good,50,200,-268,1,0.4963
above_good,50,205,-263,1,0.4953
above_good,50,210,-258,1,0.4893
above_good,50,215,-253,1,0.4876
above_good,50,220,-248,1,0.488
above_good,50,225,-243,1,0.4879
above_good,50,230,-238,1,0.5038
above_good,50,235,-233,1,0.5108
above_good,50,240,-228,1,0.515
above_good,50,245,-223,1,0.5312
above_good,50,250,-218,1,0.5466
above_good,50,255,-213,1,0.5458
above_good,50,260,-208,1,0.5532
above_good,50,265,-203,1,0.5499
above_good,50,270,-198,1,0.5496
above_good,50,275,-193,1,0.548
above_good,50,280,-188,1,0.5294
above_good,50,285,-183,1,0.5097
above_good,50,290,-178,1,0.5092
above_good,50,295,-173,1,0.4908
above_good,50,300,-168,1,0.4892
above_good,50,305,-163,1,0.5
above_good,50,310,-158,1,0.497
above_good,50,315,-153,1,0.5051
above_good,50,320,-148,1,0.5193
above_good,50,325,-143,1,0.5179
above_good,50,330,-138,1,0.5181
above_good,50,335,-133,1,0.5248
above_good,50,340,-128,1,0.5124
above_good,50,345,-123,1,0.5073
above_good,50,350,-118,1,0.5091
above_good,50,355,-113,1,0.4975
above_good,50,360,-108,1,0.4955
above_good,50,365,-103,1,0.4982
above_good,50,370,-98,1,0.5013
above_good,50,375,-93,1,0.4904
above_good,50,380,-88,1,0.5023
above_good,50,385,-83,1,0.5109
above_good,50,390,-78,1,0.5195
above_good,50,395,-73,1,0.5144
above_good,50,400,-68,1,0.523
above_good,50,405,-63,1,0.5363
above_good,50,410,-58,1,0.5371
above_good,50,415,-53,1,0.5369
above_good,50,420,-48,1,0.5478
above_good,50,425,-43,1,0.553
above_good,50,430,-38,1,0.5474
above_good,50,435,-33,1,0.5521
above_good,50,440,-28,1,0.5527
above_good,50,445,-23,1,0.5534
above_good,50,450,-18,1,0.5614
above_good,50,455,-13,1,0.5677
above_good,50,460,-8,1,0.5671
above_good,50,465,-3,1,0.5556
above_good,50,470,2,1,0.5326
above_good,50,475,7,1,0.5039
above_good,50,480,12,1,0.4812
above_good,50,485,17,1,0.4582
above_good,50,490,22,1,0.454
above_good,50,495,27,1,0.4646
above_good,50,500,32,1,0.4717
above_good,50,505,37,1,0.4717
above_good,51,0,-401,1,0.5284
above_good,51,5,-396,1,0.5293
above_good,51,10,-391,1,0.5325
above_good,51,15,-386,1,0.5416
above_good,51,20,-381,1,0.5484
above_good,51,25,-376,1,0.5465
above_good,51,30,-371,1,0.5489
above_good,51,35,-366,1,0.5539
above_good,51,40,-361,1,0.5427
above_good,51,45,-356,1,0.548
above_good,51,50,-351,1,0.5611
above_good,51,55,-346,1,0.5612
above_good,51,60,-341,1,0.5559
above_good,51,65,-336,1,0.5603
above_good,51,70,-331,1,0.5552
above_good,51,75,-326,1,0.5365
above_good,51,80,-321,1,0.5331
above_good,51,85,-316,1,0.5357
above_good,51,90,-311,1,0.5401
above_good,51,95,-306,1,0.5297
above_good,51,100,-301,1,0.5365
above_good,51,105,-296,1,0.5377
above_good,51,110,-291,1,0.529
above_good,51,115,-286,1,0.5191
above_good,51,120,-281,1,0.5312
above_good,51,125,-276,1,0.5378
above_good,51,130,-271,1,0.5427
above_good,51,135,-266,1,0.5446
above_good,51,140,-261,1,0.5469
above_good,51,145,-256,1,0.5325
above_good,51,150,-251,1,0.5243
above_good,51,155,-246,1,0.5133
above_good,51,160,-241,1,0.5109
above_good,51,165,-236,1,0.5054
above_good,51,170,-231,1,0.4951
above_good,51,175,-226,1,0.4851
above_good,51,180,-221,1,0.4811
above_good,51,185,-216,1,0.4606
above_good,51,190,-211,1,0.445
above_good,51,195,-206,1,0.4452
above_good,51,200,-201,1,0.4451
above_good,51,205,-196,1,0.4379
above_good,51,210,-191,1,0.4435
above_good,51,215,-186,1,0.441
above_good,51,220,-181,1,0.4389
above_good,51,225,-176,1,0.4247
above_good,51,230,-171,1,0.4283
above_good,51,235,-166,1,0.4327
above_good,51,240,-161,1,0.4575
above_good,51,245,-156,1,0.4838
above_good,51,250,-151,1,0.5069
above_good,51,255,-146,1,0.5199
above_good,51,260,-141,1,0.536
above_good,51,265,-136,1,0.5308
above_good,51,270,-131,1,0.5257
above_good,51,275,-126,1,0.5312
above_good,51,280,-121,1,0.5323
above_good,51,285,-116,1,0.5302
above_good,51,290,-111,1,0.5363
above_good,51,295,-106,1,0.5475
above_good,51,300,-101,1,0.5523
above_good,51,305,-96,1,0.5473
above_good,51,310,-91,1,0.5494
above_good,51,315,-86,1,0.5564
above_good,51,320,-81,1,0.5377
above_good,51,325,-76,1,0.5353
above_good,51,330,-71,1,0.5338
above_good,51,335,-66,1,0.5187
above_good,51,340,-61,1,0.5079
above_good,51,345,-56,1,0.5031
above_good,51,350,-51,1,0.4872
above_good,51,355,-46,1,0.477
above_good,51,360,-41,1,0.4844
above_good,51,365,-36,1,0.4719
above_good,51,370,-31,1,0.4762
above_good,51,375,-26,1,0.4891
above_good,51,380,-21,1,0.4994
above_good,51,385,-16,1,0.5177
above_good,51,390,-11,1,0.5378
above_good,51,395,-6,1,0.5493
above_good,51,400,-1,1,0.5521
above_good,52,0,-264,1,0.4914
above_good,52,5,-259,1,0.4958
above_good,52,10,-254,1,0.5065
above_good,52,15,-249,1,0.51
above_good,52,20,-244,1,0.5197
above_good,52,25,-239,1,0.5317
above_good,52,30,-234,1,0.5323
above_good,52,35,-229,1,0.5246
above_good,52,40,-224,1,0.5219
above_good,52,45,-219,1,0.5137
above_good,52,50,-214,1,0.5038
above_good,52,55,-209,1,0.5036
above_good,52,60,-204,1,0.5026
above_good,52,65,-199,1,0.5057
above_good,52,70,-194,1,0.5119
above_good,52,75,-189,1,0.5241
above_good,52,80,-184,1,0.5352
above_good,52,85,-179,1,0.5447
above_good,52,90,-174,1,0.5447
above_good,52,95,-169,1,0.5367
above_good,52,100,-164,1,0.5289
above_good,52,105,-159,1,0.5169
above_good,52,110,-154,1,0.5081
above_good,52,115,-149,1,0.5032
above_good,52,120,-144,1,0.5042
above_good,52,125,-139,1,0.5035
above_good,52,130,-134,1,0.4942
above_good,52,135,-129,1,0.4847
above_good,52,140,-124,1,0.4773
above_good,52,145,-119,1,0.4751
above_good,52,150,-114,1,0.4771
above_good,52,155,-109,1,0.4987
above_good,52,160,-104,1,0.5177
above_good,52,165,-99,1,0.5314
above_good,52,170,-94,1,0.529
above_good,52,175,-89,1,0.5327
above_good,52,180,-84,1,0.5276
above_good,52,185,-79,1,0.529
above_good,52,190,-74,1,0.5297
above_good,52,195,-69,1,0.5373
above_good,52,200,-64,1,0.5352
above_good,52,205,-59,1,0.5314
above_good,52,210,-54,1,0.5206
above_good,52,215,-49,1,0.5354
above_good,52,220,-44,1,0.5445
above_good,52,225,-39,1,0.5472
above_good,52,230,-34,1,0.559
above_good,52,235,-29,1,0.5627
above_good,52,240,-24,1,0.5499
above_good,52,245,-19,1,0.5505
above_good,52,250,-14,1,0.561
above_good,52,255,-9,1,0.5656
above_good,52,260,-4,1,0.5709
above_good,52,265,1,1,0.5736
above_good,52,270,6,1,0.568
above_good,52,275,11,1,0.5602
above_good,52,280,16,1,0.5517
above_good,52,285,21,1,0.5521
above_good,52,290,26,1,0.5496
above_good,53,0,-353,1,0.4978
above_good,53,5,-348,1,0.5043
above_good,53,10,-343,1,0.5083
above_good,53,15,-338,1,0.5109
above_good,53,20,-333,1,0.5112
above_good,53,25,-328,1,0.5139
above_good,53,30,-323,1,0.5073
above_good,53,35,-318,1,0.4995
above_good,53,40,-313,1,0.5013
above_good,53,45,-308,1,0.5058
above_good,53,50,-303,1,0.5085
above_good,53,55,-298,1,0.5192
above_good,53,60,-293,1,0.5318
above_good,53,65,-288,1,0.5332
above_good,53,70,-283,1,0.5324
above_good,53,75,-278,1,0.5418
above_good,53,80,-273,1,0.541
above_good,53,85,-268,1,0.5385
above_good,53,90,-263,1,0.5415
above_good,53,95,-258,1,0.5333
above_good,53,100,-253,1,0.5246
above_good,53,105,-248,1,0.5178
above_good,53,110,-243,1,0.5065
above_good,53,115,-238,1,0.4979
above_good,53,120,-233,1,0.4978
above_good,53,125,-228,1,0.5002
above_good,53,130,-223,1,0.5021
above_good,53,135,-218,1,0.5042
above_good,53,140,-213,1,0.4973
above_good,53,145,-208,1,0.498
above_good,53,150,-203,1,0.4962
above_good,53,155,-198,1,0.4901
above_good,53,160,-193,1,0.4952
above_good,53,165,-188,1,0.5008
above_good,53,170,-183,1,0.5078
above_good,53,175,-178,1,0.5041
above_good,53,180,-173,1,0.5134
above_good,53,185,-168,1,0.5142
above_good,53,190,-163,1,0.5229
above_good,53,195,-158,1,0.5261
above_good,53,200,-153,1,0.5348
above_good,53,205,-148,1,0.5355
above_good,53,210,-143,1,0.5338
above_good,53,215,-138,1,0.5195
above_good,53,220,-133,1,0.5201
above_good,53,225,-128,1,0.5244
above_good,53,230,-123,1,0.514
above_good,53,235,-118,1,0.5077
above_good,53,240,-113,1,0.5039
above_good,53,245,-108,1,0.4946
above_good,53,250,-103,1,0.4906
above_good,53,255,-98,1,0.4878
above_good,53,260,-93,1,0.4884
above_good,53,265,-88,1,0.4866
above_good,53,270,-83,1,0.4949
above_good,53,275,-78,1,0.4886
above_good,53,280,-73,1,0.4993
above_good,53,285,-68,1,0.5097
above_good,53,290,-63,1,0.5258
above_good,53,295,-58,1,0.5294
above_good,53,300,-53,1,0.5432
above_good,53,305,-48,1,0.5542
above_good,53,310,-43,1,0.5639
above_good,53,315,-38,1,0.5673
above_good,53,320,-33,1,0.5647
above_good,53,325,-28,1,0.5645
above_good,53,330,-23,1,0.5697
above_good,53,335,-18,1,0.5776
above_good,53,340,-13,1,0.5974
above_good,53,345,-8,1,0.6092
above_good,53,350,-3,1,0.6148
above_good,53,355,2,1,0.6192
above_good,54,0,-296,-1,0.5232
above_good,54,5,-291,-1,0.5239
above_good,54,10,-286,-1,0.5257
above_good,54,15,-281,-1,0.5286
above_good,54,20,-276,-1,0.5302
above_good,54,25,-271,-1,0.5401
above_good,54,30,-266,-1,0.543
above_good,54,35,-261,-1,0.5521
above_good,54,40,-256,-1,0.5493
above_good,54,45,-251,-1,0.5497
above_good,54,50,-246,-1,0.5414
above_good,54,55,-241,-1,0.542
above_good,54,60,-236,-1,0.5359
above_good,54,65,-231,-1,0.5269
above_good,54,70,-226,-1,0.5331
above_good,54,75,-221,-1,0.5367
above_good,54,80,-216,-1,0.5458
above_good,54,85,-211,-1,0.5438
above_good,54,90,-206,-1,0.5492
above_good,54,95,-201,-1,0.5423
above_good,54,100,-196,-1,0.5364
above_good,54,105,-191,-1,0.527
above_good,54,110,-186,-1,0.53
above_good,54,115,-181,-1,0.5396
above_good,54,120,-176,-1,0.5511
above_good,54,125,-171,-1,0.5616
above_good,54,130,-166,-1,0.5632
above_good,54,135,-161,-1,0.5595
above_good,54,140,-156,-1,0.5579
above_good,54,145,-151,-1,0.5509
above_good,54,150,-146,-1,0.5507
above_good,54,155,-141,-1,0.5494
above_good,54,160,-136,-1,0.5505
above_good,54,165,-131,-1,0.5475
above_good,54,170,-126,-1,0.5423
above_good,54,175,-121,-1,0.5234
above_good,54,180,-116,-1,0.5197
above_good,54,185,-111,-1,0.5172
above_good,54,190,-106,-1,0.5121
above_good,54,195,-101,-1,0.5062
above_good,54,200,-96,-1,0.5168
above_good,54,205,-91,-1,0.5151
above_good,54,210,-86,-1,0.5112
above_good,54,215,-81,-1,0.5082
above_good,54,220,-76,-1,0.5113
above_good,54,225,-71,-1,0.5204
above_good,54,230,-66,-1,0.524
above_good,54,235,-61,-1,0.5294
above_good,54,240,-56,-1,0.5416
above_good,54,245,-51,-1,0.5527
above_good,54,250,-46,-1,0.5455
above_good,54,255,-41,-1,0.5559
above_good,54,260,-36,-1,0.5636
above_good,54,265,-31,-1,0.5634
above_good,54,270,-26,-1,0.5606
above_good,54,275,-21,-1,0.5694
above_good,54,280,-16,-1,0.5642
above_good,54,285,-11,-1,0.5672
above_good,54,290,-6,-1,0.5748
above_good,54,295,-1,-1,0.5821
above_good,54,300,4,-1,0.5816
above_good,56,0,-308,1,0.5234
above_good,56,5,-303,1,0.5239
above_good,56,10,-298,1,0.5211
above_good,56,15,-293,1,0.5222
above_good,56,20,-288,1,0.5213
above_good,56,25,-283,1,0.5303
above_good,56,30,-278,1,0.5353
above_good,56,35,-273,1,0.5454
above_good,56,40,-268,1,0.5482
above_good,56,45,-263,1,0.5473
above_good,56,50,-258,1,0.5431
above_good,56,55,-253,1,0.5321
above_good,56,60,-248,1,0.5216
above_good,56,65,-243,1,0.5129
above_good,56,70,-238,1,0.5062
above_good,56,75,-233,1,0.5042
above_good,56,80,-228,1,0.5134
above_good,56,85,-223,1,0.5198
above_good,56,90,-218,1,0.5267
above_good,56,95,-213,1,0.5435
above_good,56,100,-208,1,0.5455
above_good,56,105,-203,1,0.5361
above_good,56,110,-198,1,0.5343
above_good,56,115,-193,1,0.5317
above_good,56,120,-188,1,0.529
above_good,56,125,-183,1,0.5279
above_good,56,130,-178,1,0.5287
above_good,56,135,-173,1,0.519
above_good,56,140,-168,1,0.5167
above_good,56,145,-163,1,0.5019
above_good,56,150,-158,1,0.4984
above_good,56,155,-153,1,0.5077
above_good,56,160,-148,1,0.5187
above_good,56,165,-143,1,0.525
above_good,56,170,-138,1,0.5324
above_good,56,175,-133,1,0.5436
above_good,56,180,-128,1,0.5428
above_good,56,185,-123,1,0.5351
above_good,56,190,-118,1,0.531
above_good,56,195,-113,1,0.5399
above_good,56,200,-108,1,0.5339
above_good,56,205,-103,1,0.5287
above_good,56,210,-98,1,0.5402
above_good,56,215,-93,1,0.5395
above_good,56,220,-88,1,0.531
above_good,56,225,-83,1,0.5321
above_good,56,230,-78,1,0.5361
above_good,56,235,-73,1,0.5324
above_good,56,240,-68,1,0.5332
above_good,56,245,-63,1,0.5305
above_good,56,250,-58,1,0.5272
above_good,56,255,-53,1,0.5272
above_good,56,260,-48,1,0.5444
above_good,56,265,-43,1,0.5584
above_good,56,270,-38,1,0.5643
above_good,56,275,-33,1,0.5715
above_good,56,280,-28,1,0.5751
above_good,56,285,-23,1,0.5665
above_good,56,290,-18,1,0.5657
above_good,56,295,-13,1,0.5778
above_good,56,300,-8,1,0.5834
above_good,56,305,-3,1,0.5817
above_good,56,310,2,1,0.568
above_good,56,315,7,1,0.5538
above_good,56,320,12,1,0.5273
above_good,56,325,17,1,0.513
above_good,56,330,22,1,0.5142
above_good,56,335,27,1,0.5142
above_good,56,340,32,1,0.5135
above_good,57,0,,1,0.5322
above_good,57,5,,1,0.5321
above_good,57,10,,1,0.5309
above_good,57,15,,1,0.5191
above_good,57,20,,1,0.5151
above_good,57,25,,1,0.5233
above_good,57,30,,1,0.5235
above_good,57,35,,1,0.533
above_good,57,40,,1,0.5485
above_good,57,45,,1,0.5559
above_good,57,50,,1,0.5532
above_good,57,55,,1,0.5496
above_good,57,60,,1,0.5434
above_good,57,65,,1,0.5377
above_good,57,70,,1,0.5394
above_good,57,75,,1,0.5491
above_good,57,80,,1,0.5551
above_good,57,85,,1,0.5535
above_good,57,90,,1,0.5509
above_good,57,95,,1,0.5319
above_good,57,100,,1,0.5156
above_good,57,105,,1,0.511
above_good,57,110,,1,0.4997
above_good,57,115,,1,0.4988
above_good,57,120,,1,0.4776
above_good,57,125,,1,0.4592
above_good,57,130,,1,0.4424
above_good,57,135,,1,0.4306
above_good,57,140,,1,0.4213
above_good,57,145,,1,0.4253
above_good,57,150,,1,0.4207
above_good,57,155,,1,0.4215
above_good,57,160,,1,0.4422
above_good,57,165,,1,0.4593
above_good,57,170,,1,0.4801
above_good,57,175,,1,0.4999
above_good,57,180,,1,0.5142
above_good,57,185,,1,0.5134
above_good,57,190,,1,0.5087
above_good,57,195,,1,0.5151
above_good,57,200,,1,0.524
above_good,57,205,,1,0.5299
above_good,57,210,,1,0.5302
above_good,57,215,,1,0.5349
above_good,57,220,,1,0.5411
above_good,57,225,,1,0.5423
above_good,57,230,,1,0.5409
above_good,57,235,,1,0.5515
above_good,57,240,,1,0.5537
above_good,57,245,,1,0.5484
above_good,57,250,,1,0.5505
above_good,57,255,,1,0.5541
above_good,57,260,,1,0.5516
above_good,57,265,,1,0.5457
above_good,57,270,,1,0.5377
above_good,57,275,,1,0.5224
above_good,57,280,,1,0.5077
above_good,57,285,,1,0.4907
above_good,57,290,,1,0.4865
above_good,57,295,,1,0.4957
above_good,57,300,,1,0.516
above_good,57,305,,1,0.5231
above_good,57,310,,1,0.5348
above_good,57,315,,1,0.533
above_good,57,320,,1,0.5364
above_good,57,325,,1,0.5221
above_good,57,330,,1,0.5145
above_good,57,335,,1,0.5115
above_good,57,340,,1,0.5128
above_good,57,345,,1,0.489
above_good,57,350,,1,0.4869
above_good,57,355,,1,0.4906
above_good,57,360,,1,0.4858
above_good,57,365,,1,0.4884
above_good,57,370,,1,0.5063
above_good,57,375,,1,0.5133
above_good,57,380,,1,0.5138
above_good,57,385,,1,0.5148
above_good,57,390,,1,0.5183
above_good,57,395,,1,0.518
above_good,57,400,,1,0.5333
above_good,57,405,,1,0.547
above_good,57,410,,1,0.5475
above_good,57,415,,1,0.55
above_good,57,420,,1,0.548
above_good,57,425,,1,0.531
above_good,57,430,,1,0.5302
above_good,57,435,,1,0.5007
above_good,57,440,,1,0.4449
above_good,57,445,,1,0.4106
above_good,57,450,,1,0.3816
above_good,57,455,,1,0.3374
above_good,57,460,,1,0.324
above_good,57,465,,1,0.3141
above_good,57,470,,1,0.299
above_good,57,475,,1,0.2752
above_good,57,480,,1,0.2499
above_good,57,485,,1,0.2457
above_good,57,490,,1,0.2541
above_good,57,495,,1,0.2416
above_good,57,500,,1,0.2456
above_good,57,505,,1,0.2526
above_good,57,510,,1,0.2564
above_good,57,515,,1,0.2485
above_good,57,520,,1,0.2629
above_good,57,525,,1,0.262
above_good,57,530,,1,0.2699
above_good,57,535,,1,0.2672
above_good,57,540,,1,0.2756
above_good,57,545,,1,0.2853
above_good,57,550,,1,0.2912
above_good,57,555,,1,0.3014
above_good,57,560,,1,0.299
above_good,57,565,,1,0.2956
above_good,57,570,,1,0.2982
above_good,57,575,,1,0.3198
above_good,57,580,,1,0.3436
above_good,57,585,,1,0.381
above_good,57,590,,1,0.4253
above_good,57,595,,1,0.4321
above_good,57,600,,1,0.4278
above_good,57,605,,1,0.3882
above_good,57,610,,1,0.3633
above_good,57,615,,1,0.3482
above_good,57,620,,1,0.3423
above_good,57,625,,1,0.3227
above_good,59,0,,1,0.5159
above_good,59,5,,1,0.5101
above_good,59,10,,1,0.5098
above_good,59,15,,1,0.5197
above_good,59,20,,1,0.5229
above_good,59,25,,1,0.5359
above_good,59,30,,1,0.5453
above_good,59,35,,1,0.5504
above_good,59,40,,1,0.5467
above_good,59,45,,1,0.5429
above_good,59,50,,1,0.5296
above_good,59,55,,1,0.5287
above_good,59,60,,1,0.5291
above_good,59,65,,1,0.5305
above_good,59,70,,1,0.5416
above_good,59,75,,1,0.5502
above_good,59,80,,1,0.5607
above_good,59,85,,1,0.5696
above_good,59,90,,1,0.5775
above_good,59,95,,1,0.5756
above_good,59,100,,1,0.5696
above_good,59,105,,1,0.5582
above_good,59,110,,1,0.5577
above_good,59,115,,1,0.5505
above_good,59,120,,1,0.5436
above_good,59,125,,1,0.5482
above_good,59,130,,1,0.5513
above_good,59,135,,1,0.5286
above_good,59,140,,1,0.5203
above_good,59,145,,1,0.5259
above_good,59,150,,1,0.5114
above_good,59,155,,1,0.5081
above_good,59,160,,1,0.5182
above_good,59,165,,1,0.5246
above_good,59,170,,1,0.5213
above_good,59,175,,1,0.541
above_good,59,180,,1,0.5271
above_good,59,185,,1,0.5335
above_good,59,190,,1,0.532
above_good,59,195,,1,0.5358
above_good,59,200,,1,0.5274
above_good,59,205,,1,0.5408
above_good,59,210,,1,0.5368
above_good,59,215,,1,0.5339
above_good,59,220,,1,0.5236
above_good,59,225,,1,0.5243
above_good,59,230,,1,0.5223
above_good,59,235,,1,0.5263
above_good,59,240,,1,0.5332
above_good,59,245,,1,0.5428
above_good,59,250,,1,0.5358
above_good,59,255,,1,0.5416
above_good,59,260,,1,0.5237
above_good,59,265,,1,0.5095
above_good,59,270,,1,0.4971
above_good,59,275,,1,0.4985
above_good,59,280,,1,0.4918
above_good,59,285,,1,0.4955
above_good,59,290,,1,0.4972
above_good,59,295,,1,0.5078
above_good,59,300,,1,0.5065
above_good,59,305,,1,0.5023
above_good,59,310,,1,0.5138
above_good,59,315,,1,0.5209
above_good,59,320,,1,0.5241
above_good,59,325,,1,0.5253
above_good,59,330,,1,0.5421
above_good,59,335,,1,0.5382
above_good,59,340,,1,0.5313
above_good,59,345,,1,0.5184
above_good,59,350,,1,0.5222
above_good,59,355,,1,0.5101
above_good,59,360,,1,0.5182
above_good,59,365,,1,0.521
above_good,59,370,,1,0.5216
above_good,59,375,,1,0.5105
above_good,59,380,,1,0.5015
above_good,59,385,,1,0.4906
above_good,59,390,,1,0.4938
above_good,59,395,,1,0.4964
above_good,59,400,,1,0.4956
above_good,59,405,,1,0.5051
above_good,59,410,,1,0.4912
above_good,59,415,,1,0.4808
above_good,59,420,,1,0.4757
above_good,59,425,,1,0.4827
above_good,59,430,,1,0.481
above_good,59,435,,1,0.496
above_good,59,440,,1,0.5011
above_good,59,445,,1,0.5094
above_good,59,450,,1,0.5101
above_good,59,455,,1,0.4993
above_good,59,460,,1,0.4828
above_good,59,465,,1,0.4871
above_good,59,470,,1,0.4853
above_good,59,475,,1,0.4884
above_good,59,480,,1,0.5078
above_good,59,485,,1,0.5281
above_good,59,490,,1,0.5302
above_good,59,495,,1,0.5335
above_good,61,0,,-1,0.5301
above_good,61,5,,-1,0.5285
above_good,61,10,,-1,0.5319
above_good,61,15,,-1,0.532
above_good,61,20,,-1,0.531
above_good,61,25,,-1,0.5309
above_good,61,30,,-1,0.5253
above_good,61,35,,-1,0.529
above_good,61,40,,-1,0.5354
above_good,61,45,,-1,0.5409
above_good,61,50,,-1,0.5435
above_good,61,55,,-1,0.5474
above_good,61,60,,-1,0.5457
above_good,61,65,,-1,0.5443
above_good,61,70,,-1,0.5403
above_good,61,75,,-1,0.5526
above_good,61,80,,-1,0.5688
above_good,61,85,,-1,0.5847
above_good,61,90,,-1,0.5893
above_good,61,95,,-1,0.5932
above_good,61,100,,-1,0.5792
above_good,61,105,,-1,0.566
above_good,61,110,,-1,0.5482
above_good,61,115,,-1,0.5402
above_good,61,120,,-1,0.5319
above_good,61,125,,-1,0.5221
above_good,61,130,,-1,0.5189
above_good,61,135,,-1,0.5153
above_good,61,140,,-1,0.5115
above_good,61,145,,-1,0.5152
above_good,61,150,,-1,0.5349
above_good,61,155,,-1,0.5352
above_good,61,160,,-1,0.5295
above_good,61,165,,-1,0.5304
above_good,61,170,,-1,0.5238
above_good,61,175,,-1,0.5097
above_good,61,180,,-1,0.506
above_good,61,185,,-1,0.5108
above_good,61,190,,-1,0.5188
above_good,61,195,,-1,0.5169
above_good,61,200,,-1,0.5161
above_good,61,205,,-1,0.5136
above_good,61,210,,-1,0.5056
above_good,61,215,,-1,0.4823
above_good,61,220,,-1,0.4862
above_good,61,225,,-1,0.4836
above_good,61,230,,-1,0.4866
above_good,61,235,,-1,0.5042
above_good,61,240,,-1,0.522
above_good,61,245,,-1,0.5221
above_good,61,250,,-1,0.5293
above_good,61,255,,-1,0.533
above_good,61,260,,-1,0.5386
above_good,61,265,,-1,0.5411
above_good,61,270,,-1,0.5469
above_good,61,275,,-1,0.5489
above_good,61,280,,-1,0.5482
above_good,61,285,,-1,0.5307
above_good,61,290,,-1,0.5224
above_good,61,295,,-1,0.5228
above_good,61,300,,-1,0.5123
above_good,61,305,,-1,0.5053
above_good,61,310,,-1,0.5052
above_good,61,315,,-1,0.5081
above_good,61,320,,-1,0.4966
above_good,61,325,,-1,0.4741
above_good,61,330,,-1,0.4614
above_good,61,335,,-1,0.4583
above_good,61,340,,-1,0.414
above_good,61,345,,-1,0.3547
above_good,61,350,,-1,0.3235
above_good,61,355,,-1,0.2875
above_good,61,360,,-1,0.2407
above_good,61,365,,-1,0.2286
above_good,61,370,,-1,0.2354
above_good,61,375,,-1,0.2419
above_good,61,380,,-1,0.2342
above_good,61,385,,-1,0.2175
above_good,61,390,,-1,0.2149
above_good,61,395,,-1,0.2309
above_good,61,400,,-1,0.2441
above_good,61,405,,-1,0.2737
above_good,61,410,,-1,0.2984
above_good,61,415,,-1,0.3208
above_good,61,420,,-1,0.3269
above_good,61,425,,-1,0.3296
above_good,61,430,,-1,0.3492
above_good,61,435,,-1,0.3565
above_good,61,440,,-1,0.3558
above_good,61,445,,-1,0.3568
above_good,61,450,,-1,0.3594
above_good,61,455,,-1,0.3413
above_good,61,460,,-1,0.3482
above_good,61,465,,-1,0.3502
above_good,61,470,,-1,0.338
above_good,61,475,,-1,0.3207
above_good,61,480,,-1,0.3027
above_good,61,485,,-1,0.2811
above_good,61,490,,-1,0.2627
above_good,61,495,,-1,0.2566
above_good,61,500,,-1,0.2768
above_good,61,505,,-1,0.2902
above_good,61,510,,-1,0.31
above_good,61,515,,-1,0.3267
above_good,61,520,,-1,0.3398
above_good,61,525,,-1,0.3358
above_good,61,530,,-1,0.3259
above_good,61,535,,-1,0.3213
above_good,61,540,,-1,0.3127
above_good,61,545,,-1,0.3189
above_good,61,550,,-1,0.3225
above_good,61,555,,-1,0.3202
above_good,61,560,,-1,0.3202
above_good,61,565,,-1,0.3084
above_good,61,570,,-1,0.2905
above_good,61,575,,-1,0.2797
above_good,61,580,,-1,0.2789
above_good,61,585,,-1,0.2672
above_good,61,590,,-1,0.2756
above_good,61,595,,-1,0.2677
above_good,61,600,,-1,0.2669
above_good,61,605,,-1,0.2801
above_good,61,610,,-1,0.3219
above_good,61,615,,-1,0.3411
above_good,61,620,,-1,0.3891
above_good,61,625,,-1,0.4095
above_good,61,630,,-1,0.43
above_good,61,635,,-1,0.4136
above_good,61,640,,-1,0.4283
above_good,62,0,-372,1,0.5397
above_good,62,5,-367,1,0.5369
above_good,62,10,-362,1,0.5305
above_good,62,15,-357,1,0.5331
above_good,62,20,-352,1,0.5245
above_good,62,25,-347,1,0.5303
above_good,62,30,-342,1,0.5392
above_good,62,35,-337,1,0.5542
above_good,62,40,-332,1,0.5656
above_good,62,45,-327,1,0.5696
above_good,62,50,-322,1,0.5604
above_good,62,55,-317,1,0.5518
above_good,62,60,-312,1,0.5333
above_good,62,65,-307,1,0.5138
above_good,62,70,-302,1,0.5153
above_good,62,75,-297,1,0.5258
above_good,62,80,-292,1,0.5246
above_good,62,85,-287,1,0.529
above_good,62,90,-282,1,0.5233
above_good,62,95,-277,1,0.5159
above_good,62,100,-272,1,0.5104
above_good,62,105,-267,1,0.5091
above_good,62,110,-262,1,0.5055
above_good,62,115,-257,1,0.5137
above_good,62,120,-252,1,0.5098
above_good,62,125,-247,1,0.5043
above_good,62,130,-242,1,0.5042
above_good,62,135,-237,1,0.5023
above_good,62,140,-232,1,0.4994
above_good,62,145,-227,1,0.5007
above_good,62,150,-222,1,0.4996
above_good,62,155,-217,1,0.4997
above_good,62,160,-212,1,0.5095
above_good,62,165,-207,1,0.5092
above_good,62,170,-202,1,0.5205
above_good,62,175,-197,1,0.5187
above_good,62,180,-192,1,0.4975
above_good,62,185,-187,1,0.4789
above_good,62,190,-182,1,0.4666
above_good,62,195,-177,1,0.4354
above_good,62,200,-172,1,0.4293
above_good,62,205,-167,1,0.4478
above_good,62,210,-162,1,0.4574
above_good,62,215,-157,1,0.4679
above_good,62,220,-152,1,0.4952
above_good,62,225,-147,1,0.5073
above_good,62,230,-142,1,0.5125
above_good,62,235,-137,1,0.5205
above_good,62,240,-132,1,0.5278
above_good,62,245,-127,1,0.5317
above_good,62,250,-122,1,0.5333
above_good,62,255,-117,1,0.5363
above_good,62,260,-112,1,0.5421
above_good,62,265,-107,1,0.5399
above_good,62,270,-102,1,0.541
above_good,62,275,-97,1,0.5427
above_good,62,280,-92,1,0.5406
above_good,62,285,-87,1,0.5399
above_good,62,290,-82,1,0.5364
above_good,62,295,-77,1,0.5415
above_good,62,300,-72,1,0.5396
above_good,62,305,-67,1,0.5511
above_good,62,310,-62,1,0.5561
above_good,62,315,-57,1,0.566
above_good,62,320,-52,1,0.5684
above_good,62,325,-47,1,0.5793
above_good,62,330,-42,1,0.5714
above_good,62,335,-37,1,0.5666
above_good,62,340,-32,1,0.5736
above_good,62,345,-27,1,0.5736
above_good,62,350,-22,1,0.5748
above_good,62,355,-17,1,0.589
above_good,62,360,-12,1,0.6069
above_good,62,365,-7,1,0.6131
above_good,62,370,-2,1,0.6223
above_good,63,0,-381,1,0.5349
above_good,63,5,-376,1,0.5331
above_good,63,10,-371,1,0.5307
above_good,63,15,-366,1,0.5291
above_good,63,20,-361,1,0.5254
above_good,63,25,-356,1,0.533
above_good,63,30,-351,1,0.5385
above_good,63,35,-346,1,0.5486
above_good,63,40,-341,1,0.5506
above_good,63,45,-336,1,0.5549
above_good,63,50,-331,1,0.5473
above_good,63,55,-326,1,0.5427
above_good,63,60,-321,1,0.5308
above_good,63,65,-316,1,0.5373
above_good,63,70,-311,1,0.537
above_good,63,75,-306,1,0.5451
above_good,63,80,-301,1,0.5534
above_good,63,85,-296,1,0.5691
above_good,63,90,-291,1,0.5702
above_good,63,95,-286,1,0.5675
above_good,63,100,-281,1,0.5671
above_good,63,105,-276,1,0.5529
above_good,63,110,-271,1,0.5421
above_good,63,115,-266,1,0.5356
above_good,63,120,-261,1,0.5336
above_good,63,125,-256,1,0.5178
above_good,63,130,-251,1,0.5182
above_good,63,135,-246,1,0.5159
above_good,63,140,-241,1,0.5115
above_good,63,145,-236,1,0.5038
above_good,63,150,-231,1,0.4989
above_good,63,155,-226,1,0.4968
above_good,63,160,-221,1,0.4863
above_good,63,165,-216,1,0.4837
above_good,63,170,-211,1,0.485
above_good,63,175,-206,1,0.4926
above_good,63,180,-201,1,0.493
above_good,63,185,-196,1,0.4909
above_good,63,190,-191,1,0.4836
above_good,63,195,-186,1,0.496
above_good,63,200,-181,1,0.4997
above_good,63,205,-176,1,0.4997
above_good,63,210,-171,1,0.5053
above_good,63,215,-166,1,0.5118
above_good,63,220,-161,1,0.5024
above_good,63,225,-156,1,0.5012
above_good,63,230,-151,1,0.503
above_good,63,235,-146,1,0.5184
above_good,63,240,-141,1,0.5303
above_good,63,245,-136,1,0.5395
above_good,63,250,-131,1,0.5449
above_good,63,255,-126,1,0.5503
above_good,63,260,-121,1,0.5455
above_good,63,265,-116,1,0.5374
above_good,63,270,-111,1,0.5295
above_good,63,275,-106,1,0.5263
above_good,63,280,-101,1,0.5247
above_good,63,285,-96,1,0.5119
above_good,63,290,-91,1,0.5083
above_good,63,295,-86,1,0.5133
above_good,63,300,-81,1,0.5139
above_good,63,305,-76,1,0.513
above_good,63,310,-71,1,0.5164
above_good,63,315,-66,1,0.5254
above_good,63,320,-61,1,0.5347
above_good,63,325,-56,1,0.5443
above_good,63,330,-51,1,0.5537
above_good,63,335,-46,1,0.5651
above_good,63,340,-41,1,0.5624
above_good,63,345,-36,1,0.5554
above_good,63,350,-31,1,0.5523
above_good,63,355,-26,1,0.5517
above_good,63,360,-21,1,0.558
above_good,63,365,-16,1,0.5615
above_good,63,370,-11,1,0.5619
above_good,63,375,-6,1,0.5602
above_good,63,380,-1,1,0.555
above_good,63,385,4,1,0.5461
above_good,63,390,9,1,0.5431
above_good,64,0,,-1,0.5352
above_good,64,5,,-1,0.5356
above_good,64,10,,-1,0.5346
above_good,64,15,,-1,0.5314
above_good,64,20,,-1,0.5335
above_good,64,25,,-1,0.5288
above_good,64,30,,-1,0.5294
above_good,64,35,,-1,0.5183
above_good,64,40,,-1,0.5194
above_good,64,45,,-1,0.5214
above_good,64,50,,-1,0.5249
above_good,64,55,,-1,0.5242
above_good,64,60,,-1,0.53
above_good,64,65,,-1,0.5363
above_good,64,70,,-1,0.5313
above_good,64,75,,-1,0.5448
above_good,64,80,,-1,0.5531
above_good,64,85,,-1,0.5639
above_good,64,90,,-1,0.5598
above_good,64,95,,-1,0.564
above_good,64,100,,-1,0.5517
above_good,64,105,,-1,0.5446
above_good,64,110,,-1,0.5328
above_good,64,115,,-1,0.5335
above_good,64,120,,-1,0.5335
above_good,64,125,,-1,0.5308
above_good,64,130,,-1,0.5354
above_good,64,135,,-1,0.5415
above_good,64,140,,-1,0.5434
above_good,64,145,,-1,0.5408
above_good,64,150,,-1,0.5424
above_good,64,155,,-1,0.533
above_good,64,160,,-1,0.539
above_good,64,165,,-1,0.5348
above_good,64,170,,-1,0.5465
above_good,64,175,,-1,0.559
above_good,64,180,,-1,0.568
above_good,64,185,,-1,0.568
above_good,64,190,,-1,0.5717
above_good,64,195,,-1,0.5599
above_good,64,200,,-1,0.5526
above_good,64,205,,-1,0.5534
above_good,64,210,,-1,0.5443
above_good,64,215,,-1,0.5403
above_good,64,220,,-1,0.5367
above_good,64,225,,-1,0.5309
above_good,64,230,,-1,0.5222
above_good,64,235,,-1,0.5106
above_good,64,240,,-1,0.5008
above_good,64,245,,-1,0.497
above_good,64,250,,-1,0.4909
above_good,64,255,,-1,0.4797
above_good,64,260,,-1,0.4975
above_good,64,265,,-1,0.5004
above_good,64,270,,-1,0.4986
above_good,64,275,,-1,0.4981
above_good,64,280,,-1,0.4994
above_good,64,285,,-1,0.4784
above_good,64,290,,-1,0.4784
above_good,64,295,,-1,0.4807
above_good,64,300,,-1,0.4774
above_good,64,305,,-1,0.459
above_good,64,310,,-1,0.4213
above_good,64,315,,-1,0.3649
above_good,64,320,,-1,0.3121
above_good,64,325,,-1,0.2934
above_good,64,330,,-1,0.2714
above_good,64,335,,-1,0.2605
above_good,64,340,,-1,0.2584
above_good,64,345,,-1,0.26
above_good,64,350,,-1,0.2338
above_good,64,355,,-1,0.2329
above_good,64,360,,-1,0.2485
above_good,64,365,,-1,0.276
above_good,64,370,,-1,0.2847
above_good,64,375,,-1,0.2995
above_good,64,380,,-1,0.3112
above_good,64,385,,-1,0.3136
above_good,64,390,,-1,0.2975
above_good,64,395,,-1,0.3023
above_good,64,400,,-1,0.3047
above_good,64,405,,-1,0.2996
above_good,64,410,,-1,0.2942
above_good,64,415,,-1,0.3135
above_good,64,420,,-1,0.2959
above_good,64,425,,-1,0.2794
above_good,64,430,,-1,0.2602
above_good,64,435,,-1,0.2501
above_good,64,440,,-1,0.2265
above_good,64,445,,-1,0.2234
above_good,64,450,,-1,0.2258
above_good,64,455,,-1,0.2364
above_good,64,460,,-1,0.2465
above_good,64,465,,-1,0.2613
above_good,64,470,,-1,0.284
above_good,64,475,,-1,0.2753
above_good,64,480,,-1,0.2897
above_good,64,485,,-1,0.2869
above_good,64,490,,-1,0.2832
above_good,64,495,,-1,0.2797
above_good,64,500,,-1,0.2892
above_good,64,505,,-1,0.2866
above_good,64,510,,-1,0.2798
above_good,64,515,,-1,0.2724
above_good,64,520,,-1,0.2421
above_good,64,525,,-1,0.2212
above_good,64,530,,-1,0.2029
above_good,64,535,,-1,0.1882
above_good,64,540,,-1,0.1642
above_good,64,545,,-1,0.1653
above_good,64,550,,-1,0.1704
above_good,64,555,,-1,0.1655
above_good,64,560,,-1,0.1989
above_good,64,565,,-1,0.2205
above_good,64,570,,-1,0.232
above_good,64,575,,-1,0.2321
above_good,64,580,,-1,0.2464
above_good,64,585,,-1,0.2339
above_good,64,590,,-1,0.2352
above_good,64,595,,-1,0.2365
above_good,64,600,,-1,0.2566
above_good,64,605,,-1,0.2377
above_good,64,610,,-1,0.2276
above_good,64,615,,-1,0.2166
above_good,64,620,,-1,0.2225
above_good,64,625,,-1,0.2287
above_good,64,630,,-1,0.2714
above_good,64,635,,-1,0.3057
above_good,64,640,,-1,0.3274
above_good,64,645,,-1,0.3501
above_good,64,650,,-1,0.3662
above_good,64,655,,-1,0.3643
above_good,64,660,,-1,0.381
above_good,64,665,,-1,0.4012
above_good,64,670,,-1,0.4097
above_good,65,0,,-1,0.5291
above_good,65,5,,-1,0.5279
above_good,65,10,,-1,0.5266
above_good,65,15,,-1,0.5294
above_good,65,20,,-1,0.5324
above_good,65,25,,-1,0.5393
above_good,65,30,,-1,0.5345
above_good,65,35,,-1,0.5351
above_good,65,40,,-1,0.5393
above_good,65,45,,-1,0.5314
above_good,65,50,,-1,0.5249
above_good,65,55,,-1,0.5227
above_good,65,60,,-1,0.5217
above_good,65,65,,-1,0.5055
above_good,65,70,,-1,0.5099
above_good,65,75,,-1,0.5078
above_good,65,80,,-1,0.5091
above_good,65,85,,-1,0.5157
above_good,65,90,,-1,0.5287
above_good,65,95,,-1,0.5314
above_good,65,100,,-1,0.5412
above_good,65,105,,-1,0.5501
above_good,65,110,,-1,0.5477
above_good,65,115,,-1,0.5422
above_good,65,120,,-1,0.5369
above_good,65,125,,-1,0.5284
above_good,65,130,,-1,0.5243
above_good,65,135,,-1,0.5173
above_good,65,140,,-1,0.5188
above_good,65,145,,-1,0.5137
above_good,65,150,,-1,0.5122
above_good,65,155,,-1,0.4988
above_good,65,160,,-1,0.4883
above_good,65,165,,-1,0.4774
above_good,65,170,,-1,0.4632
above_good,65,175,,-1,0.4522
above_good,65,180,,-1,0.4626
above_good,65,185,,-1,0.4777
above_good,65,190,,-1,0.4757
above_good,65,195,,-1,0.4949
above_good,65,200,,-1,0.5129
above_good,65,205,,-1,0.5111
above_good,65,210,,-1,0.5156
above_good,65,215,,-1,0.5231
above_good,65,220,,-1,0.509
above_good,65,225,,-1,0.4939
above_good,65,230,,-1,0.4783
above_good,65,235,,-1,0.4519
above_good,65,240,,-1,0.4381
above_good,65,245,,-1,0.4415
above_good,65,250,,-1,0.4458
above_good,65,255,,-1,0.4626
above_good,65,260,,-1,0.4753
above_good,65,265,,-1,0.477
above_good,65,270,,-1,0.467
above_good,65,275,,-1,0.4512
above_good,65,280,,-1,0.443
above_good,65,285,,-1,0.4326
above_good,65,290,,-1,0.4409
above_good,65,295,,-1,0.46
above_good,65,300,,-1,0.4768
above_good,65,305,,-1,0.482
above_good,65,310,,-1,0.497
above_good,65,315,,-1,0.4985
above_good,65,320,,-1,0.4903
above_good,65,325,,-1,0.4861
above_good,65,330,,-1,0.4823
above_good,65,335,,-1,0.4699
above_good,65,340,,-1,0.4603
above_good,65,345,,-1,0.4533
above_good,65,350,,-1,0.4555
above_good,65,355,,-1,0.4618
above_good,65,360,,-1,0.4578
above_good,65,365,,-1,0.4608
above_good,65,370,,-1,0.4697
above_good,65,375,,-1,0.4624
above_good,65,380,,-1,0.4568
above_good,65,385,,-1,0.4629
above_good,65,390,,-1,0.4755
above_good,65,395,,-1,0.4752
above_good,65,400,,-1,0.4771
above_good,65,405,,-1,0.4594
above_good,65,410,,-1,0.4276
above_good,65,415,,-1,0.4005
above_good,65,420,,-1,0.359
above_good,65,425,,-1,0.3238
above_good,65,430,,-1,0.3151
above_good,65,435,,-1,0.326
above_good,65,440,,-1,0.2952
above_good,65,445,,-1,0.2775
above_good,65,450,,-1,0.319
above_good,65,455,,-1,0.3115
above_good,65,460,,-1,0.3205
above_good,65,465,,-1,0.3614
above_good,65,470,,-1,0.4115
above_good,65,475,,-1,0.3752
above_good,65,480,,-1,0.3879
above_good,65,485,,-1,0.3879
above_good,65,490,,-1,0.3739
above_good,66,0,-644,1,0.4944
above_good,66,5,-639,1,0.4904
above_good,66,10,-634,1,0.4894
above_good,66,15,-629,1,0.4961
above_good,66,20,-624,1,0.4993
above_good,66,25,-619,1,0.5017
above_good,66,30,-614,1,0.5068
above_good,66,35,-609,1,0.5093
above_good,66,40,-604,1,0.5013
above_good,66,45,-599,1,0.512
above_good,66,50,-594,1,0.5127
above_good,66,55,-589,1,0.516
above_good,66,60,-584,1,0.5112
above_good,66,65,-579,1,0.5217
above_good,66,70,-574,1,0.5134
above_good,66,75,-569,1,0.5038
above_good,66,80,-564,1,0.4852
above_good,66,85,-559,1,0.4799
above_good,66,90,-554,1,0.4687
above_good,66,95,-549,1,0.4613
above_good,66,100,-544,1,0.4707
above_good,66,105,-539,1,0.4835
above_good,66,110,-534,1,0.4902
above_good,66,115,-529,1,0.4966
above_good,66,120,-524,1,0.4943
above_good,66,125,-519,1,0.4853
above_good,66,130,-514,1,0.4927
above_good,66,135,-509,1,0.4973
above_good,66,140,-504,1,0.4843
above_good,66,145,-499,1,0.4793
above_good,66,150,-494,1,0.4953
above_good,66,155,-489,1,0.4996
above_good,66,160,-484,1,0.5071
above_good,66,165,-479,1,0.5289
above_good,66,170,-474,1,0.5432
above_good,66,175,-469,1,0.5228
above_good,66,180,-464,1,0.4943
above_good,66,185,-459,1,0.4737
above_good,66,190,-454,1,0.4543
above_good,66,195,-449,1,0.4484
above_good,66,200,-444,1,0.4565
above_good,66,205,-439,1,0.4739
above_good,66,210,-434,1,0.4827
above_good,66,215,-429,1,0.4847
above_good,66,220,-424,1,0.4684
above_good,66,225,-419,1,0.4638
above_good,66,230,-414,1,0.4581
above_good,66,235,-409,1,0.4589
above_good,66,240,-404,1,0.4693
above_good,66,245,-399,1,0.4798
above_good,66,250,-394,1,0.478
above_good,66,255,-389,1,0.4603
above_good,66,260,-384,1,0.4481
above_good,66,265,-379,1,0.4392
above_good,66,270,-374,1,0.4393
above_good,66,275,-369,1,0.4442
above_good,66,280,-364,1,0.4639
above_good,66,285,-359,1,0.4748
above_good,66,290,-354,1,0.4726
above_good,66,295,-349,1,0.4875
above_good,66,300,-344,1,0.5037
above_good,66,305,-339,1,0.5129
above_good,66,310,-334,1,0.5158
above_good,66,315,-329,1,0.5174
above_good,66,320,-324,1,0.5062
above_good,66,325,-319,1,0.4947
above_good,66,330,-314,1,0.4908
above_good,66,335,-309,1,0.4881
above_good,66,340,-304,1,0.4883
above_good,66,345,-299,1,0.4859
above_good,66,350,-294,1,0.4879
above_good,66,355,-289,1,0.4839
above_good,66,360,-284,1,0.4798
above_good,66,365,-279,1,0.4865
above_good,66,370,-274,1,0.4856
above_good,66,375,-269,1,0.4797
above_good,66,380,-264,1,0.4779
above_good,66,385,-259,1,0.4878
above_good,66,390,-254,1,0.4901
above_good,66,395,-249,1,0.484
above_good,66,400,-244,1,0.4794
above_good,66,405,-239,1,0.4696
above_good,66,410,-234,1,0.4577
above_good,66,415,-229,1,0.4551
above_good,66,420,-224,1,0.4694
above_good,66,425,-219,1,0.476
above_good,66,430,-214,1,0.493
above_good,66,435,-209,1,0.499
above_good,66,440,-204,1,0.4892
above_good,66,445,-199,1,0.4841
above_good,66,450,-194,1,0.4882
above_good,66,455,-189,1,0.4671
above_good,66,460,-184,1,0.4569
above_good,66,465,-179,1,0.4472
above_good,66,470,-174,1,0.4414
above_good,66,475,-169,1,0.442
above_good,66,480,-164,1,0.4497
above_good,66,485,-159,1,0.4579
above_good,66,490,-154,1,0.4658
above_good,66,495,-149,1,0.4792
above_good,66,500,-144,1,0.4756
above_good,66,505,-139,1,0.4775
above_good,66,510,-134,1,0.4884
above_good,66,515,-129,1,0.4986
above_good,66,520,-124,1,0.4935
above_good,66,525,-119,1,0.5026
above_good,66,530,-114,1,0.5119
above_good,66,535,-109,1,0.5113
above_good,66,540,-104,1,0.5139
above_good,66,545,-99,1,0.5258
above_good,66,550,-94,1,0.5341
above_good,66,555,-89,1,0.5418
above_good,66,560,-84,1,0.5553
above_good,66,565,-79,1,0.5677
above_good,66,570,-74,1,0.5533
above_good,66,575,-69,1,0.536
above_good,66,580,-64,1,0.5341
above_good,66,585,-59,1,0.5201
above_good,66,590,-54,1,0.5193
above_good,66,595,-49,1,0.5245
above_good,66,600,-44,1,0.5306
above_good,66,605,-39,1,0.5202
above_good,66,610,-34,1,0.5146
above_good,66,615,-29,1,0.4999
above_good,66,620,-24,1,0.4994
above_good,66,625,-19,1,0.5048
above_good,66,630,-14,1,0.5144
above_good,66,635,-9,1,0.5383
above_good,66,640,-4,1,0.5546
above_good,66,645,1,1,0.5636
above_good,66,650,6,1,0.5636
above_good,66,655,11,1,0.5743
above_good,67,0,-470,1,0.5315
above_good,67,5,-465,1,0.5303
above_good,67,10,-460,1,0.5301
above_good,67,15,-455,1,0.5292
above_good,67,20,-450,1,0.5327
above_good,67,25,-445,1,0.5348
above_good,67,30,-440,1,0.5396
above_good,67,35,-435,1,0.5256
above_good,67,40,-430,1,0.5282
above_good,67,45,-425,1,0.5181
above_good,67,50,-420,1,0.524
above_good,67,55,-415,1,0.5273
above_good,67,60,-410,1,0.5472
above_good,67,65,-405,1,0.5473
above_good,67,70,-400,1,0.5536
above_good,67,75,-395,1,0.5475
above_good,67,80,-390,1,0.5417
above_good,67,85,-385,1,0.527
above_good,67,90,-380,1,0.5278
above_good,67,95,-375,1,0.5264
above_good,67,100,-370,1,0.5329
above_good,67,105,-365,1,0.5291
above_good,67,110,-360,1,0.5359
above_good,67,115,-355,1,0.5339
above_good,67,120,-350,1,0.5357
above_good,67,125,-345,1,0.5277
above_good,67,130,-340,1,0.5317
above_good,67,135,-335,1,0.5275
above_good,67,140,-330,1,0.525
above_good,67,145,-325,1,0.5288
above_good,67,150,-320,1,0.5337
above_good,67,155,-315,1,0.5272
above_good,67,160,-310,1,0.5292
above_good,67,165,-305,1,0.5378
above_good,67,170,-300,1,0.5382
above_good,67,175,-295,1,0.5361
above_good,67,180,-290,1,0.5445
above_good,67,185,-285,1,0.5434
above_good,67,190,-280,1,0.5304
above_good,67,195,-275,1,0.5205
above_good,67,200,-270,1,0.5183
above_good,67,205,-265,1,0.518
above_good,67,210,-260,1,0.5155
above_good,67,215,-255,1,0.5302
above_good,67,220,-250,1,0.5404
above_good,67,225,-245,1,0.5305
above_good,67,230,-240,1,0.5228
above_good,67,235,-235,1,0.5266
above_good,67,240,-230,1,0.5095
above_good,67,245,-225,1,0.5025
above_good,67,250,-220,1,0.5004
above_good,67,255,-215,1,0.486
above_good,67,260,-210,1,0.4773
above_good,67,265,-205,1,0.4819
above_good,67,270,-200,1,0.4636
above_good,67,275,-195,1,0.4541
above_good,67,280,-190,1,0.464
above_good,67,285,-185,1,0.4668
above_good,67,290,-180,1,0.4607
above_good,67,295,-175,1,0.464
above_good,67,300,-170,1,0.4755
above_good,67,305,-165,1,0.4685
above_good,67,310,-160,1,0.4651
above_good,67,315,-155,1,0.4622
above_good,67,320,-150,1,0.458
above_good,67,325,-145,1,0.465
above_good,67,330,-140,1,0.4782
above_good,67,335,-135,1,0.4822
above_good,67,340,-130,1,0.4858
above_good,67,345,-125,1,0.4986
above_good,67,350,-120,1,0.4954
above_good,67,355,-115,1,0.4885
above_good,67,360,-110,1,0.4967
above_good,67,365,-105,1,0.4931
above_good,67,370,-100,1,0.467
above_good,67,375,-95,1,0.4496
above_good,67,380,-90,1,0.4452
above_good,67,385,-85,1,0.4395
above_good,67,390,-80,1,0.4501
above_good,67,395,-75,1,0.4709
above_good,67,400,-70,1,0.4915
above_good,67,405,-65,1,0.4903
above_good,67,410,-60,1,0.4802
above_good,67,415,-55,1,0.4742
above_good,67,420,-50,1,0.4729
above_good,67,425,-45,1,0.4644
above_good,67,430,-40,1,0.474
above_good,67,435,-35,1,0.4844
above_good,67,440,-30,1,0.4884
above_good,67,445,-25,1,0.5036
above_good,67,450,-20,1,0.5253
above_good,67,455,-15,1,0.5391
above_good,67,460,-10,1,0.552
above_good,67,465,-5,1,0.5599
above_good,67,470,0,1,0.5636
above_good,67,475,5,1,0.5596
above_good,69,0,-461,1,0.5288
above_good,69,5,-456,1,0.5239
above_good,69,10,-451,1,0.5221
above_good,69,15,-446,1,0.5209
above_good,69,20,-441,1,0.5216
above_good,69,25,-436,1,0.5338
above_good,69,30,-431,1,0.5531
above_good,69,35,-426,1,0.5549
above_good,69,40,-421,1,0.5561
above_good,69,45,-416,1,0.5502
above_good,69,50,-411,1,0.5451
above_good,69,55,-406,1,0.5284
above_good,69,60,-401,1,0.5268
above_good,69,65,-396,1,0.5264
above_good,69,70,-391,1,0.5245
above_good,69,75,-386,1,0.523
above_good,69,80,-381,1,0.5319
above_good,69,85,-376,1,0.5379
above_good,69,90,-371,1,0.5442
above_good,69,95,-366,1,0.5564
above_good,69,100,-361,1,0.5619
above_good,69,105,-356,1,0.5523
above_good,69,110,-351,1,0.5477
above_good,69,115,-346,1,0.5392
above_good,69,120,-341,1,0.5311
above_good,69,125,-336,1,0.5197
above_good,69,130,-331,1,0.5174
above_good,69,135,-326,1,0.5134
above_good,69,140,-321,1,0.5157
above_good,69,145,-316,1,0.518
above_good,69,150,-311,1,0.5245
above_good,69,155,-306,1,0.5247
above_good,69,160,-301,1,0.5195
above_good,69,165,-296,1,0.5116
above_good,69,170,-291,1,0.496
above_good,69,175,-286,1,0.4491
above_good,69,180,-281,1,0.4272
above_good,69,185,-276,1,0.4255
above_good,69,190,-271,1,0.4095
above_good,69,195,-266,1,0.416
above_good,69,200,-261,1,0.4355
above_good,69,205,-256,1,0.4441
above_good,69,210,-251,1,0.4317
above_good,69,215,-246,1,0.4401
above_good,69,220,-241,1,0.4266
above_good,69,225,-236,1,0.4408
above_good,69,230,-231,1,0.4416
above_good,69,235,-226,1,0.4466
above_good,69,240,-221,1,0.438
above_good,69,245,-216,1,0.4342
above_good,69,250,-211,1,0.4217
above_good,69,255,-206,1,0.4194
above_good,69,260,-201,1,0.4205
above_good,69,265,-196,1,0.4203
above_good,69,270,-191,1,0.4455
above_good,69,275,-186,1,0.462
above_good,69,280,-181,1,0.4823
above_good,69,285,-176,1,0.4873
above_good,69,290,-171,1,0.4918
above_good,69,295,-166,1,0.4868
above_good,69,300,-161,1,0.4877
above_good,69,305,-156,1,0.4838
above_good,69,310,-151,1,0.4999
above_good,69,315,-146,1,0.5289
above_good,69,320,-141,1,0.5295
above_good,69,325,-136,1,0.536
above_good,69,330,-131,1,0.5337
above_good,69,335,-126,1,0.524
above_good,69,340,-121,1,0.5083
above_good,69,345,-116,1,0.5004
above_good,69,350,-111,1,0.4845
above_good,69,355,-106,1,0.4796
above_good,69,360,-101,1,0.4777
above_good,69,365,-96,1,0.4789
above_good,69,370,-91,1,0.4934
above_good,69,375,-86,1,0.5026
above_good,69,380,-81,1,0.5102
above_good,69,385,-76,1,0.5113
above_good,69,390,-71,1,0.5203
above_good,69,395,-66,1,0.5133
above_good,69,400,-61,1,0.518
above_good,69,405,-56,1,0.5192
above_good,69,410,-51,1,0.5158
above_good,69,415,-46,1,0.5019
above_good,69,420,-41,1,0.5054
above_good,69,425,-36,1,0.4994
above_good,69,430,-31,1,0.4937
above_good,69,435,-26,1,0.504
above_good,69,440,-21,1,0.5057
above_good,69,445,-16,1,0.5099
above_good,69,450,-11,1,0.5222
above_good,69,455,-6,1,0.5352
above_good,69,460,-1,1,0.5405
above_good,69,465,4,1,0.559
above_good,70,0,,-1,0.5047
above_good,70,5,,-1,0.5086
above_good,70,10,,-1,0.5114
above_good,70,15,,-1,0.5112
above_good,70,20,,-1,0.5195
above_good,70,25,,-1,0.5207
above_good,70,30,,-1,0.5135
above_good,70,35,,-1,0.5074
above_good,70,40,,-1,0.502
above_good,70,45,,-1,0.489
above_good,70,50,,-1,0.4911
above_good,70,55,,-1,0.499
above_good,70,60,,-1,0.5055
above_good,70,65,,-1,0.5204
above_good,70,70,,-1,0.5326
above_good,70,75,,-1,0.546
above_good,70,80,,-1,0.5501
above_good,70,85,,-1,0.5566
above_good,70,90,,-1,0.5518
above_good,70,95,,-1,0.5558
above_good,70,100,,-1,0.5431
above_good,70,105,,-1,0.5366
above_good,70,110,,-1,0.5264
above_good,70,115,,-1,0.5217
above_good,70,120,,-1,0.5067
above_good,70,125,,-1,0.4961
above_good,70,130,,-1,0.492
above_good,70,135,,-1,0.4877
above_good,70,140,,-1,0.4863
above_good,70,145,,-1,0.4905
above_good,70,150,,-1,0.4993
above_good,70,155,,-1,0.4988
above_good,70,160,,-1,0.4995
above_good,70,165,,-1,0.4931
above_good,70,170,,-1,0.4886
above_good,70,175,,-1,0.4853
above_good,70,180,,-1,0.4859
above_good,70,185,,-1,0.4839
above_good,70,190,,-1,0.4871
above_good,70,195,,-1,0.4919
above_good,70,200,,-1,0.4834
above_good,70,205,,-1,0.4732
above_good,70,210,,-1,0.474
above_good,70,215,,-1,0.4709
above_good,70,220,,-1,0.4714
above_good,70,225,,-1,0.4833
above_good,70,230,,-1,0.4825
above_good,70,235,,-1,0.4727
above_good,70,240,,-1,0.469
above_good,70,245,,-1,0.4672
above_good,70,250,,-1,0.4583
above_good,70,255,,-1,0.4717
above_good,70,260,,-1,0.4929
above_good,70,265,,-1,0.5026
above_good,70,270,,-1,0.503
above_good,70,275,,-1,0.5042
above_good,70,280,,-1,0.5041
above_good,70,285,,-1,0.4964
above_good,70,290,,-1,0.4957
above_good,70,295,,-1,0.5013
above_good,70,300,,-1,0.5006
above_good,70,305,,-1,0.49
above_good,70,310,,-1,0.4906
above_good,70,315,,-1,0.4817
above_good,70,320,,-1,0.4738
above_good,70,325,,-1,0.4727
above_good,70,330,,-1,0.4759
above_good,70,335,,-1,0.4758
above_good,70,340,,-1,0.4858
above_good,70,345,,-1,0.4459
above_good,70,350,,-1,0.4056
above_good,70,355,,-1,0.3808
above_good,70,360,,-1,0.3345
above_good,70,365,,-1,0.2888
above_good,70,370,,-1,0.2827
above_good,70,375,,-1,0.2774
above_good,70,380,,-1,0.2505
above_good,70,385,,-1,0.2567
above_good,70,390,,-1,0.26
above_good,70,395,,-1,0.2612
above_good,70,400,,-1,0.2651
above_good,70,405,,-1,0.296
above_good,70,410,,-1,0.2998
above_good,70,415,,-1,0.3102
above_good,70,420,,-1,0.3192
above_good,70,425,,-1,0.3209
above_good,70,430,,-1,0.3098
above_good,70,435,,-1,0.3201
above_good,70,440,,-1,0.3159
above_good,70,445,,-1,0.3191
above_good,70,450,,-1,0.3422
above_good,70,455,,-1,0.3597
above_good,70,460,,-1,0.3483
above_good,70,465,,-1,0.3742
above_good,70,470,,-1,0.375
above_good,70,475,,-1,0.3783
above_good,70,480,,-1,0.3539
above_good,70,485,,-1,0.3306
above_good,70,490,,-1,0.2812
above_good,70,495,,-1,0.267
above_good,70,500,,-1,0.2324
above_good,70,505,,-1,0.226
above_good,70,510,,-1,0.2182
above_good,70,515,,-1,0.2312
above_good,70,520,,-1,0.2263
above_good,70,525,,-1,0.2441
above_good,70,530,,-1,0.2578
above_good,70,535,,-1,0.2911
above_good,70,540,,-1,0.2975
above_good,70,545,,-1,0.2965
above_good,70,550,,-1,0.2774
above_good,70,555,,-1,0.2806
above_good,70,560,,-1,0.2591
above_good,70,565,,-1,0.2567
above_good,70,570,,-1,0.2621
above_good,70,575,,-1,0.2752
above_good,70,580,,-1,0.2511
above_good,70,585,,-1,0.2703
above_good,70,590,,-1,0.2689
above_good,70,595,,-1,0.271
above_good,70,600,,-1,0.2628
above_good,70,605,,-1,0.2858
above_good,70,610,,-1,0.2735
above_good,70,615,,-1,0.2722
above_good,70,620,,-1,0.2824
above_good,70,625,,-1,0.3006
above_good,70,630,,-1,0.3132
above_good,70,635,,-1,0.3136
above_good,70,640,,-1,0.2932
above_good,70,645,,-1,0.2762
above_good,70,650,,-1,0.252
above_good,70,655,,-1,0.2205
above_good,70,660,,-1,0.2072
above_good,70,665,,-1,0.2123
above_good,70,670,,-1,0.1959
above_good,70,675,,-1,0.189
above_good,70,680,,-1,0.1837
above_good,70,685,,-1,0.2145
above_good,70,690,,-1,0.2275
above_good,70,695,,-1,0.2555
above_good,70,700,,-1,0.2902
above_good,70,705,,-1,0.3084
above_good,70,710,,-1,0.2768
above_good,70,715,,-1,0.2708
above_good,70,720,,-1,0.2621
above_good,70,725,,-1,0.227
above_good,70,730,,-1,0.2121
above_good,70,735,,-1,0.2107
above_good,70,740,,-1,0.2017
above_good,70,745,,-1,0.181
above_good,70,750,,-1,0.1934
above_good,70,755,,-1,0.1971
above_good,70,760,,-1,0.2205
above_good,70,765,,-1,0.2354
above_good,70,770,,-1,0.2616
above_good,70,775,,-1,0.2874
above_good,70,780,,-1,0.2853
above_good,70,785,,-1,0.2576
above_good,70,790,,-1,0.2328
above_good,70,795,,-1,0.2178
above_good,70,800,,-1,0.1754
above_good,70,805,,-1,0.1623
above_good,70,810,,-1,0.1643
above_good,70,815,,-1,0.1726
above_good,70,820,,-1,0.1654
above_good,70,825,,-1,0.1797
above_good,70,830,,-1,0.2027
above_good,70,835,,-1,0.2275
above_good,70,840,,-1,0.2579
above_good,70,845,,-1,0.2687
above_good,70,850,,-1,0.2865
above_good,70,855,,-1,0.2882
above_good,70,860,,-1,0.2819
above_good,70,865,,-1,0.2834
above_good,70,870,,-1,0.2902
above_good,70,875,,-1,0.277
above_good,70,880,,-1,0.2969
above_good,70,885,,-1,0.3016
above_good,70,890,,-1,0.3316
above_good,70,895,,-1,0.3655
above_good,70,900,,-1,0.3772
above_good,70,905,,-1,0.3787
above_good,70,910,,-1,0.4036
above_good,70,915,,-1,0.3849
above_good,70,920,,-1,0.3739
above_good,72,0,-414,1,0.5268
above_good,72,5,-409,1,0.5213
above_good,72,10,-404,1,0.525
above_good,72,15,-399,1,0.5259
above_good,72,20,-394,1,0.5287
above_good,72,25,-389,1,0.5349
above_good,72,30,-384,1,0.5462
above_good,72,35,-379,1,0.5456
above_good,72,40,-374,1,0.5441
above_good,72,45,-369,1,0.5408
above_good,72,50,-364,1,0.5347
above_good,72,55,-359,1,0.5294
above_good,72,60,-354,1,0.529
above_good,72,65,-349,1,0.5343
above_good,72,70,-344,1,0.5337
above_good,72,75,-339,1,0.5314
above_good,72,80,-334,1,0.5207
above_good,72,85,-329,1,0.518
above_good,72,90,-324,1,0.5145
above_good,72,95,-319,1,0.5142
above_good,72,100,-314,1,0.514
above_good,72,105,-309,1,0.5246
above_good,72,110,-304,1,0.5222
above_good,72,115,-299,1,0.5166
above_good,72,120,-294,1,0.5141
above_good,72,125,-289,1,0.5116
above_good,72,130,-284,1,0.5059
above_good,72,135,-279,1,0.4999
above_good,72,140,-274,1,0.4969
above_good,72,145,-269,1,0.4916
above_good,72,150,-264,1,0.4978
above_good,72,155,-259,1,0.4926
above_good,72,160,-254,1,0.4924
above_good,72,165,-249,1,0.4968
above_good,72,170,-244,1,0.4984
above_good,72,175,-239,1,0.4884
above_good,72,180,-234,1,0.4914
above_good,72,185,-229,1,0.4922
above_good,72,190,-224,1,0.4837
above_good,72,195,-219,1,0.4763
above_good,72,200,-214,1,0.4707
above_good,72,205,-209,1,0.4625
above_good,72,210,-204,1,0.4599
above_good,72,215,-199,1,0.4653
above_good,72,220,-194,1,0.4731
above_good,72,225,-189,1,0.4724
above_good,72,230,-184,1,0.4759
above_good,72,235,-179,1,0.4741
above_good,72,240,-174,1,0.4645
above_good,72,245,-169,1,0.4626
above_good,72,250,-164,1,0.4799
above_good,72,255,-159,1,0.4911
above_good,72,260,-154,1,0.497
above_good,72,265,-149,1,0.5134
above_good,72,270,-144,1,0.5098
above_good,72,275,-139,1,0.5126
above_good,72,280,-134,1,0.5141
above_good,72,285,-129,1,0.5161
above_good,72,290,-124,1,0.508
above_good,72,295,-119,1,0.5107
above_good,72,300,-114,1,0.4936
above_good,72,305,-109,1,0.4849
above_good,72,310,-104,1,0.4917
above_good,72,315,-99,1,0.4974
above_good,72,320,-94,1,0.5083
above_good,72,325,-89,1,0.5199
above_good,72,330,-84,1,0.5366
above_good,72,335,-79,1,0.5297
above_good,72,340,-74,1,0.5334
above_good,72,345,-69,1,0.5367
above_good,72,350,-64,1,0.5423
above_good,72,355,-59,1,0.5414
above_good,72,360,-54,1,0.5533
above_good,72,365,-49,1,0.5516
above_good,72,370,-44,1,0.5516
above_good,72,375,-39,1,0.5548
above_good,72,380,-34,1,0.5534
above_good,72,385,-29,1,0.5611
above_good,72,390,-24,1,0.5711
above_good,72,395,-19,1,0.5797
above_good,72,400,-14,1,0.5802
above_good,72,405,-9,1,0.5917
above_good,72,410,-4,1,0.5907
above_good,72,415,1,1,0.5952
above_good,73,0,-335,-1,0.5152
above_good,73,5,-330,-1,0.5172
above_good,73,10,-325,-1,0.5212
above_good,73,15,-320,-1,0.5219
above_good,73,20,-315,-1,0.5283
above_good,73,25,-310,-1,0.5308
above_good,73,30,-305,-1,0.5315
above_good,73,35,-300,-1,0.532
above_good,73,40,-295,-1,0.5253
above_good,73,45,-290,-1,0.5199
above_good,73,50,-285,-1,0.524
above_good,73,55,-280,-1,0.5248
above_good,73,60,-275,-1,0.5235
above_good,73,65,-270,-1,0.5398
above_good,73,70,-265,-1,0.5437
above_good,73,75,-260,-1,0.5406
above_good,73,80,-255,-1,0.5443
above_good,73,85,-250,-1,0.5463
above_good,73,90,-245,-1,0.5362
above_good,73,95,-240,-1,0.536
above_good,73,100,-235,-1,0.5327
above_good,73,105,-230,-1,0.5294
above_good,73,110,-225,-1,0.5293
above_good,73,115,-220,-1,0.5379
above_good,73,120,-215,-1,0.5327
above_good,73,125,-210,-1,0.5427
above_good,73,130,-205,-1,0.5418
above_good,73,135,-200,-1,0.5463
above_good,73,140,-195,-1,0.5438
above_good,73,145,-190,-1,0.5429
above_good,73,150,-185,-1,0.5331
above_good,73,155,-180,-1,0.5372
above_good,73,160,-175,-1,0.537
above_good,73,165,-170,-1,0.5297
above_good,73,170,-165,-1,0.5363
above_good,73,175,-160,-1,0.5386
above_good,73,180,-155,-1,0.5281
above_good,73,185,-150,-1,0.5097
above_good,73,190,-145,-1,0.4977
above_good,73,195,-140,-1,0.4939
above_good,73,200,-135,-1,0.4883
above_good,73,205,-130,-1,0.4927
above_good,73,210,-125,-1,0.4951
above_good,73,215,-120,-1,0.4972
above_good,73,220,-115,-1,0.4915
above_good,73,225,-110,-1,0.4944
above_good,73,230,-105,-1,0.4938
above_good,73,235,-100,-1,0.4902
above_good,73,240,-95,-1,0.4949
above_good,73,245,-90,-1,0.4973
above_good,73,250,-85,-1,0.4959
above_good,73,255,-80,-1,0.4889
above_good,73,260,-75,-1,0.4887
above_good,73,265,-70,-1,0.494
above_good,73,270,-65,-1,0.4979
above_good,73,275,-60,-1,0.5038
above_good,73,280,-55,-1,0.5162
above_good,73,285,-50,-1,0.5313
above_good,73,290,-45,-1,0.5406
above_good,73,295,-40,-1,0.5438
above_good,73,300,-35,-1,0.5523
above_good,73,305,-30,-1,0.5551
above_good,73,310,-25,-1,0.5557
above_good,73,315,-20,-1,0.56
above_good,73,320,-15,-1,0.5696
above_good,73,325,-10,-1,0.575
above_good,73,330,-5,-1,0.5801
above_good,73,335,0,-1,0.5935
above_good,74,0,-375,1,0.5286
above_good,74,5,-370,1,0.5261
above_good,74,10,-365,1,0.5211
above_good,74,15,-360,1,0.5148
above_good,74,20,-355,1,0.5146
above_good,74,25,-350,1,0.5171
above_good,74,30,-345,1,0.5171
above_good,74,35,-340,1,0.5186
above_good,74,40,-335,1,0.5248
above_good,74,45,-330,1,0.522
above_good,74,50,-325,1,0.522
above_good,74,55,-320,1,0.5355
above_good,74,60,-315,1,0.5504
above_good,74,65,-310,1,0.5539
above_good,74,70,-305,1,0.5582
above_good,74,75,-300,1,0.5584
above_good,74,80,-295,1,0.5482
above_good,74,85,-290,1,0.5374
above_good,74,90,-285,1,0.5376
above_good,74,95,-280,1,0.5259
above_good,74,100,-275,1,0.5229
above_good,74,105,-270,1,0.5203
above_good,74,110,-265,1,0.5195
above_good,74,115,-260,1,0.5114
above_good,74,120,-255,1,0.497
above_good,74,125,-250,1,0.4734
above_good,74,130,-245,1,0.4508
above_good,74,135,-240,1,0.4354
above_good,74,140,-235,1,0.4215
above_good,74,145,-230,1,0.4309
above_good,74,150,-225,1,0.4449
above_good,74,155,-220,1,0.4497
above_good,74,160,-215,1,0.4412
above_good,74,165,-210,1,0.4423
above_good,74,170,-205,1,0.4371
above_good,74,175,-200,1,0.4293
above_good,74,180,-195,1,0.4298
above_good,74,185,-190,1,0.4465
above_good,74,190,-185,1,0.4684
above_good,74,195,-180,1,0.4886
above_good,74,200,-175,1,0.5131
above_good,74,205,-170,1,0.5362
above_good,74,210,-165,1,0.5449
above_good,74,215,-160,1,0.5345
above_good,74,220,-155,1,0.523
above_good,74,225,-150,1,0.5155
above_good,74,230,-145,1,0.5103
above_good,74,235,-140,1,0.515
above_good,74,240,-135,1,0.5243
above_good,74,245,-130,1,0.5315
above_good,74,250,-125,1,0.5257
above_good,74,255,-120,1,0.5126
above_good,74,260,-115,1,0.5028
above_good,74,265,-110,1,0.4968
above_good,74,270,-105,1,0.5072
above_good,74,275,-100,1,0.5127
above_good,74,280,-95,1,0.5264
above_good,74,285,-90,1,0.5318
above_good,74,290,-85,1,0.5371
above_good,74,295,-80,1,0.5272
above_good,74,300,-75,1,0.5349
above_good,74,305,-70,1,0.5415
above_good,74,310,-65,1,0.554
above_good,74,315,-60,1,0.5638
above_good,74,320,-55,1,0.5737
above_good,74,325,-50,1,0.5767
above_good,74,330,-45,1,0.5754
above_good,74,335,-40,1,0.5636
above_good,74,340,-35,1,0.5603
above_good,74,345,-30,1,0.5602
above_good,74,350,-25,1,0.5637
above_good,74,355,-20,1,0.5743
above_good,74,360,-15,1,0.5876
above_good,74,365,-10,1,0.5986
above_good,74,370,-5,1,0.6056
above_good,74,375,0,1,0.61
above_good,74,380,5,1,0.6099
above_good,75,0,-360,1,0.5309
above_good,75,5,-355,1,0.5313
above_good,75,10,-350,1,0.5288
above_good,75,15,-345,1,0.5277
above_good,75,20,-340,1,0.5307
above_good,75,25,-335,1,0.5348
above_good,75,30,-330,1,0.541
above_good,75,35,-325,1,0.547
above_good,75,40,-320,1,0.5549
above_good,75,45,-315,1,0.5511
above_good,75,50,-310,1,0.5519
above_good,75,55,-305,1,0.5463
above_good,75,60,-300,1,0.5462
above_good,75,65,-295,1,0.5394
above_good,75,70,-290,1,0.5444
above_good,75,75,-285,1,0.5434
above_good,75,80,-280,1,0.5424
above_good,75,85,-275,1,0.5412
above_good,75,90,-270,1,0.5385
above_good,75,95,-265,1,0.5337
above_good,75,100,-260,1,0.5274
above_good,75,105,-255,1,0.5308
above_good,75,110,-250,1,0.5286
above_good,75,115,-245,1,0.5269
above_good,75,120,-240,1,0.5275
above_good,75,125,-235,1,0.5285
above_good,75,130,-230,1,0.5297
above_good,75,135,-225,1,0.5301
above_good,75,140,-220,1,0.5353
above_good,75,145,-215,1,0.5325
above_good,75,150,-210,1,0.5407
above_good,75,155,-205,1,0.5308
above_good,75,160,-200,1,0.5227
above_good,75,165,-195,1,0.5158
above_good,75,170,-190,1,0.5114
above_good,75,175,-185,1,0.4939
above_good,75,180,-180,1,0.4923
above_good,75,185,-175,1,0.4921
above_good,75,190,-170,1,0.4975
above_good,75,195,-165,1,0.5022
above_good,75,200,-160,1,0.5099
above_good,75,205,-155,1,0.5135
above_good,75,210,-150,1,0.5226
above_good,75,215,-145,1,0.5284
above_good,75,220,-140,1,0.5224
above_good,75,225,-135,1,0.5247
above_good,75,230,-130,1,0.5202
above_good,75,235,-125,1,0.5156
above_good,75,240,-120,1,0.5118
above_good,75,245,-115,1,0.5151
above_good,75,250,-110,1,0.4994
above_good,75,255,-105,1,0.4956
above_good,75,260,-100,1,0.495
above_good,75,265,-95,1,0.4807
above_good,75,270,-90,1,0.4806
above_good,75,275,-85,1,0.4919
above_good,75,280,-80,1,0.5074
above_good,75,285,-75,1,0.5068
above_good,75,290,-70,1,0.516
above_good,75,295,-65,1,0.5178
above_good,75,300,-60,1,0.5198
above_good,75,305,-55,1,0.5144
above_good,75,310,-50,1,0.51
above_good,75,315,-45,1,0.5107
above_good,75,320,-40,1,0.5172
above_good,75,325,-35,1,0.5263
above_good,75,330,-30,1,0.5295
above_good,75,335,-25,1,0.5374
above_good,75,340,-20,1,0.5522
above_good,75,345,-15,1,0.5583
above_good,75,350,-10,1,0.57
above_good,75,355,-5,1,0.5758
above_good,75,360,0,1,0.589
above_good,75,365,5,1,0.5891
above_good,75,370,10,1,0.5909
above_good,77,0,-293,1,0.4927
above_good,77,5,-288,1,0.4949
above_good,77,10,-283,1,0.5045
above_good,77,15,-278,1,0.5066
above_good,77,20,-273,1,0.5141
above_good,77,25,-268,1,0.5207
above_good,77,30,-263,1,0.5227
above_good,77,35,-258,1,0.5161
above_good,77,40,-253,1,0.5143
above_good,77,45,-248,1,0.5133
above_good,77,50,-243,1,0.5206
above_good,77,55,-238,1,0.5177
above_good,77,60,-233,1,0.52
above_good,77,65,-228,1,0.5298
above_good,77,70,-223,1,0.533
above_good,77,75,-218,1,0.5323
above_good,77,80,-213,1,0.5422
above_good,77,85,-208,1,0.5528
above_good,77,90,-203,1,0.5549
above_good,77,95,-198,1,0.546
above_good,77,100,-193,1,0.5332
above_good,77,105,-188,1,0.5238
above_good,77,110,-183,1,0.5124
above_good,77,115,-178,1,0.5043
above_good,77,120,-173,1,0.5092
above_good,77,125,-168,1,0.5243
above_good,77,130,-163,1,0.5239
above_good,77,135,-158,1,0.52
above_good,77,140,-153,1,0.5155
above_good,77,145,-148,1,0.5143
above_good,77,150,-143,1,0.5073
above_good,77,155,-138,1,0.5172
above_good,77,160,-133,1,0.5267
above_good,77,165,-128,1,0.5337
above_good,77,170,-123,1,0.54
above_good,77,175,-118,1,0.5444
above_good,77,180,-113,1,0.5416
above_good,77,185,-108,1,0.5341
above_good,77,190,-103,1,0.5429
above_good,77,195,-98,1,0.539
above_good,77,200,-93,1,0.5345
above_good,77,205,-88,1,0.5292
above_good,77,210,-83,1,0.529
above_good,77,215,-78,1,0.5264
above_good,77,220,-73,1,0.5248
above_good,77,225,-68,1,0.5307
above_good,77,230,-63,1,0.5385
above_good,77,235,-58,1,0.5343
above_good,77,240,-53,1,0.5248
above_good,77,245,-48,1,0.5254
above_good,77,250,-43,1,0.5186
above_good,77,255,-38,1,0.5173
above_good,77,260,-33,1,0.5189
above_good,77,265,-28,1,0.5225
above_good,77,270,-23,1,0.5194
above_good,77,275,-18,1,0.5284
above_good,77,280,-13,1,0.528
above_good,77,285,-8,1,0.5432
above_good,77,290,-3,1,0.5488
above_good,77,295,2,1,0.5554
above_good,77,300,7,1,0.5555
above_good,79,0,-288,1,0.5115
above_good,79,5,-283,1,0.5138
above_good,79,10,-278,1,0.5108
above_good,79,15,-273,1,0.5119
above_good,79,20,-268,1,0.5194
above_good,79,25,-263,1,0.5203
above_good,79,30,-258,1,0.5133
above_good,79,35,-253,1,0.5124
above_good,79,40,-248,1,0.5102
above_good,79,45,-243,1,0.5072
above_good,79,50,-238,1,0.4969
above_good,79,55,-233,1,0.5042
above_good,79,60,-228,1,0.5067
above_good,79,65,-223,1,0.5204
above_good,79,70,-218,1,0.5296
above_good,79,75,-213,1,0.556
above_good,79,80,-208,1,0.5561
above_good,79,85,-203,1,0.5585
above_good,79,90,-198,1,0.5527
above_good,79,95,-193,1,0.5499
above_good,79,100,-188,1,0.5373
above_good,79,105,-183,1,0.547
above_good,79,110,-178,1,0.5461
above_good,79,115,-173,1,0.5454
above_good,79,120,-168,1,0.5578
above_good,79,125,-163,1,0.5662
above_good,79,130,-158,1,0.5622
above_good,79,135,-153,1,0.571
above_good,79,140,-148,1,0.5702
above_good,79,145,-143,1,0.5578
above_good,79,150,-138,1,0.5468
above_good,79,155,-133,1,0.5496
above_good,79,160,-128,1,0.5449
above_good,79,165,-123,1,0.5414
above_good,79,170,-118,1,0.5397
above_good,79,175,-113,1,0.5311
above_good,79,180,-108,1,0.5221
above_good,79,185,-103,1,0.5252
above_good,79,190,-98,1,0.5317
above_good,79,195,-93,1,0.5296
above_good,79,200,-88,1,0.5301
above_good,79,205,-83,1,0.5341
above_good,79,210,-78,1,0.5344
above_good,79,215,-73,1,0.5344
above_good,79,220,-68,1,0.5408
above_good,79,225,-63,1,0.5586
above_good,79,230,-58,1,0.5674
above_good,79,235,-53,1,0.5709
above_good,79,240,-48,1,0.5754
above_good,79,245,-43,1,0.5744
above_good,79,250,-38,1,0.5756
above_good,79,255,-33,1,0.5726
above_good,79,260,-28,1,0.5697
above_good,79,265,-23,1,0.5726
above_good,79,270,-18,1,0.5829
above_good,79,275,-13,1,0.5899
above_good,79,280,-8,1,0.6028
above_good,79,285,-3,1,0.6156
above_good,79,290,2,1,0.6246
above_good,80,0,,1,0.5067
above_good,80,5,,1,0.516
above_good,80,10,,1,0.5188
above_good,80,15,,1,0.523
above_good,80,20,,1,0.5218
above_good,80,25,,1,0.529
above_good,80,30,,1,0.5148
above_good,80,35,,1,0.5031
above_good,80,40,,1,0.4933
above_good,80,45,,1,0.5006
above_good,80,50,,1,0.4919
above_good,80,55,,1,0.4918
above_good,80,60,,1,0.5015
above_good,80,65,,1,0.5162
above_good,80,70,,1,0.5114
above_good,80,75,,1,0.5283
above_good,80,80,,1,0.5517
above_good,80,85,,1,0.5522
above_good,80,90,,1,0.5382
above_good,80,95,,1,0.5379
above_good,80,100,,1,0.5321
above_good,80,105,,1,0.5266
above_good,80,110,,1,0.5298
above_good,80,115,,1,0.5325
above_good,80,120,,1,0.5325
above_good,80,125,,1,0.5303
above_good,80,130,,1,0.5265
above_good,80,135,,1,0.5226
above_good,80,140,,1,0.5331
above_good,80,145,,1,0.5293
above_good,80,150,,1,0.5157
above_good,80,155,,1,0.4964
above_good,80,160,,1,0.4787
above_good,80,165,,1,0.4616
above_good,80,170,,1,0.4544
above_good,80,175,,1,0.4579
above_good,80,180,,1,0.4771
above_good,80,185,,1,0.5033
above_good,80,190,,1,0.5214
above_good,80,195,,1,0.5277
above_good,80,200,,1,0.5439
above_good,80,205,,1,0.5501
above_good,80,210,,1,0.5474
above_good,80,215,,1,0.5359
above_good,80,220,,1,0.5356
above_good,80,225,,1,0.5206
above_good,80,230,,1,0.5131
above_good,80,235,,1,0.5109
above_good,80,240,,1,0.511
above_good,80,245,,1,0.5185
above_good,80,250,,1,0.5295
above_good,80,255,,1,0.5267
above_good,80,260,,1,0.5328
above_good,80,265,,1,0.5418
above_good,80,270,,1,0.5355
above_good,80,275,,1,0.5427
above_good,80,280,,1,0.5455
above_good,80,285,,1,0.54
above_good,80,290,,1,0.5395
above_good,80,295,,1,0.5446
above_good,80,300,,1,0.5338
above_good,80,305,,1,0.5425
above_good,80,310,,1,0.5352
above_good,80,315,,1,0.5328
above_good,80,320,,1,0.5375
above_good,80,325,,1,0.5416
above_good,80,330,,1,0.5281
above_good,81,0,-340,-1,0.5014
above_good,81,5,-335,-1,0.5109
above_good,81,10,-330,-1,0.5167
above_good,81,15,-325,-1,0.5209
above_good,81,20,-320,-1,0.5312
above_good,81,25,-315,-1,0.5249
above_good,81,30,-310,-1,0.5261
above_good,81,35,-305,-1,0.5357
above_good,81,40,-300,-1,0.544
above_good,81,45,-295,-1,0.5513
above_good,81,50,-290,-1,0.5658
above_good,81,55,-285,-1,0.5685
above_good,81,60,-280,-1,0.5554
above_good,81,65,-275,-1,0.5428
above_good,81,70,-270,-1,0.5335
above_good,81,75,-265,-1,0.5279
above_good,81,80,-260,-1,0.5065
above_good,81,85,-255,-1,0.5039
above_good,81,90,-250,-1,0.5111
above_good,81,95,-245,-1,0.514
above_good,81,100,-240,-1,0.5182
above_good,81,105,-235,-1,0.533
above_good,81,110,-230,-1,0.5266
above_good,81,115,-225,-1,0.5227
above_good,81,120,-220,-1,0.5131
above_good,81,125,-215,-1,0.5041
above_good,81,130,-210,-1,0.5058
above_good,81,135,-205,-1,0.5193
above_good,81,140,-200,-1,0.5275
above_good,81,145,-195,-1,0.5371
above_good,81,150,-190,-1,0.5312
above_good,81,155,-185,-1,0.5148
above_good,81,160,-180,-1,0.4952
above_good,81,165,-175,-1,0.4911
above_good,81,170,-170,-1,0.4921
above_good,81,175,-165,-1,0.5009
above_good,81,180,-160,-1,0.5303
above_good,81,185,-155,-1,0.5598
above_good,81,190,-150,-1,0.5652
above_good,81,195,-145,-1,0.5606
above_good,81,200,-140,-1,0.5672
above_good,81,205,-135,-1,0.5597
above_good,81,210,-130,-1,0.5422
above_good,81,215,-125,-1,0.537
above_good,81,220,-120,-1,0.5443
above_good,81,225,-115,-1,0.5438
above_good,81,230,-110,-1,0.5422
above_good,81,235,-105,-1,0.5391
above_good,81,240,-100,-1,0.5341
above_good,81,245,-95,-1,0.5246
above_good,81,250,-90,-1,0.5123
above_good,81,255,-85,-1,0.4975
above_good,81,260,-80,-1,0.51
above_good,81,265,-75,-1,0.5183
above_good,81,270,-70,-1,0.5205
above_good,81,275,-65,-1,0.5356
above_good,81,280,-60,-1,0.5626
above_good,81,285,-55,-1,0.5612
above_good,81,290,-50,-1,0.5617
above_good,81,295,-45,-1,0.5683
above_good,81,300,-40,-1,0.5617
above_good,81,305,-35,-1,0.5592
above_good,81,310,-30,-1,0.5585
above_good,81,315,-25,-1,0.5533
above_good,81,320,-20,-1,0.5561
above_good,81,325,-15,-1,0.561
above_good,81,330,-10,-1,0.5597
above_good,81,335,-5,-1,0.5704
above_good,81,340,0,-1,0.5823
above_good,81,345,5,-1,0.5859
above_good,82,0,,-1,0.5111
above_good,82,5,,-1,0.5326
above_good,82,10,,-1,0.5347
above_good,82,15,,-1,0.5365
above_good,82,20,,-1,0.5511
above_good,82,25,,-1,0.5516
above_good,82,30,,-1,0.5387
above_good,82,35,,-1,0.5245
above_good,82,40,,-1,0.5116
above_good,82,45,,-1,0.5017
above_good,82,50,,-1,0.5046
above_good,82,55,,-1,0.5047
above_good,82,60,,-1,0.525
above_good,82,65,,-1,0.5425
above_good,82,70,,-1,0.549
above_good,82,75,,-1,0.5526
above_good,82,80,,-1,0.558
above_good,82,85,,-1,0.5523
above_good,82,90,,-1,0.5419
above_good,82,95,,-1,0.53
above_good,82,100,,-1,0.5255
above_good,82,105,,-1,0.5217
above_good,82,110,,-1,0.5186
above_good,82,115,,-1,0.5234
above_good,82,120,,-1,0.5291
above_good,82,125,,-1,0.5312
above_good,82,130,,-1,0.5403
above_good,82,135,,-1,0.547
above_good,82,140,,-1,0.5471
above_good,82,145,,-1,0.5613
above_good,82,150,,-1,0.563
above_good,82,155,,-1,0.5528
above_good,82,160,,-1,0.5421
above_good,82,165,,-1,0.5412
above_good,82,170,,-1,0.5329
above_good,82,175,,-1,0.5403
above_good,82,180,,-1,0.543
above_good,82,185,,-1,0.5509
above_good,82,190,,-1,0.552
above_good,82,195,,-1,0.5442
above_good,82,200,,-1,0.5288
above_good,82,205,,-1,0.5244
above_good,82,210,,-1,0.5241
above_good,82,215,,-1,0.5203
above_good,82,220,,-1,0.5212
above_good,82,225,,-1,0.5137
above_good,82,230,,-1,0.5118
above_good,82,235,,-1,0.498
above_good,82,240,,-1,0.4946
above_good,82,245,,-1,0.4878
above_good,82,250,,-1,0.4908
above_good,82,255,,-1,0.4905
above_good,82,260,,-1,0.4938
above_good,82,265,,-1,0.4927
above_good,82,270,,-1,0.4974
above_good,82,275,,-1,0.5072
above_good,82,280,,-1,0.5026
above_good,82,285,,-1,0.491
above_good,82,290,,-1,0.4901
above_good,82,295,,-1,0.4797
above_good,82,300,,-1,0.4538
above_good,82,305,,-1,0.409
above_good,82,310,,-1,0.3624
above_good,82,315,,-1,0.2987
above_good,82,320,,-1,0.243
above_good,82,325,,-1,0.2007
above_good,82,330,,-1,0.1907
above_good,82,335,,-1,0.207
above_good,82,340,,-1,0.2382
above_good,82,345,,-1,0.2667
above_good,82,350,,-1,0.317
above_good,82,355,,-1,0.3718
above_good,82,360,,-1,0.3761
above_good,82,365,,-1,0.3947
above_good,82,370,,-1,0.3937
above_good,82,375,,-1,0.3724
above_good,82,380,,-1,0.3283
above_good,82,385,,-1,0.3249
above_good,82,390,,-1,0.3055
above_good,82,395,,-1,0.3298
above_good,82,400,,-1,0.3664
above_good,82,405,,-1,0.4111
above_good,82,410,,-1,0.4449
above_good,82,415,,-1,0.4824
above_good,83,0,-382,1,0.5136
above_good,83,5,-377,1,0.5176
above_good,83,10,-372,1,0.5151
above_good,83,15,-367,1,0.5195
above_good,83,20,-362,1,0.5159
above_good,83,25,-357,1,0.5196
above_good,83,30,-352,1,0.5297
above_good,83,35,-347,1,0.5375
above_good,83,40,-342,1,0.5339
above_good,83,45,-337,1,0.5386
above_good,83,50,-332,1,0.5348
above_good,83,55,-327,1,0.5214
above_good,83,60,-322,1,0.5175
above_good,83,65,-317,1,0.5217
above_good,83,70,-312,1,0.5381
above_good,83,75,-307,1,0.5402
above_good,83,80,-302,1,0.5506
above_good,83,85,-297,1,0.5613
above_good,83,90,-292,1,0.573
above_good,83,95,-287,1,0.5689
above_good,83,100,-282,1,0.5751
above_good,83,105,-277,1,0.5671
above_good,83,110,-272,1,0.5641
above_good,83,115,-267,1,0.5591
above_good,83,120,-262,1,0.56
above_good,83,125,-257,1,0.5733
above_good,83,130,-252,1,0.5719
above_good,83,135,-247,1,0.5587
above_good,83,140,-242,1,0.5416
above_good,83,145,-237,1,0.5258
above_good,83,150,-232,1,0.507
above_good,83,155,-227,1,0.5093
above_good,83,160,-222,1,0.5148
above_good,83,165,-217,1,0.5272
above_good,83,170,-212,1,0.5372
above_good,83,175,-207,1,0.5463
above_good,83,180,-202,1,0.557
above_good,83,185,-197,1,0.561
above_good,83,190,-192,1,0.5623
above_good,83,195,-187,1,0.5599
above_good,83,200,-182,1,0.5604
above_good,83,205,-177,1,0.5484
above_good,83,210,-172,1,0.5593
above_good,83,215,-167,1,0.5497
above_good,83,220,-162,1,0.5542
above_good,83,225,-157,1,0.5522
above_good,83,230,-152,1,0.5512
above_good,83,235,-147,1,0.5348
above_good,83,240,-142,1,0.5344
above_good,83,245,-137,1,0.5306
above_good,83,250,-132,1,0.5246
above_good,83,255,-127,1,0.5211
above_good,83,260,-122,1,0.5179
above_good,83,265,-117,1,0.5182
above_good,83,270,-112,1,0.5142
above_good,83,275,-107,1,0.5068
above_good,83,280,-102,1,0.5052
above_good,83,285,-97,1,0.517
above_good,83,290,-92,1,0.5183
above_good,83,295,-87,1,0.522
above_good,83,300,-82,1,0.5313
above_good,83,305,-77,1,0.5397
above_good,83,310,-72,1,0.5398
above_good,83,315,-67,1,0.5421
above_good,83,320,-62,1,0.5437
above_good,83,325,-57,1,0.5377
above_good,83,330,-52,1,0.541
above_good,83,335,-47,1,0.5369
above_good,83,340,-42,1,0.5392
above_good,83,345,-37,1,0.5367
above_good,83,350,-32,1,0.5403
above_good,83,355,-27,1,0.5297
above_good,83,360,-22,1,0.5242
above_good,83,365,-17,1,0.5328
above_good,83,370,-12,1,0.5561
above_good,83,375,-7,1,0.5634
above_good,83,380,-2,1,0.5808
above_good,83,385,3,1,0.6047
above_good,85,0,-369,1,0.5297
above_good,85,5,-364,1,0.5228
above_good,85,10,-359,1,0.5252
above_good,85,15,-354,1,0.5217
above_good,85,20,-349,1,0.5212
above_good,85,25,-344,1,0.5205
above_good,85,30,-339,1,0.5276
above_good,85,35,-334,1,0.5299
above_good,85,40,-329,1,0.5357
above_good,85,45,-324,1,0.5372
above_good,85,50,-319,1,0.5351
above_good,85,55,-314,1,0.5397
above_good,85,60,-309,1,0.5349
above_good,85,65,-304,1,0.5265
above_good,85,70,-299,1,0.5288
above_good,85,75,-294,1,0.5381
above_good,85,80,-289,1,0.5358
above_good,85,85,-284,1,0.548
above_good,85,90,-279,1,0.5616
above_good,85,95,-274,1,0.5624
above_good,85,100,-269,1,0.5637
above_good,85,105,-264,1,0.5554
above_good,85,110,-259,1,0.5429
above_good,85,115,-254,1,0.5349
above_good,85,120,-249,1,0.5303
above_good,85,125,-244,1,0.5281
above_good,85,130,-239,1,0.5371
above_good,85,135,-234,1,0.5366
above_good,85,140,-229,1,0.5369
above_good,85,145,-224,1,0.5336
above_good,85,150,-219,1,0.5225
above_good,85,155,-214,1,0.5153
above_good,85,160,-209,1,0.5264
above_good,85,165,-204,1,0.523
above_good,85,170,-199,1,0.5216
above_good,85,175,-194,1,0.5277
above_good,85,180,-189,1,0.5226
above_good,85,185,-184,1,0.509
above_good,85,190,-179,1,0.5032
above_good,85,195,-174,1,0.5022
above_good,85,200,-169,1,0.5075
above_good,85,205,-164,1,0.5188
above_good,85,210,-159,1,0.5238
above_good,85,215,-154,1,0.5285
above_good,85,220,-149,1,0.5302
above_good,85,225,-144,1,0.5316
above_good,85,230,-139,1,0.5218
above_good,85,235,-134,1,0.5208
above_good,85,240,-129,1,0.5255
above_good,85,245,-124,1,0.5256
above_good,85,250,-119,1,0.5194
above_good,85,255,-114,1,0.5149
above_good,85,260,-109,1,0.5186
above_good,85,265,-104,1,0.5167
above_good,85,270,-99,1,0.5126
above_good,85,275,-94,1,0.5054
above_good,85,280,-89,1,0.5195
above_good,85,285,-84,1,0.5146
above_good,85,290,-79,1,0.5137
above_good,85,295,-74,1,0.5333
above_good,85,300,-69,1,0.5513
above_good,85,305,-64,1,0.5553
above_good,85,310,-59,1,0.5681
above_good,85,315,-54,1,0.5719
above_good,85,320,-49,1,0.5709
above_good,85,325,-44,1,0.5671
above_good,85,330,-39,1,0.5641
above_good,85,335,-34,1,0.5651
above_good,85,340,-29,1,0.5794
above_good,85,345,-24,1,0.5702
above_good,85,350,-19,1,0.5636
above_good,85,355,-14,1,0.5647
above_good,85,360,-9,1,0.569
above_good,85,365,-4,1,0.5575
above_good,85,370,1,1,0.5645
above_good,86,0,-491,1,0.5361
above_good,86,5,-486,1,0.5344
above_good,86,10,-481,1,0.5448
above_good,86,15,-476,1,0.5515
above_good,86,20,-471,1,0.545
above_good,86,25,-466,1,0.5545
above_good,86,30,-461,1,0.5589
above_good,86,35,-456,1,0.5522
above_good,86,40,-451,1,0.545
above_good,86,45,-446,1,0.5564
above_good,86,50,-441,1,0.5451
above_good,86,55,-436,1,0.5329
above_good,86,60,-431,1,0.5282
above_good,86,65,-426,1,0.5233
above_good,86,70,-421,1,0.5139
above_good,86,75,-416,1,0.5086
above_good,86,80,-411,1,0.5023
above_good,86,85,-406,1,0.4985
above_good,86,90,-401,1,0.5049
above_good,86,95,-396,1,0.501
above_good,86,100,-391,1,0.4973
above_good,86,105,-386,1,0.4861
above_good,86,110,-381,1,0.4596
above_good,86,115,-376,1,0.4307
above_good,86,120,-371,1,0.4243
above_good,86,125,-366,1,0.4215
above_good,86,130,-361,1,0.4339
above_good,86,135,-356,1,0.4413
above_good,86,140,-351,1,0.4441
above_good,86,145,-346,1,0.4391
above_good,86,150,-341,1,0.4495
above_good,86,155,-336,1,0.4547
above_good,86,160,-331,1,0.4574
above_good,86,165,-326,1,0.4482
above_good,86,170,-321,1,0.438
above_good,86,175,-316,1,0.4139
above_good,86,180,-311,1,0.4028
above_good,86,185,-306,1,0.3992
above_good,86,190,-301,1,0.4116
above_good,86,195,-296,1,0.4304
above_good,86,200,-291,1,0.4526
above_good,86,205,-286,1,0.4664
above_good,86,210,-281,1,0.4943
above_good,86,215,-276,1,0.525
above_good,86,220,-271,1,0.5302
above_good,86,225,-266,1,0.5384
above_good,86,230,-261,1,0.5365
above_good,86,235,-256,1,0.5328
above_good,86,240,-251,1,0.52
above_good,86,245,-246,1,0.5171
above_good,86,250,-241,1,0.5046
above_good,86,255,-236,1,0.5108
above_good,86,260,-231,1,0.5123
above_good,86,265,-226,1,0.5053
above_good,86,270,-221,1,0.5007
above_good,86,275,-216,1,0.4839
above_good,86,280,-211,1,0.4698
above_good,86,285,-206,1,0.4579
above_good,86,290,-201,1,0.4609
above_good,86,295,-196,1,0.4667
above_good,86,300,-191,1,0.4802
above_good,86,305,-186,1,0.4712
above_good,86,310,-181,1,0.4544
above_good,86,315,-176,1,0.4479
above_good,86,320,-171,1,0.4445
above_good,86,325,-166,1,0.4628
above_good,86,330,-161,1,0.4792
above_good,86,335,-156,1,0.4982
above_good,86,340,-151,1,0.5099
above_good,86,345,-146,1,0.5182
above_good,86,350,-141,1,0.5069
above_good,86,355,-136,1,0.5155
above_good,86,360,-131,1,0.5266
above_good,86,365,-126,1,0.5188
above_good,86,370,-121,1,0.5066
above_good,86,375,-116,1,0.5089
above_good,86,380,-111,1,0.5031
above_good,86,385,-106,1,0.4891
above_good,86,390,-101,1,0.4977
above_good,86,395,-96,1,0.5049
above_good,86,400,-91,1,0.5027
above_good,86,405,-86,1,0.504
above_good,86,410,-81,1,0.5121
above_good,86,415,-76,1,0.5104
above_good,86,420,-71,1,0.5197
above_good,86,425,-66,1,0.5337
above_good,86,430,-61,1,0.5414
above_good,86,435,-56,1,0.5396
above_good,86,440,-51,1,0.5369
above_good,86,445,-46,1,0.5298
above_good,86,450,-41,1,0.5243
above_good,86,455,-36,1,0.5245
above_good,86,460,-31,1,0.5334
above_good,86,465,-26,1,0.5437
above_good,86,470,-21,1,0.5513
above_good,86,475,-16,1,0.5709
above_good,86,480,-11,1,0.5889
above_good,86,485,-6,1,0.5989
above_good,86,490,-1,1,0.6122
above_good,87,0,-323,1,0.5298
above_good,87,5,-318,1,0.5271
above_good,87,10,-313,1,0.5276
above_good,87,15,-308,1,0.5251
above_good,87,20,-303,1,0.5275
above_good,87,25,-298,1,0.5362
above_good,87,30,-293,1,0.5303
above_good,87,35,-288,1,0.5222
above_good,87,40,-283,1,0.5129
above_good,87,45,-278,1,0.5023
above_good,87,50,-273,1,0.487
above_good,87,55,-268,1,0.489
above_good,87,60,-263,1,0.5038
above_good,87,65,-258,1,0.5094
above_good,87,70,-253,1,0.5168
above_good,87,75,-248,1,0.5265
above_good,87,80,-243,1,0.5354
above_good,87,85,-238,1,0.5339
above_good,87,90,-233,1,0.5358
above_good,87,95,-228,1,0.547
above_good,87,100,-223,1,0.5523
above_good,87,105,-218,1,0.5468
above_good,87,110,-213,1,0.5475
above_good,87,115,-208,1,0.5576
above_good,87,120,-203,1,0.5468
above_good,87,125,-198,1,0.5421
above_good,87,130,-193,1,0.5428
above_good,87,135,-188,1,0.541
above_good,87,140,-183,1,0.5269
above_good,87,145,-178,1,0.5233
above_good,87,150,-173,1,0.5148
above_good,87,155,-168,1,0.5112
above_good,87,160,-163,1,0.5026
above_good,87,165,-158,1,0.5055
above_good,87,170,-153,1,0.5038
above_good,87,175,-148,1,0.5116
above_good,87,180,-143,1,0.5177
above_good,87,185,-138,1,0.5294
above_good,87,190,-133,1,0.5335
above_good,87,195,-128,1,0.5286
above_good,87,200,-123,1,0.521
above_good,87,205,-118,1,0.5148
above_good,87,210,-113,1,0.51
above_good,87,215,-108,1,0.5046
above_good,87,220,-103,1,0.5134
above_good,87,225,-98,1,0.5186
above_good,87,230,-93,1,0.5194
above_good,87,235,-88,1,0.5075
above_good,87,240,-83,1,0.5153
above_good,87,245,-78,1,0.5141
above_good,87,250,-73,1,0.5187
above_good,87,255,-68,1,0.525
above_good,87,260,-63,1,0.5376
above_good,87,265,-58,1,0.5389
above_good,87,270,-53,1,0.5139
above_good,87,275,-48,1,0.4811
above_good,87,280,-43,1,0.4634
above_good,87,285,-38,1,0.4338
above_good,87,290,-33,1,0.3979
above_good,87,295,-28,1,0.4176
above_good,87,300,-23,1,0.4317
above_good,87,305,-18,1,0.4486
above_good,87,310,-13,1,0.4857
above_good,87,315,-8,1,0.5263
above_good,87,320,-3,1,0.5272
above_good,87,325,2,1,0.5354
above_good,87,330,7,1,0.5262
above_good,87,335,12,1,0.5114
above_good,87,340,17,1,0.4991
above_good,87,345,22,1,0.4911
above_good,87,350,27,1,0.4934
above_good,87,355,32,1,0.4993
above_good,87,360,37,1,0.4946
above_good,87,365,42,1,0.5024
above_good,87,370,47,1,0.5236
above_good,87,375,52,1,0.5249
above_good,87,380,57,1,0.5205
above_good,87,385,62,1,0.5285
above_good,87,390,67,1,0.5247
above_good,87,395,72,1,0.522
above_good,87,400,77,1,0.523
above_good,87,405,82,1,0.5324
above_good,89,0,-398,-1,0.5318
above_good,89,5,-393,-1,0.5298
above_good,89,10,-388,-1,0.53
above_good,89,15,-383,-1,0.5376
above_good,89,20,-378,-1,0.5467
above_good,89,25,-373,-1,0.5543
above_good,89,30,-368,-1,0.5594
above_good,89,35,-363,-1,0.5597
above_good,89,40,-358,-1,0.5534
above_good,89,45,-353,-1,0.5427
above_good,89,50,-348,-1,0.5384
above_good,89,55,-343,-1,0.5391
above_good,89,60,-338,-1,0.5427
above_good,89,65,-333,-1,0.5382
above_good,89,70,-328,-1,0.5482
above_good,89,75,-323,-1,0.5573
above_good,89,80,-318,-1,0.5447
above_good,89,85,-313,-1,0.5433
above_good,89,90,-308,-1,0.5362
above_good,89,95,-303,-1,0.5284
above_good,89,100,-298,-1,0.5118
above_good,89,105,-293,-1,0.5167
above_good,89,110,-288,-1,0.5095
above_good,89,115,-283,-1,0.5168
above_good,89,120,-278,-1,0.52
above_good,89,125,-273,-1,0.5366
above_good,89,130,-268,-1,0.5557
above_good,89,135,-263,-1,0.5615
above_good,89,140,-258,-1,0.5681
above_good,89,145,-253,-1,0.5582
above_good,89,150,-248,-1,0.5453
above_good,89,155,-243,-1,0.5199
above_good,89,160,-238,-1,0.5117
above_good,89,165,-233,-1,0.5062
above_good,89,170,-228,-1,0.5121
above_good,89,175,-223,-1,0.5111
above_good,89,180,-218,-1,0.5209
above_good,89,185,-213,-1,0.5278
above_good,89,190,-208,-1,0.5284
above_good,89,195,-203,-1,0.5224
above_good,89,200,-198,-1,0.5128
above_good,89,205,-193,-1,0.5116
above_good,89,210,-188,-1,0.5174
above_good,89,215,-183,-1,0.5228
above_good,89,220,-178,-1,0.5194
above_good,89,225,-173,-1,0.5224
above_good,89,230,-168,-1,0.5282
above_good,89,235,-163,-1,0.5276
above_good,89,240,-158,-1,0.5208
above_good,89,245,-153,-1,0.5198
above_good,89,250,-148,-1,0.5201
above_good,89,255,-143,-1,0.5022
above_good,89,260,-138,-1,0.4821
above_good,89,265,-133,-1,0.4821
above_good,89,270,-128,-1,0.4937
above_good,89,275,-123,-1,0.4931
above_good,89,280,-118,-1,0.4993
above_good,89,285,-113,-1,0.5129
above_good,89,290,-108,-1,0.5094
above_good,89,295,-103,-1,0.4963
above_good,89,300,-98,-1,0.4885
above_good,89,305,-93,-1,0.5018
above_good,89,310,-88,-1,0.4924
above_good,89,315,-83,-1,0.4895
above_good,89,320,-78,-1,0.4999
above_good,89,325,-73,-1,0.5117
above_good,89,330,-68,-1,0.4973
above_good,89,335,-63,-1,0.5137
above_good,89,340,-58,-1,0.5267
above_good,89,345,-53,-1,0.5255
above_good,89,350,-48,-1,0.5368
above_good,89,355,-43,-1,0.5483
above_good,89,360,-38,-1,0.5546
above_good,89,365,-33,-1,0.5578
above_good,89,370,-28,-1,0.5662
above_good,89,375,-23,-1,0.5715
above_good,89,380,-18,-1,0.5782
above_good,89,385,-13,-1,0.5834
above_good,89,390,-8,-1,0.5914
above_good,89,395,-3,-1,0.6001
above_good,90,0,-362,1,0.532
above_good,90,5,-357,1,0.5316
above_good,90,10,-352,1,0.531
above_good,90,15,-347,1,0.536
above_good,90,20,-342,1,0.5394
above_good,90,25,-337,1,0.5485
above_good,90,30,-332,1,0.5523
above_good,90,35,-327,1,0.5539
above_good,90,40,-322,1,0.5467
above_good,90,45,-317,1,0.5476
above_good,90,50,-312,1,0.5461
above_good,90,55,-307,1,0.5434
above_good,90,60,-302,1,0.552
above_good,90,65,-297,1,0.5639
above_good,90,70,-292,1,0.5635
above_good,90,75,-287,1,0.5589
above_good,90,80,-282,1,0.5616
above_good,90,85,-277,1,0.5557
above_good,90,90,-272,1,0.5348
above_good,90,95,-267,1,0.5345
above_good,90,100,-262,1,0.5348
above_good,90,105,-257,1,0.5275
above_good,90,110,-252,1,0.5246
above_good,90,115,-247,1,0.5315
above_good,90,120,-242,1,0.5224
above_good,90,125,-237,1,0.5179
above_good,90,130,-232,1,0.5263
above_good,90,135,-227,1,0.524
above_good,90,140,-222,1,0.5256
above_good,90,145,-217,1,0.5281
above_good,90,150,-212,1,0.5313
above_good,90,155,-207,1,0.5299
above_good,90,160,-202,1,0.5279
above_good,90,165,-197,1,0.524
above_good,90,170,-192,1,0.5235
above_good,90,175,-187,1,0.5188
above_good,90,180,-182,1,0.5039
above_good,90,185,-177,1,0.4988
above_good,90,190,-172,1,0.4928
above_good,90,195,-167,1,0.4911
above_good,90,200,-162,1,0.4972
above_good,90,205,-157,1,0.5108
above_good,90,210,-152,1,0.525
above_good,90,215,-147,1,0.535
above_good,90,220,-142,1,0.5397
above_good,90,225,-137,1,0.546
above_good,90,230,-132,1,0.5478
above_good,90,235,-127,1,0.5468
above_good,90,240,-122,1,0.5418
above_good,90,245,-117,1,0.5378
above_good,90,250,-112,1,0.5217
above_good,90,255,-107,1,0.5046
above_good,90,260,-102,1,0.4913
above_good,90,265,-97,1,0.4906
above_good,90,270,-92,1,0.4924
above_good,90,275,-87,1,0.4907
above_good,90,280,-82,1,0.506
above_good,90,285,-77,1,0.5127
above_good,90,290,-72,1,0.5218
above_good,90,295,-67,1,0.5274
above_good,90,300,-62,1,0.54
above_good,90,305,-57,1,0.5385
above_good,90,310,-52,1,0.561
above_good,90,315,-47,1,0.5708
above_good,90,320,-42,1,0.5747
above_good,90,325,-37,1,0.5801
above_good,90,330,-32,1,0.586
above_good,90,335,-27,1,0.5764
above_good,90,340,-22,1,0.5825
above_good,90,345,-17,1,0.5873
above_good,90,350,-12,1,0.5947
above_good,90,355,-7,1,0.6023
above_good,90,360,-2,1,0.6063
above_good,90,365,3,1,0.6022
above_good,91,0,,-1,0.5104
above_good,91,5,,-1,0.5134
above_good,91,10,,-1,0.515
above_good,91,15,,-1,0.5155
above_good,91,20,,-1,0.5214
above_good,91,25,,-1,0.5204
above_good,91,30,,-1,0.5235
above_good,91,35,,-1,0.5221
above_good,91,40,,-1,0.5282
above_good,91,45,,-1,0.5213
above_good,91,50,,-1,0.5149
above_good,91,55,,-1,0.5063
above_good,91,60,,-1,0.5047
above_good,91,65,,-1,0.5064
above_good,91,70,,-1,0.518
above_good,91,75,,-1,0.5304
above_good,91,80,,-1,0.5459
above_good,91,85,,-1,0.5589
above_good,91,90,,-1,0.5498
above_good,91,95,,-1,0.5481
above_good,91,100,,-1,0.5457
above_good,91,105,,-1,0.5357
above_good,91,110,,-1,0.5241
above_good,91,115,,-1,0.5228
above_good,91,120,,-1,0.5106
above_good,91,125,,-1,0.5048
above_good,91,130,,-1,0.502
above_good,91,135,,-1,0.5004
above_good,91,140,,-1,0.494
above_good,91,145,,-1,0.488
above_good,91,150,,-1,0.4788
above_good,91,155,,-1,0.4767
above_good,91,160,,-1,0.4759
above_good,91,165,,-1,0.48
above_good,91,170,,-1,0.4915
above_good,91,175,,-1,0.5006
above_good,91,180,,-1,0.5049
above_good,91,185,,-1,0.5022
above_good,91,190,,-1,0.5097
above_good,91,195,,-1,0.5056
above_good,91,200,,-1,0.5069
above_good,91,205,,-1,0.5181
above_good,91,210,,-1,0.5338
above_good,91,215,,-1,0.5341
above_good,91,220,,-1,0.5398
above_good,91,225,,-1,0.5443
above_good,91,230,,-1,0.5416
above_good,91,235,,-1,0.5371
above_good,91,240,,-1,0.5389
above_good,91,245,,-1,0.5398
above_good,91,250,,-1,0.5348
above_good,91,255,,-1,0.5261
above_good,91,260,,-1,0.5192
above_good,91,265,,-1,0.5182
above_good,91,270,,-1,0.5129
above_good,91,275,,-1,0.5103
above_good,91,280,,-1,0.5132
above_good,91,285,,-1,0.5119
above_good,91,290,,-1,0.5098
above_good,91,295,,-1,0.526
above_good,91,300,,-1,0.5417
above_good,91,305,,-1,0.5388
above_good,91,310,,-1,0.5468
above_good,91,315,,-1,0.5362
above_good,91,320,,-1,0.4784
above_good,91,325,,-1,0.4129
above_good,91,330,,-1,0.3656
above_good,91,335,,-1,0.3153
above_good,91,340,,-1,0.2755
above_good,91,345,,-1,0.2738
above_good,91,350,,-1,0.2953
above_good,91,355,,-1,0.3119
above_good,91,360,,-1,0.3047
above_good,91,365,,-1,0.3002
above_good,91,370,,-1,0.2943
above_good,91,375,,-1,0.2703
above_good,91,380,,-1,0.2486
above_good,91,385,,-1,0.2497
above_good,91,390,,-1,0.2616
above_good,91,395,,-1,0.2793
above_good,91,400,,-1,0.2819
above_good,91,405,,-1,0.2834
above_good,91,410,,-1,0.2904
above_good,91,415,,-1,0.2921
above_good,91,420,,-1,0.2909
above_good,91,425,,-1,0.2907
above_good,91,430,,-1,0.2839
above_good,91,435,,-1,0.2576
above_good,91,440,,-1,0.228
above_good,91,445,,-1,0.197
above_good,91,450,,-1,0.1909
above_good,91,455,,-1,0.1864
above_good,91,460,,-1,0.2068
above_good,91,465,,-1,0.2307
above_good,91,470,,-1,0.2454
above_good,91,475,,-1,0.247
above_good,91,480,,-1,0.2547
above_good,91,485,,-1,0.2492
above_good,91,490,,-1,0.2571
above_good,91,495,,-1,0.2448
above_good,91,500,,-1,0.2351
above_good,91,505,,-1,0.2161
above_good,91,510,,-1,0.205
above_good,91,515,,-1,0.1769
above_good,91,520,,-1,0.2098
above_good,91,525,,-1,0.2004
above_good,91,530,,-1,0.1989
above_good,91,535,,-1,0.2114
above_good,91,540,,-1,0.2311
above_good,91,545,,-1,0.2206
above_good,91,550,,-1,0.2454
above_good,91,555,,-1,0.2643
above_good,91,560,,-1,0.2684
above_good,91,565,,-1,0.3004
above_good,91,570,,-1,0.2922
above_good,91,575,,-1,0.3126
above_good,91,580,,-1,0.3416
above_good,91,585,,-1,0.3613
above_good,91,590,,-1,0.3384
above_good,91,595,,-1,0.3412
above_good,91,600,,-1,0.3379
above_good,91,605,,-1,0.3441
above_good,91,610,,-1,0.3713
above_good,91,615,,-1,0.3901
above_good,91,620,,-1,0.4239
above_good,92,0,-346,1,0.5216
above_good,92,5,-341,1,0.5231
above_good,92,10,-336,1,0.5224
above_good,92,15,-331,1,0.5244
above_good,92,20,-326,1,0.5255
above_good,92,25,-321,1,0.5322
above_good,92,30,-316,1,0.5374
above_good,92,35,-311,1,0.5384
above_good,92,40,-306,1,0.5445
above_good,92,45,-301,1,0.5478
above_good,92,50,-296,1,0.5462
above_good,92,55,-291,1,0.5437
above_good,92,60,-286,1,0.546
above_good,92,65,-281,1,0.541
above_good,92,70,-276,1,0.5445
above_good,92,75,-271,1,0.5493
above_good,92,80,-266,1,0.5505
above_good,92,85,-261,1,0.55
above_good,92,90,-256,1,0.5529
above_good,92,95,-251,1,0.5514
above_good,92,100,-246,1,0.5349
above_good,92,105,-241,1,0.526
above_good,92,110,-236,1,0.5288
above_good,92,115,-231,1,0.5216
above_good,92,120,-226,1,0.5137
above_good,92,125,-221,1,0.5166
above_good,92,130,-216,1,0.5056
above_good,92,135,-211,1,0.4874
above_good,92,140,-206,1,0.4807
above_good,92,145,-201,1,0.4765
above_good,92,150,-196,1,0.4563
above_good,92,155,-191,1,0.4666
above_good,92,160,-186,1,0.479
above_good,92,165,-181,1,0.4803
above_good,92,170,-176,1,0.4767
above_good,92,175,-171,1,0.4868
above_good,92,180,-166,1,0.4885
above_good,92,185,-161,1,0.4909
above_good,92,190,-156,1,0.5029
above_good,92,195,-151,1,0.5209
above_good,92,200,-146,1,0.5346
above_good,92,205,-141,1,0.5444
above_good,92,210,-136,1,0.5449
above_good,92,215,-131,1,0.5407
above_good,92,220,-126,1,0.524
above_good,92,225,-121,1,0.5139
above_good,92,230,-116,1,0.5022
above_good,92,235,-111,1,0.5009
above_good,92,240,-106,1,0.4858
above_good,92,245,-101,1,0.4855
above_good,92,250,-96,1,0.496
above_good,92,255,-91,1,0.4974
above_good,92,260,-86,1,0.4969
above_good,92,265,-81,1,0.5213
above_good,92,270,-76,1,0.5328
above_good,92,275,-71,1,0.5342
above_good,92,280,-66,1,0.5401
above_good,92,285,-61,1,0.5432
above_good,92,290,-56,1,0.5451
above_good,92,295,-51,1,0.5536
above_good,92,300,-46,1,0.5553
above_good,92,305,-41,1,0.5647
above_good,92,310,-36,1,0.5713
above_good,92,315,-31,1,0.5667
above_good,92,320,-26,1,0.5651
above_good,92,325,-21,1,0.5688
above_good,92,330,-16,1,0.5733
above_good,92,335,-11,1,0.5884
above_good,92,340,-6,1,0.5817
above_good,92,345,-1,1,0.5817
above_good,92,350,4,1,0.5879
above_good,92,355,9,1,0.5817
above_good,93,0,-435,1,0.5341
above_good,93,5,-430,1,0.5319
above_good,93,10,-425,1,0.5322
above_good,93,15,-420,1,0.5303
above_good,93,20,-415,1,0.5259
above_good,93,25,-410,1,0.5286
above_good,93,30,-405,1,0.5375
above_good,93,35,-400,1,0.5477
above_good,93,40,-395,1,0.5522
above_good,93,45,-390,1,0.5538
above_good,93,50,-385,1,0.5506
above_good,93,55,-380,1,0.5387
above_good,93,60,-375,1,0.5274
above_good,93,65,-370,1,0.5228
above_good,93,70,-365,1,0.5143
above_good,93,75,-360,1,0.5072
above_good,93,80,-355,1,0.5152
above_good,93,85,-350,1,0.5221
above_good,93,90,-345,1,0.526
above_good,93,95,-340,1,0.541
above_good,93,100,-335,1,0.5619
above_good,93,105,-330,1,0.5639
above_good,93,110,-325,1,0.5662
above_good,93,115,-320,1,0.572
above_good,93,120,-315,1,0.5692
above_good,93,125,-310,1,0.5631
above_good,93,130,-305,1,0.564
above_good,93,135,-300,1,0.5596
above_good,93,140,-295,1,0.5563
above_good,93,145,-290,1,0.545
above_good,93,150,-285,1,0.5335
above_good,93,155,-280,1,0.524
above_good,93,160,-275,1,0.5234
above_good,93,165,-270,1,0.5094
above_good,93,170,-265,1,0.5152
above_good,93,175,-260,1,0.5219
above_good,93,180,-255,1,0.5188
above_good,93,185,-250,1,0.507
above_good,93,190,-245,1,0.5058
above_good,93,195,-240,1,0.4898
above_good,93,200,-235,1,0.4833
above_good,93,205,-230,1,0.4767
above_good,93,210,-225,1,0.4779
above_good,93,215,-220,1,0.4828
above_good,93,220,-215,1,0.5058
above_good,93,225,-210,1,0.504
above_good,93,230,-205,1,0.5047
above_good,93,235,-200,1,0.5006
above_good,93,240,-195,1,0.4967
above_good,93,245,-190,1,0.481
above_good,93,250,-185,1,0.4911
above_good,93,255,-180,1,0.5041
above_good,93,260,-175,1,0.517
above_good,93,265,-170,1,0.5158
above_good,93,270,-165,1,0.5247
above_good,93,275,-160,1,0.5153
above_good,93,280,-155,1,0.5173
above_good,93,285,-150,1,0.508
above_good,93,290,-145,1,0.5149
above_good,93,295,-140,1,0.5106
above_good,93,300,-135,1,0.5071
above_good,93,305,-130,1,0.4926
above_good,93,310,-125,1,0.4961
above_good,93,315,-120,1,0.4986
above_good,93,320,-115,1,0.499
above_good,93,325,-110,1,0.5069
above_good,93,330,-105,1,0.5156
above_good,93,335,-100,1,0.5143
above_good,93,340,-95,1,0.5147
above_good,93,345,-90,1,0.5172
above_good,93,350,-85,1,0.5091
above_good,93,355,-80,1,0.5119
above_good,93,360,-75,1,0.5144
above_good,93,365,-70,1,0.5111
above_good,93,370,-65,1,0.5161
above_good,93,375,-60,1,0.526
above_good,93,380,-55,1,0.5193
above_good,93,385,-50,1,0.5138
above_good,93,390,-45,1,0.5189
above_good,93,395,-40,1,0.5224
above_good,93,400,-35,1,0.5259
above_good,93,405,-30,1,0.5426
above_good,93,410,-25,1,0.5516
above_good,93,415,-20,1,0.5551
above_good,93,420,-15,1,0.5604
above_good,93,425,-10,1,0.5746
above_good,93,430,-5,1,0.5709
above_good,93,435,0,1,0.5797
above_good,93,440,5,1,0.5721
above_good,93,445,10,1,0.5564
above_good,93,450,15,1,0.5345
above_good,93,455,20,1,0.5274
above_good,93,460,25,1,0.5138
above_good,93,465,30,1,0.5119
above_good,95,0,,-1,0.5162
above_good,95,5,,-1,0.5098
above_good,95,10,,-1,0.5143
above_good,95,15,,-1,0.5255
above_good,95,20,,-1,0.5332
above_good,95,25,,-1,0.5395
above_good,95,30,,-1,0.5432
above_good,95,35,,-1,0.54
above_good,95,40,,-1,0.5343
above_good,95,45,,-1,0.5197
above_good,95,50,,-1,0.504
above_good,95,55,,-1,0.5091
above_good,95,60,,-1,0.5137
above_good,95,65,,-1,0.5087
above_good,95,70,,-1,0.5181
above_good,95,75,,-1,0.5333
above_good,95,80,,-1,0.5319
above_good,95,85,,-1,0.522
above_good,95,90,,-1,0.529
above_good,95,95,,-1,0.5253
above_good,95,100,,-1,0.5158
above_good,95,105,,-1,0.5119
above_good,95,110,,-1,0.5191
above_good,95,115,,-1,0.5111
above_good,95,120,,-1,0.5159
above_good,95,125,,-1,0.5173
above_good,95,130,,-1,0.5051
above_good,95,135,,-1,0.4978
above_good,95,140,,-1,0.4865
above_good,95,145,,-1,0.474
above_good,95,150,,-1,0.4681
above_good,95,155,,-1,0.4698
above_good,95,160,,-1,0.4631
above_good,95,165,,-1,0.4668
above_good,95,170,,-1,0.4722
above_good,95,175,,-1,0.4763
above_good,95,180,,-1,0.4983
above_good,95,185,,-1,0.5138
above_good,95,190,,-1,0.5166
above_good,95,195,,-1,0.52
above_good,95,200,,-1,0.5316
above_good,95,205,,-1,0.5217
above_good,95,210,,-1,0.52
above_good,95,215,,-1,0.5337
above_good,95,220,,-1,0.5283
above_good,95,225,,-1,0.5174
above_good,95,230,,-1,0.5121
above_good,95,235,,-1,0.5094
above_good,95,240,,-1,0.4931
above_good,95,245,,-1,0.4875
above_good,95,250,,-1,0.4915
above_good,95,255,,-1,0.4976
above_good,95,260,,-1,0.4862
above_good,95,265,,-1,0.4806
above_good,95,270,,-1,0.4897
above_good,95,275,,-1,0.4938
above_good,95,280,,-1,0.4955
above_good,95,285,,-1,0.515
above_good,95,290,,-1,0.536
above_good,95,295,,-1,0.5337
above_good,95,300,,-1,0.5342
above_good,95,305,,-1,0.5456
above_good,95,310,,-1,0.5508
above_good,95,315,,-1,0.5533
above_good,95,320,,-1,0.57
above_good,95,325,,-1,0.5692
above_good,95,330,,-1,0.5513
above_good,95,335,,-1,0.5408
above_good,95,340,,-1,0.5257
above_good,95,345,,-1,0.515
above_good,95,350,,-1,0.5037
above_good,95,355,,-1,0.5022
above_good,95,360,,-1,0.5009
above_good,95,365,,-1,0.5136
above_good,95,370,,-1,0.5099
above_good,95,375,,-1,0.5189
above_good,96,0,-376,1,0.5423
above_good,96,5,-371,1,0.5389
above_good,96,10,-366,1,0.5363
above_good,96,15,-361,1,0.5322
above_good,96,20,-356,1,0.5305
above_good,96,25,-351,1,0.515
above_good,96,30,-346,1,0.5158
above_good,96,35,-341,1,0.5285
above_good,96,40,-336,1,0.5375
above_good,96,45,-331,1,0.5492
above_good,96,50,-326,1,0.5657
above_good,96,55,-321,1,0.5736
above_good,96,60,-316,1,0.5628
above_good,96,65,-311,1,0.5501
above_good,96,70,-306,1,0.5304
above_good,96,75,-301,1,0.5288
above_good,96,80,-296,1,0.522
above_good,96,85,-291,1,0.5219
above_good,96,90,-286,1,0.528
above_good,96,95,-281,1,0.5368
above_good,96,100,-276,1,0.546
above_good,96,105,-271,1,0.554
above_good,96,110,-266,1,0.5527
above_good,96,115,-261,1,0.5574
above_good,96,120,-256,1,0.5356
above_good,96,125,-251,1,0.5163
above_good,96,130,-246,1,0.5049
above_good,96,135,-241,1,0.5049
above_good,96,140,-236,1,0.4974
above_good,96,145,-231,1,0.5192
above_good,96,150,-226,1,0.5354
above_good,96,155,-221,1,0.5518
above_good,96,160,-216,1,0.5429
above_good,96,165,-211,1,0.5422
above_good,96,170,-206,1,0.5442
above_good,96,175,-201,1,0.5397
above_good,96,180,-196,1,0.5271
above_good,96,185,-191,1,0.5388
above_good,96,190,-186,1,0.5458
above_good,96,195,-181,1,0.5464
above_good,96,200,-176,1,0.5434
above_good,96,205,-171,1,0.5423
above_good,96,210,-166,1,0.5422
above_good,96,215,-161,1,0.5512
above_good,96,220,-156,1,0.553
above_good,96,225,-151,1,0.5514
above_good,96,230,-146,1,0.5457
above_good,96,235,-141,1,0.5424
above_good,96,240,-136,1,0.5299
above_good,96,245,-131,1,0.5202
above_good,96,250,-126,1,0.5273
above_good,96,255,-121,1,0.5342
above_good,96,260,-116,1,0.5341
above_good,96,265,-111,1,0.5242
above_good,96,270,-106,1,0.5239
above_good,96,275,-101,1,0.5248
above_good,96,280,-96,1,0.5195
above_good,96,285,-91,1,0.5199
above_good,96,290,-86,1,0.5338
above_good,96,295,-81,1,0.5427
above_good,96,300,-76,1,0.5367
above_good,96,305,-71,1,0.5466
above_good,96,310,-66,1,0.5605
above_good,96,315,-61,1,0.5659
above_good,96,320,-56,1,0.5642
above_good,96,325,-51,1,0.5803
above_good,96,330,-46,1,0.5755
above_good,96,335,-41,1,0.5726
above_good,96,340,-36,1,0.5711
above_good,96,345,-31,1,0.5765
above_good,96,350,-26,1,0.5826
above_good,96,355,-21,1,0.5943
above_good,96,360,-16,1,0.599
above_good,96,365,-11,1,0.6186
above_good,96,370,-6,1,0.6275
above_good,96,375,-1,1,0.6259
above_good,97,0,,1,0.5351
above_good,97,5,,1,0.5336
above_good,97,10,,1,0.5347
above_good,97,15,,1,0.5358
above_good,97,20,,1,0.5397
above_good,97,25,,1,0.5461
above_good,97,30,,1,0.5423
above_good,97,35,,1,0.5267
above_good,97,40,,1,0.5199
above_good,97,45,,1,0.5133
above_good,97,50,,1,0.5008
above_good,97,55,,1,0.507
above_good,97,60,,1,0.5215
above_good,97,65,,1,0.5315
above_good,97,70,,1,0.5414
above_good,97,75,,1,0.5564
above_good,97,80,,1,0.5623
above_good,97,85,,1,0.5812
above_good,97,90,,1,0.5881
above_good,97,95,,1,0.5825
above_good,97,100,,1,0.5816
above_good,97,105,,1,0.5745
above_good,97,110,,1,0.5531
above_good,97,115,,1,0.5399
above_good,97,120,,1,0.5392
above_good,97,125,,1,0.5286
above_good,97,130,,1,0.5232
above_good,97,135,,1,0.5019
above_good,97,140,,1,0.4914
above_good,97,145,,1,0.486
above_good,97,150,,1,0.4803
above_good,97,155,,1,0.4782
above_good,97,160,,1,0.4881
above_good,97,165,,1,0.4958
above_good,97,170,,1,0.4796
above_good,97,175,,1,0.4786
above_good,97,180,,1,0.4721
above_good,97,185,,1,0.4678
above_good,97,190,,1,0.4516
above_good,97,195,,1,0.4539
above_good,97,200,,1,0.4383
above_good,97,205,,1,0.4365
above_good,97,210,,1,0.4441
above_good,97,215,,1,0.4445
above_good,97,220,,1,0.4379
above_good,97,225,,1,0.4326
above_good,97,230,,1,0.4296
above_good,97,235,,1,0.4093
above_good,97,240,,1,0.3954
above_good,97,245,,1,0.3798
above_good,97,250,,1,0.3802
above_good,97,255,,1,0.3753
above_good,97,260,,1,0.3812
above_good,97,265,,1,0.3946
above_good,97,270,,1,0.4097
above_good,97,275,,1,0.4188
above_good,97,280,,1,0.44
above_good,97,285,,1,0.4642
above_good,97,290,,1,0.4781
above_good,97,295,,1,0.4951
above_good,97,300,,1,0.5203
above_good,97,305,,1,0.5162
above_good,97,310,,1,0.5102
above_good,97,315,,1,0.5047
above_good,97,320,,1,0.5081
above_good,97,325,,1,0.4887
above_good,97,330,,1,0.4876
above_good,97,335,,1,0.4938
above_good,97,340,,1,0.502
above_good,97,345,,1,0.4958
above_good,97,350,,1,0.502
above_good,97,355,,1,0.4918
above_good,97,360,,1,0.478
above_good,97,365,,1,0.461
above_good,97,370,,1,0.4607
above_good,97,375,,1,0.4658
above_good,97,380,,1,0.47
above_good,97,385,,1,0.4847
above_good,97,390,,1,0.4973
above_good,97,395,,1,0.5024
above_good,97,400,,1,0.5051
above_good,97,405,,1,0.5057
above_good,97,410,,1,0.5077
above_good,97,415,,1,0.5169
above_good,97,420,,1,0.5148
above_good,97,425,,1,0.5254
above_good,97,430,,1,0.5258
above_good,97,435,,1,0.5028
above_good,97,440,,1,0.4877
above_good,97,445,,1,0.4889
above_good,97,450,,1,0.4838
above_good,97,455,,1,0.4922
above_good,97,460,,1,0.4899
above_good,97,465,,1,0.486
above_good,97,470,,1,0.4737
above_good,97,475,,1,0.4595
above_good,97,480,,1,0.457
above_good,97,485,,1,0.4708
above_good,97,490,,1,0.4793
above_good,99,0,-336,-1,0.5329
above_good,99,5,-331,-1,0.5303
above_good,99,10,-326,-1,0.5299
above_good,99,15,-321,-1,0.5285
above_good,99,20,-316,-1,0.5236
above_good,99,25,-311,-1,0.5239
above_good,99,30,-306,-1,0.5328
above_good,99,35,-301,-1,0.5412
above_good,99,40,-296,-1,0.5474
above_good,99,45,-291,-1,0.554
above_good,99,50,-286,-1,0.5565
above_good,99,55,-281,-1,0.55
above_good,99,60,-276,-1,0.544
above_good,99,65,-271,-1,0.5445
above_good,99,70,-266,-1,0.5365
above_good,99,75,-261,-1,0.5273
above_good,99,80,-256,-1,0.5161
above_good,99,85,-251,-1,0.5102
above_good,99,90,-246,-1,0.4964
above_good,99,95,-241,-1,0.4988
above_good,99,100,-236,-1,0.5098
above_good,99,105,-231,-1,0.5206
above_good,99,110,-226,-1,0.5189
above_good,99,115,-221,-1,0.5274
above_good,99,120,-216,-1,0.5337
above_good,99,125,-211,-1,0.5222
above_good,99,130,-206,-1,0.5214
above_good,99,135,-201,-1,0.5254
above_good,99,140,-196,-1,0.5137
above_good,99,145,-191,-1,0.5121
above_good,99,150,-186,-1,0.5252
above_good,99,155,-181,-1,0.5326
above_good,99,160,-176,-1,0.54
above_good,99,165,-171,-1,0.5466
above_good,99,170,-166,-1,0.545
above_good,99,175,-161,-1,0.5465
above_good,99,180,-156,-1,0.5395
above_good,99,185,-151,-1,0.5319
above_good,99,190,-146,-1,0.5333
above_good,99,195,-141,-1,0.5286
above_good,99,200,-136,-1,0.5259
above_good,99,205,-131,-1,0.534
above_good,99,210,-126,-1,0.5338
above_good,99,215,-121,-1,0.5419
above_good,99,220,-116,-1,0.5603
above_good,99,225,-111,-1,0.5545
above_good,99,230,-106,-1,0.5474
above_good,99,235,-101,-1,0.5497
above_good,99,240,-96,-1,0.5388
above_good,99,245,-91,-1,0.5222
above_good,99,250,-86,-1,0.5262
above_good,99,255,-81,-1,0.5215
above_good,99,260,-76,-1,0.528
above_good,99,265,-71,-1,0.5359
above_good,99,270,-66,-1,0.5354
above_good,99,275,-61,-1,0.5437
above_good,99,280,-56,-1,0.5461
above_good,99,285,-51,-1,0.5403
above_good,99,290,-46,-1,0.54
above_good,99,295,-41,-1,0.5411
above_good,99,300,-36,-1,0.5401
above_good,99,305,-31,-1,0.5488
above_good,99,310,-26,-1,0.5505
above_good,99,315,-21,-1,0.5531
above_good,99,320,-16,-1,0.5568
above_good,99,325,-11,-1,0.5616
above_good,99,330,-6,-1,0.5655
above_good,99,335,-1,-1,0.571
above_good,99,340,4,-1,0.5758
above_good,100,0,-427,1,0.5058
above_good,100,5,-422,1,0.5135
above_good,100,10,-417,1,0.5208
above_good,100,15,-412,1,0.5268
above_good,100,20,-407,1,0.5411
above_good,100,25,-402,1,0.548
above_good,100,30,-397,1,0.5496
above_good,100,35,-392,1,0.5472
above_good,100,40,-387,1,0.5455
above_good,100,45,-382,1,0.5528
above_good,100,50,-377,1,0.5496
above_good,100,55,-372,1,0.5531
above_good,100,60,-367,1,0.5518
above_good,100,65,-362,1,0.5504
above_good,100,70,-357,1,0.5323
above_good,100,75,-352,1,0.531
above_good,100,80,-347,1,0.5451
above_good,100,85,-342,1,0.5472
above_good,100,90,-337,1,0.5487
above_good,100,95,-332,1,0.5616
above_good,100,100,-327,1,0.5627
above_good,100,105,-322,1,0.5412
above_good,100,110,-317,1,0.5344
above_good,100,115,-312,1,0.5326
above_good,100,120,-307,1,0.5204
above_good,100,125,-302,1,0.5152
above_good,100,130,-297,1,0.5175
above_good,100,135,-292,1,0.5169
above_good,100,140,-287,1,0.5093
above_good,100,145,-282,1,0.5093
above_good,100,150,-277,1,0.5101
above_good,100,155,-272,1,0.5
above_good,100,160,-267,1,0.509
above_good,100,165,-262,1,0.5129
above_good,100,170,-257,1,0.5064
above_good,100,175,-252,1,0.508
above_good,100,180,-247,1,0.4966
above_good,100,185,-242,1,0.4887
above_good,100,190,-237,1,0.4737
above_good,100,195,-232,1,0.4589
above_good,100,200,-227,1,0.4596
above_good,100,205,-222,1,0.4724
above_good,100,210,-217,1,0.4617
above_good,100,215,-212,1,0.4689
above_good,100,220,-207,1,0.4781
above_good,100,225,-202,1,0.4645
above_good,100,230,-197,1,0.4623
above_good,100,235,-192,1,0.4671
above_good,100,240,-187,1,0.4711
above_good,100,245,-182,1,0.4793
above_good,100,250,-177,1,0.4835
above_good,100,255,-172,1,0.4818
above_good,100,260,-167,1,0.4722
above_good,100,265,-162,1,0.468
above_good,100,270,-157,1,0.4696
above_good,100,275,-152,1,0.4831
above_good,100,280,-147,1,0.5017
above_good,100,285,-142,1,0.5221
above_good,100,290,-137,1,0.5341
above_good,100,295,-132,1,0.5291
above_good,100,300,-127,1,0.5286
above_good,100,305,-122,1,0.5136
above_good,100,310,-117,1,0.5127
above_good,100,315,-112,1,0.5151
above_good,100,320,-107,1,0.5183
above_good,100,325,-102,1,0.5228
above_good,100,330,-97,1,0.5427
above_good,100,335,-92,1,0.5425
above_good,100,340,-87,1,0.5416
above_good,100,345,-82,1,0.5595
above_good,100,350,-77,1,0.557
above_good,100,355,-72,1,0.5322
above_good,100,360,-67,1,0.5207
above_good,100,365,-62,1,0.5209
above_good,100,370,-57,1,0.5119
above_good,100,375,-52,1,0.519
above_good,100,380,-47,1,0.5318
above_good,100,385,-42,1,0.5586
above_good,100,390,-37,1,0.5671
above_good,100,395,-32,1,0.5744
above_good,100,400,-27,1,0.5745
above_good,100,405,-22,1,0.585
above_good,100,410,-17,1,0.574
above_good,100,415,-12,1,0.5866
above_good,100,420,-7,1,0.5875
above_good,100,425,-2,1,0.5913
above_good,100,430,3,1,0.5947
above_good,102,0,,-1,0.5185
above_good,102,5,,-1,0.5197
above_good,102,10,,-1,0.5218
above_good,102,15,,-1,0.5205
above_good,102,20,,-1,0.5324
above_good,102,25,,-1,0.5312
above_good,102,30,,-1,0.5358
above_good,102,35,,-1,0.5306
above_good,102,40,,-1,0.5292
above_good,102,45,,-1,0.5273
above_good,102,50,,-1,0.5187
above_good,102,55,,-1,0.5058
above_good,102,60,,-1,0.5071
above_good,102,65,,-1,0.513
above_good,102,70,,-1,0.5141
above_good,102,75,,-1,0.5212
above_good,102,80,,-1,0.5399
above_good,102,85,,-1,0.5502
above_good,102,90,,-1,0.5505
above_good,102,95,,-1,0.5514
above_good,102,100,,-1,0.5547
above_good,102,105,,-1,0.5499
above_good,102,110,,-1,0.5477
above_good,102,115,,-1,0.5503
above_good,102,120,,-1,0.547
above_good,102,125,,-1,0.5449
above_good,102,130,,-1,0.5346
above_good,102,135,,-1,0.5273
above_good,102,140,,-1,0.5239
above_good,102,145,,-1,0.5194
above_good,102,150,,-1,0.5112
above_good,102,155,,-1,0.5109
above_good,102,160,,-1,0.502
above_good,102,165,,-1,0.4958
above_good,102,170,,-1,0.4993
above_good,102,175,,-1,0.5058
above_good,102,180,,-1,0.5125
above_good,102,185,,-1,0.521
above_good,102,190,,-1,0.5293
above_good,102,195,,-1,0.5249
above_good,102,200,,-1,0.5178
above_good,102,205,,-1,0.5081
above_good,102,210,,-1,0.5091
above_good,102,215,,-1,0.5144
above_good,102,220,,-1,0.5086
above_good,102,225,,-1,0.5151
above_good,102,230,,-1,0.5236
above_good,102,235,,-1,0.5264
above_good,102,240,,-1,0.5156
above_good,102,245,,-1,0.5191
above_good,102,250,,-1,0.5202
above_good,102,255,,-1,0.5155
above_good,102,260,,-1,0.502
above_good,102,265,,-1,0.4996
above_good,102,270,,-1,0.4971
above_good,102,275,,-1,0.4818
above_good,102,280,,-1,0.4822
above_good,102,285,,-1,0.4856
above_good,102,290,,-1,0.4878
above_good,102,295,,-1,0.4828
above_good,102,300,,-1,0.4887
above_good,102,305,,-1,0.4915
above_good,102,310,,-1,0.5106
above_good,102,315,,-1,0.5138
above_good,102,320,,-1,0.5252
above_good,102,325,,-1,0.5483
above_good,102,330,,-1,0.5484
above_good,102,335,,-1,0.5402
above_good,102,340,,-1,0.5486
above_good,102,345,,-1,0.5479
above_good,102,350,,-1,0.5285
above_good,102,355,,-1,0.5329
above_good,102,360,,-1,0.5366
above_good,102,365,,-1,0.5271
above_good,102,370,,-1,0.5313
above_good,104,0,-396,1,0.539
above_good,104,5,-391,1,0.5372
above_good,104,10,-386,1,0.533
above_good,104,15,-381,1,0.543
above_good,104,20,-376,1,0.5351
above_good,104,25,-371,1,0.5307
above_good,104,30,-366,1,0.5375
above_good,104,35,-361,1,0.5424
above_good,104,40,-356,1,0.532
above_good,104,45,-351,1,0.5381
above_good,104,50,-346,1,0.541
above_good,104,55,-341,1,0.534
above_good,104,60,-336,1,0.5339
above_good,104,65,-331,1,0.537
above_good,104,70,-326,1,0.5401
above_good,104,75,-321,1,0.5357
above_good,104,80,-316,1,0.5389
above_good,104,85,-311,1,0.5317
above_good,104,90,-306,1,0.5311
above_good,104,95,-301,1,0.5261
above_good,104,100,-296,1,0.5301
above_good,104,105,-291,1,0.5279
above_good,104,110,-286,1,0.54
above_good,104,115,-281,1,0.5336
above_good,104,120,-276,1,0.535
above_good,104,125,-271,1,0.5409
above_good,104,130,-266,1,0.5286
above_good,104,135,-261,1,0.5139
above_good,104,140,-256,1,0.5112
above_good,104,145,-251,1,0.5068
above_good,104,150,-246,1,0.5068
above_good,104,155,-241,1,0.52
above_good,104,160,-236,1,0.5159
above_good,104,165,-231,1,0.5118
above_good,104,170,-226,1,0.5081
above_good,104,175,-221,1,0.5078
above_good,104,180,-216,1,0.5025
above_good,104,185,-211,1,0.513
above_good,104,190,-206,1,0.5265
above_good,104,195,-201,1,0.5403
above_good,104,200,-196,1,0.5402
above_good,104,205,-191,1,0.5418
above_good,104,210,-186,1,0.5479
above_good,104,215,-181,1,0.5581
above_good,104,220,-176,1,0.5578
above_good,104,225,-171,1,0.5497
above_good,104,230,-166,1,0.5476
above_good,104,235,-161,1,0.5543
above_good,104,240,-156,1,0.5467
above_good,104,245,-151,1,0.5342
above_good,104,250,-146,1,0.5458
above_good,104,255,-141,1,0.5588
above_good,104,260,-136,1,0.5545
above_good,104,265,-131,1,0.5485
above_good,104,270,-126,1,0.5444
above_good,104,275,-121,1,0.535
above_good,104,280,-116,1,0.5238
above_good,104,285,-111,1,0.5062
above_good,104,290,-106,1,0.5037
above_good,104,295,-101,1,0.5176
above_good,104,300,-96,1,0.5216
above_good,104,305,-91,1,0.516
above_good,104,310,-86,1,0.5205
above_good,104,315,-81,1,0.5245
above_good,104,320,-76,1,0.5296
above_good,104,325,-71,1,0.5288
above_good,104,330,-66,1,0.5322
above_good,104,335,-61,1,0.5383
above_good,104,340,-56,1,0.5364
above_good,104,345,-51,1,0.5289
above_good,104,350,-46,1,0.5397
above_good,104,355,-41,1,0.5547
above_good,104,360,-36,1,0.5589
above_good,104,365,-31,1,0.5592
above_good,104,370,-26,1,0.5623
above_good,104,375,-21,1,0.5541
above_good,104,380,-16,1,0.5516
above_good,104,385,-11,1,0.5656
above_good,104,390,-6,1,0.579
above_good,104,395,-1,1,0.5852
above_good,104,400,4,1,0.6003
above_good,105,0,-462,1,0.5284
above_good,105,5,-457,1,0.5279
above_good,105,10,-452,1,0.5254
above_good,105,15,-447,1,0.5296
above_good,105,20,-442,1,0.5359
above_good,105,25,-437,1,0.5471
above_good,105,30,-432,1,0.5461
above_good,105,35,-427,1,0.5535
above_good,105,40,-422,1,0.5533
above_good,105,45,-417,1,0.5423
above_good,105,50,-412,1,0.5294
above_good,105,55,-407,1,0.5296
above_good,105,60,-402,1,0.5216
above_good,105,65,-397,1,0.5187
above_good,105,70,-392,1,0.5231
above_good,105,75,-387,1,0.524
above_good,105,80,-382,1,0.5308
above_good,105,85,-377,1,0.5319
above_good,105,90,-372,1,0.5353
above_good,105,95,-367,1,0.5342
above_good,105,100,-362,1,0.5437
above_good,105,105,-357,1,0.539
above_good,105,110,-352,1,0.5402
above_good,105,115,-347,1,0.5302
above_good,105,120,-342,1,0.532
above_good,105,125,-337,1,0.5292
above_good,105,130,-332,1,0.5304
above_good,105,135,-327,1,0.532
above_good,105,140,-322,1,0.5254
above_good,105,145,-317,1,0.5045
above_good,105,150,-312,1,0.4903
above_good,105,155,-307,1,0.4812
above_good,105,160,-302,1,0.4777
above_good,105,165,-297,1,0.4835
above_good,105,170,-292,1,0.4958
above_good,105,175,-287,1,0.4927
above_good,105,180,-282,1,0.4848
above_good,105,185,-277,1,0.4719
above_good,105,190,-272,1,0.4679
above_good,105,195,-267,1,0.459
above_good,105,200,-262,1,0.4565
above_good,105,205,-257,1,0.466
above_good,105,210,-252,1,0.4702
above_good,105,215,-247,1,0.4758
above_good,105,220,-242,1,0.4858
above_good,105,225,-237,1,0.5031
above_good,105,230,-232,1,0.4999
above_good,105,235,-227,1,0.4894
above_good,105,240,-222,1,0.4909
above_good,105,245,-217,1,0.4819
above_good,105,250,-212,1,0.4749
above_good,105,255,-207,1,0.4783
above_good,105,260,-202,1,0.4978
above_good,105,265,-197,1,0.5018
above_good,105,270,-192,1,0.5145
above_good,105,275,-187,1,0.5136
above_good,105,280,-182,1,0.5051
above_good,105,285,-177,1,0.505
above_good,105,290,-172,1,0.4998
above_good,105,295,-167,1,0.4977
above_good,105,300,-162,1,0.5063
above_good,105,305,-157,1,0.5217
above_good,105,310,-152,1,0.5117
above_good,105,315,-147,1,0.5015
above_good,105,320,-142,1,0.4937
above_good,105,325,-137,1,0.4825
above_good,105,330,-132,1,0.4764
above_good,105,335,-127,1,0.4887
above_good,105,340,-122,1,0.5034
above_good,105,345,-117,1,0.5252
above_good,105,350,-112,1,0.5428
above_good,105,355,-107,1,0.5464
above_good,105,360,-102,1,0.548
above_good,105,365,-97,1,0.5626
above_good,105,370,-92,1,0.5647
above_good,105,375,-87,1,0.5605
above_good,105,380,-82,1,0.5718
above_good,105,385,-77,1,0.5731
above_good,105,390,-72,1,0.5632
above_good,105,395,-67,1,0.5525
above_good,105,400,-62,1,0.5465
above_good,105,405,-57,1,0.5207
above_good,105,410,-52,1,0.4896
above_good,105,415,-47,1,0.4562
above_good,105,420,-42,1,0.4296
above_good,105,425,-37,1,0.4038
above_good,105,430,-32,1,0.3961
above_good,105,435,-27,1,0.4098
above_good,105,440,-22,1,0.431
above_good,105,445,-17,1,0.4573
above_good,105,450,-12,1,0.4943
above_good,105,455,-7,1,0.5171
above_good,105,460,-2,1,0.5367
above_good,107,0,,1,0.5216
above_good,107,5,,1,0.5232
above_good,107,10,,1,0.5236
above_good,107,15,,1,0.5306
above_good,107,20,,1,0.5318
above_good,107,25,,1,0.5185
above_good,107,30,,1,0.5158
above_good,107,35,,1,0.5201
above_good,107,40,,1,0.5246
above_good,107,45,,1,0.5369
above_good,107,50,,1,0.5424
above_good,107,55,,1,0.5487
above_good,107,60,,1,0.5434
above_good,107,65,,1,0.5355
above_good,107,70,,1,0.537
above_good,107,75,,1,0.5445
above_good,107,80,,1,0.5468
above_good,107,85,,1,0.5493
above_good,107,90,,1,0.5618
above_good,107,95,,1,0.5419
above_good,107,100,,1,0.5382
above_good,107,105,,1,0.5379
above_good,107,110,,1,0.5347
above_good,107,115,,1,0.5153
above_good,107,120,,1,0.5216
above_good,107,125,,1,0.5228
above_good,107,130,,1,0.5154
above_good,107,135,,1,0.5184
above_good,107,140,,1,0.5136
above_good,107,145,,1,0.5186
above_good,107,150,,1,0.5157
above_good,107,155,,1,0.5198
above_good,107,160,,1,0.5162
above_good,107,165,,1,0.5294
above_good,107,170,,1,0.5329
above_good,107,175,,1,0.5356
above_good,107,180,,1,0.5303
above_good,107,185,,1,0.5363
above_good,107,190,,1,0.5346
above_good,107,195,,1,0.5343
above_good,107,200,,1,0.5416
above_good,107,205,,1,0.5505
above_good,107,210,,1,0.5468
above_good,107,215,,1,0.5554
above_good,107,220,,1,0.5523
above_good,107,225,,1,0.5249
above_good,107,230,,1,0.508
above_good,107,235,,1,0.5107
above_good,107,240,,1,0.5041
above_good,107,245,,1,0.4978
above_good,107,250,,1,0.5161
above_good,107,255,,1,0.5115
above_good,107,260,,1,0.5058
above_good,107,265,,1,0.4765
above_good,107,270,,1,0.4685
above_good,107,275,,1,0.4559
above_good,107,280,,1,0.4711
above_good,107,285,,1,0.47
above_good,107,290,,1,0.491
above_good,107,295,,1,0.5089
above_good,107,300,,1,0.5194
above_good,107,305,,1,0.5233
above_good,107,310,,1,0.5314
above_good,107,315,,1,0.534
above_good,107,320,,1,0.5362
above_good,107,325,,1,0.5404
above_good,107,330,,1,0.5424
above_good,107,335,,1,0.5421
above_good,107,340,,1,0.5529
above_good,107,345,,1,0.5615
above_good,107,350,,1,0.5559
above_good,107,355,,1,0.5453
above_good,107,360,,1,0.5389
above_good,107,365,,1,0.5255
above_good,107,370,,1,0.5115
above_good,107,375,,1,0.5134
above_good,107,380,,1,0.5196
above_good,107,385,,1,0.5235
above_good,107,390,,1,0.5249
above_good,107,395,,1,0.5248
above_good,107,400,,1,0.5342
above_good,107,405,,1,0.5375
above_good,107,410,,1,0.5412
above_good,107,415,,1,0.5487
above_good,107,420,,1,0.5601
above_good,107,425,,1,0.5546
above_good,107,430,,1,0.5485
above_good,107,435,,1,0.55
above_good,107,440,,1,0.5512
above_good,108,0,,1,0.5363
above_good,108,5,,1,0.5342
above_good,108,10,,1,0.5346
above_good,108,15,,1,0.5313
above_good,108,20,,1,0.5357
above_good,108,25,,1,0.5422
above_good,108,30,,1,0.5373
above_good,108,35,,1,0.5375
above_good,108,40,,1,0.5435
above_good,108,45,,1,0.5283
above_good,108,50,,1,0.5199
above_good,108,55,,1,0.5263
above_good,108,60,,1,0.5293
above_good,108,65,,1,0.5308
above_good,108,70,,1,0.548
above_good,108,75,,1,0.5507
above_good,108,80,,1,0.5528
above_good,108,85,,1,0.5475
above_good,108,90,,1,0.5476
above_good,108,95,,1,0.5385
above_good,108,100,,1,0.5395
above_good,108,105,,1,0.5351
above_good,108,110,,1,0.5344
above_good,108,115,,1,0.5252
above_good,108,120,,1,0.5122
above_good,108,125,,1,0.5055
above_good,108,130,,1,0.5033
above_good,108,135,,1,0.4979
above_good,108,140,,1,0.4911
above_good,108,145,,1,0.4984
above_good,108,150,,1,0.5088
above_good,108,155,,1,0.5036
above_good,108,160,,1,0.5034
above_good,108,165,,1,0.5141
above_good,108,170,,1,0.5169
above_good,108,175,,1,0.5096
above_good,108,180,,1,0.514
above_good,108,185,,1,0.513
above_good,108,190,,1,0.5018
above_good,108,195,,1,0.5041
above_good,108,200,,1,0.5026
above_good,108,205,,1,0.5021
above_good,108,210,,1,0.5113
above_good,108,215,,1,0.5317
above_good,108,220,,1,0.5307
above_good,108,225,,1,0.5386
above_good,108,230,,1,0.5351
above_good,108,235,,1,0.5325
above_good,108,240,,1,0.5168
above_good,108,245,,1,0.5168
above_good,108,250,,1,0.5026
above_good,108,255,,1,0.5102
above_good,108,260,,1,0.5035
above_good,108,265,,1,0.5047
above_good,108,270,,1,0.4987
above_good,108,275,,1,0.5141
above_good,108,280,,1,0.5056
above_good,108,285,,1,0.5059
above_good,108,290,,1,0.5095
above_good,108,295,,1,0.5223
above_good,108,300,,1,0.5246
above_good,108,305,,1,0.5365
above_good,108,310,,1,0.5449
above_good,108,315,,1,0.5409
above_good,108,320,,1,0.5211
above_good,108,325,,1,0.5022
above_good,108,330,,1,0.4839
above_good,108,335,,1,0.484
above_good,108,340,,1,0.486
above_good,108,345,,1,0.498
above_good,108,350,,1,0.5102
above_good,108,355,,1,0.5129
above_good,108,360,,1,0.5153
above_good,108,365,,1,0.5156
above_good,109,0,-354,-1,0.5333
above_good,109,5,-349,-1,0.5316
above_good,109,10,-344,-1,0.5266
above_good,109,15,-339,-1,0.5247
above_good,109,20,-334,-1,0.5222
above_good,109,25,-329,-1,0.5255
above_good,109,30,-324,-1,0.5369
above_good,109,35,-319,-1,0.5404
above_good,109,40,-314,-1,0.5427
above_good,109,45,-309,-1,0.5464
above_good,109,50,-304,-1,0.5418
above_good,109,55,-299,-1,0.5365
above_good,109,60,-294,-1,0.5346
above_good,109,65,-289,-1,0.5389
above_good,109,70,-284,-1,0.5471
above_good,109,75,-279,-1,0.5493
above_good,109,80,-274,-1,0.5435
above_good,109,85,-269,-1,0.5411
above_good,109,90,-264,-1,0.5298
above_good,109,95,-259,-1,0.5076
above_good,109,100,-254,-1,0.5086
above_good,109,105,-249,-1,0.5013
above_good,109,110,-244,-1,0.5016
above_good,109,115,-239,-1,0.5083
above_good,109,120,-234,-1,0.5149
above_good,109,125,-229,-1,0.5125
above_good,109,130,-224,-1,0.5176
above_good,109,135,-219,-1,0.5164
above_good,109,140,-214,-1,0.5134
above_good,109,145,-209,-1,0.5146
above_good,109,150,-204,-1,0.5146
above_good,109,155,-199,-1,0.5141
above_good,109,160,-194,-1,0.5199
above_good,109,165,-189,-1,0.5145
above_good,109,170,-184,-1,0.5154
above_good,109,175,-179,-1,0.5189
above_good,109,180,-174,-1,0.5258
above_good,109,185,-169,-1,0.5242
above_good,109,190,-164,-1,0.5373
above_good,109,195,-159,-1,0.5348
above_good,109,200,-154,-1,0.5346
above_good,109,205,-149,-1,0.5366
above_good,109,210,-144,-1,0.5496
above_good,109,215,-139,-1,0.5431
above_good,109,220,-134,-1,0.5478
above_good,109,225,-129,-1,0.5551
above_good,109,230,-124,-1,0.5544
above_good,109,235,-119,-1,0.5384
above_good,109,240,-114,-1,0.5411
above_good,109,245,-109,-1,0.5378
above_good,109,250,-104,-1,0.5261
above_good,109,255,-99,-1,0.5214
above_good,109,260,-94,-1,0.5265
above_good,109,265,-89,-1,0.521
above_good,109,270,-84,-1,0.5314
above_good,109,275,-79,-1,0.5353
above_good,109,280,-74,-1,0.5356
above_good,109,285,-69,-1,0.5402
above_good,109,290,-64,-1,0.5456
above_good,109,295,-59,-1,0.5336
above_good,109,300,-54,-1,0.5254
above_good,109,305,-49,-1,0.5247
above_good,109,310,-44,-1,0.5173
above_good,109,315,-39,-1,0.5138
above_good,109,320,-34,-1,0.5089
above_good,109,325,-29,-1,0.515
above_good,109,330,-24,-1,0.5164
above_good,109,335,-19,-1,0.5182
above_good,109,340,-14,-1,0.5224
above_good,109,345,-9,-1,0.5417
above_good,109,350,-4,-1,0.5524
above_good,109,355,1,-1,0.5567
above_good,110,0,-472,1,0.54
above_good,110,5,-467,1,0.538
above_good,110,10,-462,1,0.5443
above_good,110,15,-457,1,0.5426
above_good,110,20,-452,1,0.551
above_good,110,25,-447,1,0.555
above_good,110,30,-442,1,0.5543
above_good,110,35,-437,1,0.5537
above_good,110,40,-432,1,0.5604
above_good,110,45,-427,1,0.5505
above_good,110,50,-422,1,0.5546
above_good,110,55,-417,1,0.5618
above_good,110,60,-412,1,0.5554
above_good,110,65,-407,1,0.5647
above_good,110,70,-402,1,0.5562
above_good,110,75,-397,1,0.5562
above_good,110,80,-392,1,0.5491
above_good,110,85,-387,1,0.5455
above_good,110,90,-382,1,0.5245
above_good,110,95,-377,1,0.5413
above_good,110,100,-372,1,0.5383
above_good,110,105,-367,1,0.5319
above_good,110,110,-362,1,0.5439
above_good,110,115,-357,1,0.55
above_good,110,120,-352,1,0.5333
above_good,110,125,-347,1,0.5257
above_good,110,130,-342,1,0.5232
above_good,110,135,-337,1,0.5263
above_good,110,140,-332,1,0.5235
above_good,110,145,-327,1,0.5307
above_good,110,150,-322,1,0.5272
above_good,110,155,-317,1,0.5239
above_good,110,160,-312,1,0.5071
above_good,110,165,-307,1,0.5098
above_good,110,170,-302,1,0.5084
above_good,110,175,-297,1,0.5123
above_good,110,180,-292,1,0.5169
above_good,110,185,-287,1,0.52
above_good,110,190,-282,1,0.5223
above_good,110,195,-277,1,0.5195
above_good,110,200,-272,1,0.5293
above_good,110,205,-267,1,0.5382
above_good,110,210,-262,1,0.548
above_good,110,215,-257,1,0.5516
above_good,110,220,-252,1,0.5581
above_good,110,225,-247,1,0.5449
above_good,110,230,-242,1,0.5511
above_good,110,235,-237,1,0.5419
above_good,110,240,-232,1,0.5202
above_good,110,245,-227,1,0.5131
above_good,110,250,-222,1,0.5014
above_good,110,255,-217,1,0.4949
above_good,110,260,-212,1,0.4921
above_good,110,265,-207,1,0.5074
above_good,110,270,-202,1,0.501
above_good,110,275,-197,1,0.5161
above_good,110,280,-192,1,0.4987
above_good,110,285,-187,1,0.4908
above_good,110,290,-182,1,0.4834
above_good,110,295,-177,1,0.4797
above_good,110,300,-172,1,0.4829
above_good,110,305,-167,1,0.4816
above_good,110,310,-162,1,0.4826
above_good,110,315,-157,1,0.4789
above_good,110,320,-152,1,0.4913
above_good,110,325,-147,1,0.4741
above_good,110,330,-142,1,0.4859
above_good,110,335,-137,1,0.4807
above_good,110,340,-132,1,0.4681
above_good,110,345,-127,1,0.4557
above_good,110,350,-122,1,0.4659
above_good,110,355,-117,1,0.4509
above_good,110,360,-112,1,0.4512
above_good,110,365,-107,1,0.4612
above_good,110,370,-102,1,0.4703
above_good,110,375,-97,1,0.4585
above_good,110,380,-92,1,0.4728
above_good,110,385,-87,1,0.502
above_good,110,390,-82,1,0.528
above_good,110,395,-77,1,0.5244
above_good,110,400,-72,1,0.5451
above_good,110,405,-67,1,0.5543
above_good,110,410,-62,1,0.5423
above_good,110,415,-57,1,0.536
above_good,110,420,-52,1,0.5467
above_good,110,425,-47,1,0.5558
above_good,110,430,-42,1,0.5584
above_good,110,435,-37,1,0.5609
above_good,110,440,-32,1,0.5627
above_good,110,445,-27,1,0.5703
above_good,110,450,-22,1,0.5586
above_good,110,455,-17,1,0.5557
above_good,110,460,-12,1,0.5559
above_good,110,465,-7,1,0.5547
above_good,110,470,-2,1,0.5452
above_good,111,0,-425,1,0.5173
above_good,111,5,-420,1,0.5187
above_good,111,10,-415,1,0.5184
above_good,111,15,-410,1,0.5294
above_good,111,20,-405,1,0.5308
above_good,111,25,-400,1,0.5371
above_good,111,30,-395,1,0.5518
above_good,111,35,-390,1,0.5599
above_good,111,40,-385,1,0.5455
above_good,111,45,-380,1,0.543
above_good,111,50,-375,1,0.5408
above_good,111,55,-370,1,0.5314
above_good,111,60,-365,1,0.5314
above_good,111,65,-360,1,0.5402
above_good,111,70,-355,1,0.5499
above_good,111,75,-350,1,0.541
above_good,111,80,-345,1,0.535
above_good,111,85,-340,1,0.5311
above_good,111,90,-335,1,0.525
above_good,111,95,-330,1,0.5209
above_good,111,100,-325,1,0.523
above_good,111,105,-320,1,0.5271
above_good,111,110,-315,1,0.5199
above_good,111,115,-310,1,0.5011
above_good,111,120,-305,1,0.4923
above_good,111,125,-300,1,0.4907
above_good,111,130,-295,1,0.4743
above_good,111,135,-290,1,0.4722
above_good,111,140,-285,1,0.4878
above_good,111,145,-280,1,0.4777
above_good,111,150,-275,1,0.4635
above_good,111,155,-270,1,0.4699
above_good,111,160,-265,1,0.466
above_good,111,165,-260,1,0.4554
above_good,111,170,-255,1,0.4588
above_good,111,175,-250,1,0.472
above_good,111,180,-245,1,0.4742
above_good,111,185,-240,1,0.4842
above_good,111,190,-235,1,0.5119
above_good,111,195,-230,1,0.5125
above_good,111,200,-225,1,0.5194
above_good,111,205,-220,1,0.5235
above_good,111,210,-215,1,0.5076
above_good,111,215,-210,1,0.4866
above_good,111,220,-205,1,0.4988
above_good,111,225,-200,1,0.5052
above_good,111,230,-195,1,0.503
above_good,111,235,-190,1,0.5171
above_good,111,240,-185,1,0.5243
above_good,111,245,-180,1,0.5211
above_good,111,250,-175,1,0.5097
above_good,111,255,-170,1,0.5147
above_good,111,260,-165,1,0.5225
above_good,111,265,-160,1,0.5349
above_good,111,270,-155,1,0.5415
above_good,111,275,-150,1,0.5494
above_good,111,280,-145,1,0.5507
above_good,111,285,-140,1,0.5498
above_good,111,290,-135,1,0.542
above_good,111,295,-130,1,0.5409
above_good,111,300,-125,1,0.5345
above_good,111,305,-120,1,0.5315
above_good,111,310,-115,1,0.5243
above_good,111,315,-110,1,0.5222
above_good,111,320,-105,1,0.51
above_good,111,325,-100,1,0.5102
above_good,111,330,-95,1,0.5062
above_good,111,335,-90,1,0.5088
above_good,111,340,-85,1,0.5155
above_good,111,345,-80,1,0.5228
above_good,111,350,-75,1,0.5226
above_good,111,355,-70,1,0.5371
above_good,111,360,-65,1,0.5427
above_good,111,365,-60,1,0.5478
above_good,111,370,-55,1,0.5476
above_good,111,375,-50,1,0.5496
above_good,111,380,-45,1,0.5334
above_good,111,385,-40,1,0.5128
above_good,111,390,-35,1,0.5067
above_good,111,395,-30,1,0.5049
above_good,111,400,-25,1,0.512
above_good,111,405,-20,1,0.5323
above_good,111,410,-15,1,0.564
above_good,111,415,-10,1,0.5796
above_good,111,420,-5,1,0.6006
above_good,111,425,0,1,0.6143
above_good,112,0,-448,1,0.5335
above_good,112,5,-443,1,0.5316
above_good,112,10,-438,1,0.5292
above_good,112,15,-433,1,0.5288
above_good,112,20,-428,1,0.5256
above_good,112,25,-423,1,0.5301
above_good,112,30,-418,1,0.5322
above_good,112,35,-413,1,0.5447
above_good,112,40,-408,1,0.5493
above_good,112,45,-403,1,0.5539
above_good,112,50,-398,1,0.5532
above_good,112,55,-393,1,0.5534
above_good,112,60,-388,1,0.559
above_good,112,65,-383,1,0.5572
above_good,112,70,-378,1,0.5527
above_good,112,75,-373,1,0.5548
above_good,112,80,-368,1,0.5606
above_good,112,85,-363,1,0.5484
above_good,112,90,-358,1,0.5553
above_good,112,95,-353,1,0.5522
above_good,112,100,-348,1,0.5528
above_good,112,105,-343,1,0.5512
above_good,112,110,-338,1,0.5538
above_good,112,115,-333,1,0.5488
above_good,112,120,-328,1,0.5533
above_good,112,125,-323,1,0.573
above_good,112,130,-318,1,0.5673
above_good,112,135,-313,1,0.5618
above_good,112,140,-308,1,0.559
above_good,112,145,-303,1,0.5542
above_good,112,150,-298,1,0.5275
above_good,112,155,-293,1,0.5199
above_good,112,160,-288,1,0.5192
above_good,112,165,-283,1,0.5179
above_good,112,170,-278,1,0.5194
above_good,112,175,-273,1,0.5173
above_good,112,180,-268,1,0.5175
above_good,112,185,-263,1,0.5234
above_good,112,190,-258,1,0.5229
above_good,112,195,-253,1,0.5241
above_good,112,200,-248,1,0.5155
above_good,112,205,-243,1,0.5053
above_good,112,210,-238,1,0.4885
above_good,112,215,-233,1,0.486
above_good,112,220,-228,1,0.4873
above_good,112,225,-223,1,0.5054
above_good,112,230,-218,1,0.5136
above_good,112,235,-213,1,0.5145
above_good,112,240,-208,1,0.5097
above_good,112,245,-203,1,0.5048
above_good,112,250,-198,1,0.4904
above_good,112,255,-193,1,0.4974
above_good,112,260,-188,1,0.5105
above_good,112,265,-183,1,0.5278
above_good,112,270,-178,1,0.538
above_good,112,275,-173,1,0.5434
above_good,112,280,-168,1,0.542
above_good,112,285,-163,1,0.5434
above_good,112,290,-158,1,0.5409
above_good,112,295,-153,1,0.5324
above_good,112,300,-148,1,0.5346
above_good,112,305,-143,1,0.5364
above_good,112,310,-138,1,0.5189
above_good,112,315,-133,1,0.5049
above_good,112,320,-128,1,0.501
above_good,112,325,-123,1,0.4931
above_good,112,330,-118,1,0.4905
above_good,112,335,-113,1,0.5006
above_good,112,340,-108,1,0.4958
above_good,112,345,-103,1,0.4939
above_good,112,350,-98,1,0.4923
above_good,112,355,-93,1,0.4959
above_good,112,360,-88,1,0.497
above_good,112,365,-83,1,0.522
above_good,112,370,-78,1,0.5266
above_good,112,375,-73,1,0.5388
above_good,112,380,-68,1,0.5376
above_good,112,385,-63,1,0.5372
above_good,112,390,-58,1,0.536
above_good,112,395,-53,1,0.5484
above_good,112,400,-48,1,0.5499
above_good,112,405,-43,1,0.5562
above_good,112,410,-38,1,0.5593
above_good,112,415,-33,1,0.5463
above_good,112,420,-28,1,0.5519
above_good,112,425,-23,1,0.5593
above_good,112,430,-18,1,0.5698
above_good,112,435,-13,1,0.5845
above_good,112,440,-8,1,0.6029
above_good,112,445,-3,1,0.6042
above_good,114,0,-379,1,0.5261
above_good,114,5,-374,1,0.5306
above_good,114,10,-369,1,0.537
above_good,114,15,-364,1,0.5336
above_good,114,20,-359,1,0.536
above_good,114,25,-354,1,0.5317
above_good,114,30,-349,1,0.5197
above_good,114,35,-344,1,0.507
above_good,114,40,-339,1,0.5054
above_good,114,45,-334,1,0.5051
above_good,114,50,-329,1,0.5081
above_good,114,55,-324,1,0.5123
above_good,114,60,-319,1,0.5246
above_good,114,65,-314,1,0.5274
above_good,114,70,-309,1,0.534
above_good,114,75,-304,1,0.5334
above_good,114,80,-299,1,0.5368
above_good,114,85,-294,1,0.5335
above_good,114,90,-289,1,0.5397
above_good,114,95,-284,1,0.5278
above_good,114,100,-279,1,0.5418
above_good,114,105,-274,1,0.5501
above_good,114,110,-269,1,0.5417
above_good,114,115,-264,1,0.5388
above_good,114,120,-259,1,0.5444
above_good,114,125,-254,1,0.5312
above_good,114,130,-249,1,0.521
above_good,114,135,-244,1,0.5274
above_good,114,140,-239,1,0.5176
above_good,114,145,-234,1,0.5215
above_good,114,150,-229,1,0.5286
above_good,114,155,-224,1,0.5382
above_good,114,160,-219,1,0.5419
above_good,114,165,-214,1,0.5485
above_good,114,170,-209,1,0.5412
above_good,114,175,-204,1,0.5345
above_good,114,180,-199,1,0.5293
above_good,114,185,-194,1,0.5231
above_good,114,190,-189,1,0.5199
above_good,114,195,-184,1,0.5175
above_good,114,200,-179,1,0.5192
above_good,114,205,-174,1,0.5198
above_good,114,210,-169,1,0.5283
above_good,114,215,-164,1,0.5337
above_good,114,220,-159,1,0.541
above_good,114,225,-154,1,0.5486
above_good,114,230,-149,1,0.5502
above_good,114,235,-144,1,0.542
above_good,114,240,-139,1,0.5463
above_good,114,245,-134,1,0.5367
above_good,114,250,-129,1,0.5231
above_good,114,255,-124,1,0.5156
above_good,114,260,-119,1,0.5038
above_good,114,265,-114,1,0.4968
above_good,114,270,-109,1,0.4978
above_good,114,275,-104,1,0.4895
above_good,114,280,-99,1,0.4904
above_good,114,285,-94,1,0.4972
above_good,114,290,-89,1,0.5041
above_good,114,295,-84,1,0.5104
above_good,114,300,-79,1,0.5272
above_good,114,305,-74,1,0.5295
above_good,114,310,-69,1,0.5509
above_good,114,315,-64,1,0.5424
above_good,114,320,-59,1,0.5439
above_good,114,325,-54,1,0.5504
above_good,114,330,-49,1,0.5525
above_good,114,335,-44,1,0.5489
above_good,114,340,-39,1,0.553
above_good,114,345,-34,1,0.5562
above_good,114,350,-29,1,0.5564
above_good,114,355,-24,1,0.5641
above_good,114,360,-19,1,0.5631
above_good,114,365,-14,1,0.5705
above_good,114,370,-9,1,0.579
above_good,114,375,-4,1,0.5819
above_good,114,380,1,1,0.5861
above_good,115,0,-320,1,0.5071
above_good,115,5,-315,1,0.511
above_good,115,10,-310,1,0.5195
above_good,115,15,-305,1,0.5197
above_good,115,20,-300,1,0.5253
above_good,115,25,-295,1,0.5323
above_good,115,30,-290,1,0.5415
above_good,115,35,-285,1,0.5397
above_good,115,40,-280,1,0.5504
above_good,115,45,-275,1,0.5572
above_good,115,50,-270,1,0.556
above_good,115,55,-265,1,0.5574
above_good,115,60,-260,1,0.5644
above_good,115,65,-255,1,0.5624
above_good,115,70,-250,1,0.5642
above_good,115,75,-245,1,0.5673
above_good,115,80,-240,1,0.5602
above_good,115,85,-235,1,0.5435
above_good,115,90,-230,1,0.5362
above_good,115,95,-225,1,0.5234
above_good,115,100,-220,1,0.5092
above_good,115,105,-215,1,0.5029
above_good,115,110,-210,1,0.5067
above_good,115,115,-205,1,0.4907
above_good,115,120,-200,1,0.4936
above_good,115,125,-195,1,0.4948
above_good,115,130,-190,1,0.4828
above_good,115,135,-185,1,0.4599
above_good,115,140,-180,1,0.4693
above_good,115,145,-175,1,0.4619
above_good,115,150,-170,1,0.4531
above_good,115,155,-165,1,0.4568
above_good,115,160,-160,1,0.4717
above_good,115,165,-155,1,0.4663
above_good,115,170,-150,1,0.4743
above_good,115,175,-145,1,0.4835
above_good,115,180,-140,1,0.4984
above_good,115,185,-135,1,0.5047
above_good,115,190,-130,1,0.5193
above_good,115,195,-125,1,0.5158
above_good,115,200,-120,1,0.5141
above_good,115,205,-115,1,0.5075
above_good,115,210,-110,1,0.5016
above_good,115,215,-105,1,0.4858
above_good,115,220,-100,1,0.4857
above_good,115,225,-95,1,0.4885
above_good,115,230,-90,1,0.4828
above_good,115,235,-85,1,0.4774
above_good,115,240,-80,1,0.4947
above_good,115,245,-75,1,0.5024
above_good,115,250,-70,1,0.5015
above_good,115,255,-65,1,0.5125
above_good,115,260,-60,1,0.537
above_good,115,265,-55,1,0.5426
above_good,115,270,-50,1,0.543
above_good,115,275,-45,1,0.55
above_good,115,280,-40,1,0.5509
above_good,115,285,-35,1,0.5491
above_good,115,290,-30,1,0.5457
above_good,115,295,-25,1,0.5447
above_good,115,300,-20,1,0.5516
above_good,115,305,-15,1,0.5484
above_good,115,310,-10,1,0.5523
above_good,115,315,-5,1,0.5528
above_good,115,320,0,1,0.5504
above_good,115,325,5,1,0.542
above_good,115,330,10,1,0.5473
above_good,115,335,15,1,0.5372
above_good,116,0,,-1,0.4992
above_good,116,5,,-1,0.4948
above_good,116,10,,-1,0.5002
above_good,116,15,,-1,0.4998
above_good,116,20,,-1,0.501
above_good,116,25,,-1,0.505
above_good,116,30,,-1,0.511
above_good,116,35,,-1,0.5141
above_good,116,40,,-1,0.5134
above_good,116,45,,-1,0.509
above_good,116,50,,-1,0.5077
above_good,116,55,,-1,0.5115
above_good,116,60,,-1,0.5095
above_good,116,65,,-1,0.5126
above_good,116,70,,-1,0.5175
above_good,116,75,,-1,0.5176
above_good,116,80,,-1,0.5119
above_good,116,85,,-1,0.5165
above_good,116,90,,-1,0.51
above_good,116,95,,-1,0.5096
above_good,116,100,,-1,0.5221
above_good,116,105,,-1,0.53
above_good,116,110,,-1,0.5205
above_good,116,115,,-1,0.5295
above_good,116,120,,-1,0.5337
above_good,116,125,,-1,0.5283
above_good,116,130,,-1,0.5429
above_good,116,135,,-1,0.5471
above_good,116,140,,-1,0.5476
above_good,116,145,,-1,0.5454
above_good,116,150,,-1,0.5425
above_good,116,155,,-1,0.5188
above_good,116,160,,-1,0.5203
above_good,116,165,,-1,0.5145
above_good,116,170,,-1,0.5104
above_good,116,175,,-1,0.5105
above_good,116,180,,-1,0.5102
above_good,116,185,,-1,0.502
above_good,116,190,,-1,0.4933
above_good,116,195,,-1,0.4873
above_good,116,200,,-1,0.4856
above_good,116,205,,-1,0.4908
above_good,116,210,,-1,0.4979
above_good,116,215,,-1,0.5161
above_good,116,220,,-1,0.5215
above_good,116,225,,-1,0.5199
above_good,116,230,,-1,0.5197
above_good,116,235,,-1,0.5213
above_good,116,240,,-1,0.5161
above_good,116,245,,-1,0.5214
above_good,116,250,,-1,0.5249
above_good,116,255,,-1,0.5263
above_good,116,260,,-1,0.522
above_good,116,265,,-1,0.5242
above_good,116,270,,-1,0.5265
above_good,116,275,,-1,0.5257
above_good,116,280,,-1,0.52
above_good,116,285,,-1,0.522
above_good,116,290,,-1,0.5193
above_good,116,295,,-1,0.506
above_good,116,300,,-1,0.5054
above_good,116,305,,-1,0.5143
above_good,116,310,,-1,0.5155
above_good,116,315,,-1,0.5104
above_good,116,320,,-1,0.5119
above_good,116,325,,-1,0.5135
above_good,116,330,,-1,0.5057
above_good,116,335,,-1,0.5012
above_good,116,340,,-1,0.508
above_good,116,345,,-1,0.5348
above_good,116,350,,-1,0.544
above_good,116,355,,-1,0.5464
above_good,116,360,,-1,0.5552
above_good,116,365,,-1,0.5517
above_good,116,370,,-1,0.5252
above_good,116,375,,-1,0.4862
above_good,116,380,,-1,0.4273
above_good,116,385,,-1,0.3761
above_good,116,390,,-1,0.3334
above_good,116,395,,-1,0.3044
above_good,116,400,,-1,0.2828
above_good,116,405,,-1,0.2946
above_good,116,410,,-1,0.3094
above_good,116,415,,-1,0.3069
above_good,116,420,,-1,0.2907
above_good,116,425,,-1,0.2857
above_good,116,430,,-1,0.2881
above_good,116,435,,-1,0.2732
above_good,116,440,,-1,0.2829
above_good,116,445,,-1,0.2913
above_good,116,450,,-1,0.2995
above_good,116,455,,-1,0.3112
above_good,116,460,,-1,0.3128
above_good,116,465,,-1,0.31
above_good,116,470,,-1,0.3068
above_good,116,475,,-1,0.3265
above_good,116,480,,-1,0.3155
above_good,116,485,,-1,0.3027
above_good,116,490,,-1,0.2937
above_good,116,495,,-1,0.2813
above_good,116,500,,-1,0.2503
above_good,116,505,,-1,0.236
above_good,116,510,,-1,0.2503
above_good,116,515,,-1,0.2434
above_good,116,520,,-1,0.2631
above_good,116,525,,-1,0.2716
above_good,116,530,,-1,0.2772
above_good,116,535,,-1,0.2498
above_good,116,540,,-1,0.2449
above_good,116,545,,-1,0.2315
above_good,116,550,,-1,0.2353
above_good,116,555,,-1,0.2452
above_good,116,560,,-1,0.2809
above_good,116,565,,-1,0.2913
above_good,116,570,,-1,0.3197
above_good,116,575,,-1,0.3521
above_good,116,580,,-1,0.3828
above_good,116,585,,-1,0.4031
above_good,116,590,,-1,0.4346
above_good,116,595,,-1,0.4409
above_good,116,600,,-1,0.4298
above_good,116,605,,-1,0.4313
above_good,116,610,,-1,0.4331
above_good,116,615,,-1,0.439
above_good,116,620,,-1,0.4372
above_good,116,625,,-1,0.4305
above_good,116,630,,-1,0.4194
above_good,116,635,,-1,0.4013
above_good,116,640,,-1,0.3779
above_good,116,645,,-1,0.3516
above_good,116,650,,-1,0.3409
above_good,116,655,,-1,0.3281
above_good,116,660,,-1,0.3093
above_good,116,665,,-1,0.2871
above_good,116,670,,-1,0.3077
above_good,116,675,,-1,0.325
above_good,116,680,,-1,0.3259
above_good,116,685,,-1,0.342
above_good,117,0,-545,1,0.4907
above_good,117,5,-540,1,0.4953
above_good,117,10,-535,1,0.4988
above_good,117,15,-530,1,0.5059
above_good,117,20,-525,1,0.5118
above_good,117,25,-520,1,0.5118
above_good,117,30,-515,1,0.5067
above_good,117,35,-510,1,0.5006
above_good,117,40,-505,1,0.4993
above_good,117,45,-500,1,0.4962
above_good,117,50,-495,1,0.5048
above_good,117,55,-490,1,0.5184
above_good,117,60,-485,1,0.524
above_good,117,65,-480,1,0.5361
above_good,117,70,-475,1,0.5443
above_good,117,75,-470,1,0.5434
above_good,117,80,-465,1,0.5383
above_good,117,85,-460,1,0.5347
above_good,117,90,-455,1,0.5162
above_good,117,95,-450,1,0.5036
above_good,117,100,-445,1,0.4987
above_good,117,105,-440,1,0.4941
above_good,117,110,-435,1,0.5013
above_good,117,115,-430,1,0.5053
above_good,117,120,-425,1,0.51
above_good,117,125,-420,1,0.5109
above_good,117,130,-415,1,0.5034
above_good,117,135,-410,1,0.493
above_good,117,140,-405,1,0.4884
above_good,117,145,-400,1,0.4849
above_good,117,150,-395,1,0.486
above_good,117,155,-390,1,0.496
above_good,117,160,-385,1,0.4987
above_good,117,165,-380,1,0.4976
above_good,117,170,-375,1,0.5022
above_good,117,175,-370,1,0.5046
above_good,117,180,-365,1,0.509
above_good,117,185,-360,1,0.5183
above_good,117,190,-355,1,0.5196
above_good,117,195,-350,1,0.5175
above_good,117,200,-345,1,0.5072
above_good,117,205,-340,1,0.4958
above_good,117,210,-335,1,0.4867
above_good,117,215,-330,1,0.4885
above_good,117,220,-325,1,0.482
above_good,117,225,-320,1,0.4982
above_good,117,230,-315,1,0.5105
above_good,117,235,-310,1,0.5073
above_good,117,240,-305,1,0.5105
above_good,117,245,-300,1,0.5128
above_good,117,250,-295,1,0.5054
above_good,117,255,-290,1,0.5073
above_good,117,260,-285,1,0.5132
above_good,117,265,-280,1,0.5026
above_good,117,270,-275,1,0.4965
above_good,117,275,-270,1,0.4967
above_good,117,280,-265,1,0.4901
above_good,117,285,-260,1,0.4889
above_good,117,290,-255,1,0.4925
above_good,117,295,-250,1,0.4895
above_good,117,300,-245,1,0.481
above_good,117,305,-240,1,0.4668
above_good,117,310,-235,1,0.4552
above_good,117,315,-230,1,0.463
above_good,117,320,-225,1,0.4811
above_good,117,325,-220,1,0.4934
above_good,117,330,-215,1,0.5048
above_good,117,335,-210,1,0.5018
above_good,117,340,-205,1,0.4604
above_good,117,345,-200,1,0.4259
above_good,117,350,-195,1,0.4002
above_good,117,355,-190,1,0.3605
above_good,117,360,-185,1,0.3371
above_good,117,365,-180,1,0.3453
above_good,117,370,-175,1,0.3409
above_good,117,375,-170,1,0.3242
above_good,117,380,-165,1,0.3221
above_good,117,385,-160,1,0.3336
above_good,117,390,-155,1,0.3175
above_good,117,395,-150,1,0.3079
above_good,117,400,-145,1,0.3089
above_good,117,405,-140,1,0.3065
above_good,117,410,-135,1,0.2843
above_good,117,415,-130,1,0.2904
above_good,117,420,-125,1,0.287
above_good,117,425,-120,1,0.2959
above_good,117,430,-115,1,0.3134
above_good,117,435,-110,1,0.3334
above_good,117,440,-105,1,0.3574
above_good,117,445,-100,1,0.3688
above_good,117,450,-95,1,0.3522
above_good,117,455,-90,1,0.3634
above_good,117,460,-85,1,0.3728
above_good,117,465,-80,1,0.3655
above_good,117,470,-75,1,0.3805
above_good,117,475,-70,1,0.4105
above_good,117,480,-65,1,0.3995
above_good,117,485,-60,1,0.3869
above_good,117,490,-55,1,0.3881
above_good,117,495,-50,1,0.3866
above_good,117,500,-45,1,0.3866
above_good,117,505,-40,1,0.3932
above_good,117,510,-35,1,0.422
above_good,117,515,-30,1,0.4454
above_good,117,520,-25,1,0.4637
above_good,117,525,-20,1,0.4851
above_good,117,530,-15,1,0.5108
above_good,117,535,-10,1,0.5258
above_good,117,540,-5,1,0.5317
above_good,117,545,0,1,0.5423
above_good,117,550,5,1,0.5459
above_good,118,0,,-1,0.5269
above_good,118,5,,-1,0.5221
above_good,118,10,,-1,0.5309
above_good,118,15,,-1,0.5329
above_good,118,20,,-1,0.5297
above_good,118,25,,-1,0.5455
above_good,118,30,,-1,0.5493
above_good,118,35,,-1,0.5511
above_good,118,40,,-1,0.5478
above_good,118,45,,-1,0.5483
above_good,118,50,,-1,0.5294
above_good,118,55,,-1,0.5284
above_good,118,60,,-1,0.5195
above_good,118,65,,-1,0.5263
above_good,118,70,,-1,0.5311
above_good,118,75,,-1,0.549
above_good,118,80,,-1,0.5551
above_good,118,85,,-1,0.5541
above_good,118,90,,-1,0.5524
above_good,118,95,,-1,0.5497
above_good,118,100,,-1,0.5386
above_good,118,105,,-1,0.5387
above_good,118,110,,-1,0.5465
above_good,118,115,,-1,0.5472
above_good,118,120,,-1,0.5543
above_good,118,125,,-1,0.5499
above_good,118,130,,-1,0.5568
above_good,118,135,,-1,0.5594
above_good,118,140,,-1,0.5655
above_good,118,145,,-1,0.5661
above_good,118,150,,-1,0.584
above_good,118,155,,-1,0.5797
above_good,118,160,,-1,0.5738
above_good,118,165,,-1,0.5687
above_good,118,170,,-1,0.5618
above_good,118,175,,-1,0.5639
above_good,118,180,,-1,0.5602
above_good,118,185,,-1,0.5651
above_good,118,190,,-1,0.5565
above_good,118,195,,-1,0.5592
above_good,118,200,,-1,0.5444
above_good,118,205,,-1,0.5468
above_good,118,210,,-1,0.5412
above_good,118,215,,-1,0.5507
above_good,118,220,,-1,0.5353
above_good,118,225,,-1,0.5268
above_good,118,230,,-1,0.5143
above_good,118,235,,-1,0.5075
above_good,118,240,,-1,0.4777
above_good,118,245,,-1,0.4726
above_good,118,250,,-1,0.4663
above_good,118,255,,-1,0.4494
above_good,118,260,,-1,0.4406
above_good,118,265,,-1,0.4392
above_good,118,270,,-1,0.4441
above_good,118,275,,-1,0.442
above_good,118,280,,-1,0.4045
above_good,118,285,,-1,0.3777
above_good,118,290,,-1,0.3576
above_good,118,295,,-1,0.3098
above_good,118,300,,-1,0.2673
above_good,118,305,,-1,0.2907
above_good,118,310,,-1,0.2734
above_good,118,315,,-1,0.2556
above_good,118,320,,-1,0.2631
above_good,118,325,,-1,0.2752
above_good,118,330,,-1,0.2545
above_good,118,335,,-1,0.2657
above_good,118,340,,-1,0.2908
above_good,118,345,,-1,0.2864
above_good,118,350,,-1,0.2806
above_good,118,355,,-1,0.2952
above_good,118,360,,-1,0.2954
above_good,118,365,,-1,0.2887
above_good,118,370,,-1,0.2882
above_good,118,375,,-1,0.2824
above_good,118,380,,-1,0.2679
above_good,118,385,,-1,0.2365
above_good,118,390,,-1,0.207
above_good,118,395,,-1,0.1996
above_good,118,400,,-1,0.2154
above_good,118,405,,-1,0.1943
above_good,118,410,,-1,0.2058
above_good,118,415,,-1,0.2196
above_good,118,420,,-1,0.234
above_good,118,425,,-1,0.2094
above_good,118,430,,-1,0.2223
above_good,118,435,,-1,0.2384
above_good,118,440,,-1,0.2275
above_good,118,445,,-1,0.2184
above_good,118,450,,-1,0.2472
above_good,118,455,,-1,0.2552
above_good,118,460,,-1,0.2426
above_good,118,465,,-1,0.2428
above_good,118,470,,-1,0.2623
above_good,118,475,,-1,0.2244
above_good,118,480,,-1,0.2093
above_good,118,485,,-1,0.2158
above_good,118,490,,-1,0.2294
above_good,118,495,,-1,0.2115
above_good,118,500,,-1,0.2075
above_good,118,505,,-1,0.2001
above_good,118,510,,-1,0.1857
above_good,118,515,,-1,0.1984
above_good,118,520,,-1,0.174
above_good,118,525,,-1,0.1931
above_good,118,530,,-1,0.2091
above_good,118,535,,-1,0.226
above_good,118,540,,-1,0.2155
above_good,118,545,,-1,0.286
above_good,118,550,,-1,0.3152
above_good,118,555,,-1,0.3401
above_good,118,560,,-1,0.3743
above_good,118,565,,-1,0.41
above_good,118,570,,-1,0.386
above_good,118,575,,-1,0.3945
above_good,118,580,,-1,0.4241
above_good,118,585,,-1,0.4217
above_good,118,590,,-1,0.4182
above_good,119,0,,-1,0.5341
above_good,119,5,,-1,0.5334
above_good,119,10,,-1,0.5309
above_good,119,15,,-1,0.5322
above_good,119,20,,-1,0.537
above_good,119,25,,-1,0.5389
above_good,119,30,,-1,0.5482
above_good,119,35,,-1,0.5595
above_good,119,40,,-1,0.5736
above_good,119,45,,-1,0.5671
above_good,119,50,,-1,0.5671
above_good,119,55,,-1,0.5544
above_good,119,60,,-1,0.5446
above_good,119,65,,-1,0.5246
above_good,119,70,,-1,0.5261
above_good,119,75,,-1,0.5055
above_good,119,80,,-1,0.4932
above_good,119,85,,-1,0.4688
above_good,119,90,,-1,0.4677
above_good,119,95,,-1,0.4722
above_good,119,100,,-1,0.4917
above_good,119,105,,-1,0.5044
above_good,119,110,,-1,0.5332
above_good,119,115,,-1,0.5424
above_good,119,120,,-1,0.5301
above_good,119,125,,-1,0.5338
above_good,119,130,,-1,0.5353
above_good,119,135,,-1,0.5209
above_good,119,140,,-1,0.5089
above_good,119,145,,-1,0.5036
above_good,119,150,,-1,0.4905
above_good,119,155,,-1,0.4891
above_good,119,160,,-1,0.5089
above_good,119,165,,-1,0.5126
above_good,119,170,,-1,0.5352
above_good,119,175,,-1,0.5451
above_good,119,180,,-1,0.5552
above_good,119,185,,-1,0.5433
above_good,119,190,,-1,0.5548
above_good,119,195,,-1,0.5461
above_good,119,200,,-1,0.5524
above_good,119,205,,-1,0.5438
above_good,119,210,,-1,0.5446
above_good,119,215,,-1,0.5279
above_good,119,220,,-1,0.517
above_good,119,225,,-1,0.5085
above_good,119,230,,-1,0.5125
above_good,119,235,,-1,0.507
above_good,119,240,,-1,0.5103
above_good,119,245,,-1,0.5057
above_good,119,250,,-1,0.507
above_good,119,255,,-1,0.4971
above_good,119,260,,-1,0.4996
above_good,119,265,,-1,0.4866
above_good,119,270,,-1,0.49
above_good,119,275,,-1,0.4827
above_good,119,280,,-1,0.4821
above_good,119,285,,-1,0.4872
above_good,119,290,,-1,0.496
above_good,119,295,,-1,0.5024
above_good,119,300,,-1,0.4984
above_good,119,305,,-1,0.5015
above_good,119,310,,-1,0.4945
above_good,119,315,,-1,0.4894
above_good,119,320,,-1,0.4725
above_good,119,325,,-1,0.4686
above_good,119,330,,-1,0.4474
above_good,119,335,,-1,0.4432
above_good,119,340,,-1,0.4529
above_good,119,345,,-1,0.4638
above_good,119,350,,-1,0.4672
above_good,119,355,,-1,0.4849
above_good,119,360,,-1,0.4797
above_good,119,365,,-1,0.4599
above_good,119,370,,-1,0.4503
above_good,119,375,,-1,0.4418
above_good,119,380,,-1,0.4279
above_good,119,385,,-1,0.4135
above_good,119,390,,-1,0.4214
above_good,119,395,,-1,0.4304
above_good,119,400,,-1,0.4355
above_good,119,405,,-1,0.4426
above_good,119,410,,-1,0.4559
above_good,119,415,,-1,0.4531
above_good,119,420,,-1,0.4466
above_good,119,425,,-1,0.4471
above_good,119,430,,-1,0.4653
above_good,119,435,,-1,0.4811
above_good,119,440,,-1,0.5029
above_good,119,445,,-1,0.5202
above_good,119,450,,-1,0.5391
above_good,119,455,,-1,0.5279
above_good,119,460,,-1,0.5309
above_good,119,465,,-1,0.5178
above_good,119,470,,-1,0.4969
above_good,119,475,,-1,0.4789
above_good,119,480,,-1,0.4749
above_good,119,485,,-1,0.4503
above_good,119,490,,-1,0.4427
above_good,119,495,,-1,0.4407
above_good,119,500,,-1,0.4414
above_good,119,505,,-1,0.4482
above_good,119,510,,-1,0.4624
above_good,119,515,,-1,0.4851
above_good,119,520,,-1,0.5084
above_good,119,525,,-1,0.5228
above_good,119,530,,-1,0.5212
above_good,119,535,,-1,0.5375
above_good,119,540,,-1,0.5391
above_good,119,545,,-1,0.5321
above_good,119,550,,-1,0.5269
above_good,119,555,,-1,0.5186
above_good,119,560,,-1,0.4959
above_good,119,565,,-1,0.4872
above_good,119,570,,-1,0.4846
above_good,119,575,,-1,0.4524
above_good,119,580,,-1,0.4101
above_good,119,585,,-1,0.3719
above_good,119,590,,-1,0.3128
above_good,119,595,,-1,0.2565
above_good,119,600,,-1,0.2277
above_good,119,605,,-1,0.2342
above_good,119,610,,-1,0.2325
above_good,119,615,,-1,0.2323
above_good,119,620,,-1,0.2547
above_good,119,625,,-1,0.2874
above_good,119,630,,-1,0.2852
above_good,119,635,,-1,0.2987
above_good,119,640,,-1,0.3081
above_good,119,645,,-1,0.3155
above_good,119,650,,-1,0.3241
above_good,119,655,,-1,0.325
above_good,119,660,,-1,0.3288
above_good,119,665,,-1,0.3545
above_good,119,670,,-1,0.3838
above_good,119,675,,-1,0.388
above_good,119,680,,-1,0.4045
above_good,119,685,,-1,0.3959
above_good,119,690,,-1,0.3711
above_good,119,695,,-1,0.3292
above_good,119,700,,-1,0.2999
above_good,119,705,,-1,0.2901
above_good,119,710,,-1,0.2837
above_good,119,715,,-1,0.2876
above_good,119,720,,-1,0.2824
above_good,120,0,,1,0.5281
above_good,120,5,,1,0.5275
above_good,120,10,,1,0.5275
above_good,120,15,,1,0.5221
above_good,120,20,,1,0.5185
above_good,120,25,,1,0.5193
above_good,120,30,,1,0.5248
above_good,120,35,,1,0.5364
above_good,120,40,,1,0.5421
above_good,120,45,,1,0.5435
above_good,120,50,,1,0.5452
above_good,120,55,,1,0.5388
above_good,120,60,,1,0.529
above_good,120,65,,1,0.5272
above_good,120,70,,1,0.5268
above_good,120,75,,1,0.5312
above_good,120,80,,1,0.5437
above_good,120,85,,1,0.548
above_good,120,90,,1,0.542
above_good,120,95,,1,0.5404
above_good,120,100,,1,0.5329
above_good,120,105,,1,0.5214
above_good,120,110,,1,0.5191
above_good,120,115,,1,0.5265
above_good,120,120,,1,0.5322
above_good,120,125,,1,0.5334
above_good,120,130,,1,0.5436
above_good,120,135,,1,0.5465
above_good,120,140,,1,0.5348
above_good,120,145,,1,0.5214
above_good,120,150,,1,0.5162
above_good,120,155,,1,0.4997
above_good,120,160,,1,0.4891
above_good,120,165,,1,0.499
above_good,120,170,,1,0.4966
above_good,120,175,,1,0.4855
above_good,120,180,,1,0.479
above_good,120,185,,1,0.4771
above_good,120,190,,1,0.4721
above_good,120,195,,1,0.4795
above_good,120,200,,1,0.4935
above_good,120,205,,1,0.5061
above_good,120,210,,1,0.5072
above_good,120,215,,1,0.5082
above_good,120,220,,1,0.5038
above_good,120,225,,1,0.4984
above_good,120,230,,1,0.4979
above_good,120,235,,1,0.4938
above_good,120,240,,1,0.4815
above_good,120,245,,1,0.4849
above_good,120,250,,1,0.4928
above_good,120,255,,1,0.499
above_good,120,260,,1,0.5054
above_good,120,265,,1,0.5136
above_good,120,270,,1,0.5101
above_good,120,275,,1,0.5014
above_good,120,280,,1,0.4998
above_good,120,285,,1,0.5003
above_good,120,290,,1,0.5064
above_good,120,295,,1,0.5192
above_good,120,300,,1,0.5228
above_good,120,305,,1,0.5238
above_good,120,310,,1,0.5297
above_good,120,315,,1,0.533
above_good,120,320,,1,0.522
above_good,120,325,,1,0.5262
above_good,120,330,,1,0.5207
above_good,120,335,,1,0.5277
above_good,120,340,,1,0.529
above_good,120,345,,1,0.5416
above_good,120,350,,1,0.5544
above_good,120,355,,1,0.549
above_good,120,360,,1,0.5277
above_good,120,365,,1,0.5214
above_good,120,370,,1,0.5159
above_good,120,375,,1,0.5034
above_good,120,380,,1,0.5134
above_good,120,385,,1,0.5204
above_good,120,390,,1,0.5218
above_good,120,395,,1,0.5213
above_good,120,400,,1,0.5236
above_good,120,405,,1,0.5174
above_good,120,410,,1,0.5219
above_good,120,415,,1,0.529
above_good,120,420,,1,0.5522
above_good,120,425,,1,0.5608
above_good,120,430,,1,0.5672
above_good,120,435,,1,0.5742
above_good,120,440,,1,0.5737
above_good,120,445,,1,0.555
above_good,120,450,,1,0.5452
above_good,120,455,,1,0.5415
above_good,120,460,,1,0.534
above_good,120,465,,1,0.5224
above_good,120,470,,1,0.5134
above_good,120,475,,1,0.4988
above_good,120,480,,1,0.4886
above_good,120,485,,1,0.4733
above_good,120,490,,1,0.468
above_good,120,495,,1,0.4777
above_good,120,500,,1,0.4915
above_good,120,505,,1,0.4949
above_good,120,510,,1,0.5084
above_good,121,0,,-1,0.4929
above_good,121,5,,-1,0.5042
above_good,121,10,,-1,0.5093
above_good,121,15,,-1,0.5142
above_good,121,20,,-1,0.5193
above_good,121,25,,-1,0.5324
above_good,121,30,,-1,0.5377
above_good,121,35,,-1,0.5464
above_good,121,40,,-1,0.5396
above_good,121,45,,-1,0.5433
above_good,121,50,,-1,0.5323
above_good,121,55,,-1,0.527
above_good,121,60,,-1,0.511
above_good,121,65,,-1,0.5163
above_good,121,70,,-1,0.5187
above_good,121,75,,-1,0.5185
above_good,121,80,,-1,0.5136
above_good,121,85,,-1,0.5225
above_good,121,90,,-1,0.5209
above_good,121,95,,-1,0.524
above_good,121,100,,-1,0.5333
above_good,121,105,,-1,0.5358
above_good,121,110,,-1,0.5351
above_good,121,115,,-1,0.5392
above_good,121,120,,-1,0.5409
above_good,121,125,,-1,0.5336
above_good,121,130,,-1,0.5358
above_good,121,135,,-1,0.5327
above_good,121,140,,-1,0.5269
above_good,121,145,,-1,0.5105
above_good,121,150,,-1,0.5049
above_good,121,155,,-1,0.5084
above_good,121,160,,-1,0.5149
above_good,121,165,,-1,0.5227
above_good,121,170,,-1,0.5293
above_good,121,175,,-1,0.5416
above_good,121,180,,-1,0.5352
above_good,121,185,,-1,0.539
above_good,121,190,,-1,0.5352
above_good,121,195,,-1,0.5358
above_good,121,200,,-1,0.5388
above_good,121,205,,-1,0.539
above_good,121,210,,-1,0.531
above_good,121,215,,-1,0.5268
above_good,121,220,,-1,0.5186
above_good,121,225,,-1,0.5126
above_good,121,230,,-1,0.513
above_good,121,235,,-1,0.5057
above_good,121,240,,-1,0.5038
above_good,121,245,,-1,0.5103
above_good,121,250,,-1,0.4988
above_good,121,255,,-1,0.4865
above_good,121,260,,-1,0.4867
above_good,121,265,,-1,0.4797
above_good,121,270,,-1,0.4726
above_good,121,275,,-1,0.4806
above_good,121,280,,-1,0.4929
above_good,121,285,,-1,0.4924
above_good,121,290,,-1,0.4951
above_good,121,295,,-1,0.4782
above_good,121,300,,-1,0.4541
above_good,121,305,,-1,0.4276
above_good,121,310,,-1,0.4206
above_good,121,315,,-1,0.4169
above_good,121,320,,-1,0.4321
above_good,121,325,,-1,0.4071
above_good,121,330,,-1,0.3795
above_good,121,335,,-1,0.3412
above_good,121,340,,-1,0.3093
above_good,121,345,,-1,0.2715
above_good,121,350,,-1,0.2786
above_good,121,355,,-1,0.291
above_good,121,360,,-1,0.299
above_good,121,365,,-1,0.2843
above_good,121,370,,-1,0.293
above_good,121,375,,-1,0.3004
above_good,121,380,,-1,0.304
above_good,121,385,,-1,0.2991
above_good,121,390,,-1,0.3224
above_good,121,395,,-1,0.3144
above_good,121,400,,-1,0.3245
above_good,121,405,,-1,0.3323
above_good,121,410,,-1,0.3491
above_good,121,415,,-1,0.3497
above_good,121,420,,-1,0.3602
above_good,121,425,,-1,0.3492
above_good,121,430,,-1,0.3415
above_good,121,435,,-1,0.3393
above_good,121,440,,-1,0.3492
above_good,121,445,,-1,0.3444
above_good,121,450,,-1,0.3384
above_good,121,455,,-1,0.3198
above_good,121,460,,-1,0.2837
above_good,121,465,,-1,0.24
above_good,121,470,,-1,0.2207
above_good,121,475,,-1,0.1902
above_good,121,480,,-1,0.1912
above_good,121,485,,-1,0.1882
above_good,121,490,,-1,0.1988
above_good,121,495,,-1,0.2118
above_good,121,500,,-1,0.2173
above_good,121,505,,-1,0.2078
above_good,121,510,,-1,0.2259
above_good,121,515,,-1,0.2422
above_good,121,520,,-1,0.2479
above_good,121,525,,-1,0.2691
above_good,121,530,,-1,0.2897
above_good,121,535,,-1,0.302
above_good,121,540,,-1,0.2923
above_good,121,545,,-1,0.2865
above_good,121,550,,-1,0.2739
above_good,121,555,,-1,0.2895
above_good,121,560,,-1,0.2779
above_good,121,565,,-1,0.2639
above_good,121,570,,-1,0.2464
above_good,121,575,,-1,0.2281
above_good,121,580,,-1,0.1887
above_good,121,585,,-1,0.1816
above_good,121,590,,-1,0.1762
above_good,121,595,,-1,0.1858
above_good,121,600,,-1,0.1914
above_good,121,605,,-1,0.1972
above_good,121,610,,-1,0.2098
above_good,121,615,,-1,0.2055
above_good,121,620,,-1,0.189
above_good,121,625,,-1,0.2044
above_good,121,630,,-1,0.2238
above_good,121,635,,-1,0.2282
above_good,121,640,,-1,0.2537
above_good,121,645,,-1,0.2672
above_good,121,650,,-1,0.2715
above_good,121,655,,-1,0.2635
above_good,121,660,,-1,0.2577
above_good,121,665,,-1,0.2592
above_good,121,670,,-1,0.2819
above_good,121,675,,-1,0.2709
above_good,121,680,,-1,0.2442
above_good,121,685,,-1,0.2202
above_good,121,690,,-1,0.1998
above_good,121,695,,-1,0.1566
above_good,121,700,,-1,0.1702
above_good,121,705,,-1,0.1706
above_good,121,710,,-1,0.1777
above_good,121,715,,-1,0.2
above_good,121,720,,-1,0.2029
above_good,121,725,,-1,0.178
above_good,121,730,,-1,0.1929
above_good,121,735,,-1,0.2163
above_good,121,740,,-1,0.2174
above_good,121,745,,-1,0.2449
above_good,121,750,,-1,0.2686
above_good,121,755,,-1,0.2704
above_good,121,760,,-1,0.2594
above_good,121,765,,-1,0.2518
above_good,121,770,,-1,0.2327
above_good,121,775,,-1,0.2396
above_good,121,780,,-1,0.2336
above_good,121,785,,-1,0.2158
above_good,121,790,,-1,0.194
above_good,121,795,,-1,0.2056
above_good,121,800,,-1,0.1695
above_good,121,805,,-1,0.182
above_good,121,810,,-1,0.1869
above_good,121,815,,-1,0.2045
above_good,121,820,,-1,0.2083
above_good,121,825,,-1,0.2226
above_good,121,830,,-1,0.2048
above_good,121,835,,-1,0.2006
above_good,121,840,,-1,0.1949
above_good,121,845,,-1,0.2024
above_good,121,850,,-1,0.229
above_good,121,855,,-1,0.239
above_good,121,860,,-1,0.2491
above_good,121,865,,-1,0.2658
above_good,121,870,,-1,0.2482
above_good,121,875,,-1,0.2341
above_good,121,880,,-1,0.2599
above_good,121,885,,-1,0.2727
above_good,121,890,,-1,0.2506
above_good,121,895,,-1,0.267
above_good,121,900,,-1,0.2892
above_good,121,905,,-1,0.2851
above_good,121,910,,-1,0.2698
above_good,121,915,,-1,0.2605
above_good,121,920,,-1,0.233
above_good,121,925,,-1,0.1893
above_good,121,930,,-1,0.1628
above_good,121,935,,-1,0.1681
above_good,121,940,,-1,0.1746
above_good,121,945,,-1,0.1715
above_good,121,950,,-1,0.1767
above_good,121,955,,-1,0.1876
above_good,121,960,,-1,0.1823
above_good,121,965,,-1,0.1816
above_good,121,970,,-1,0.1998
above_good,121,975,,-1,0.2107
above_good,121,980,,-1,0.2027
above_good,121,985,,-1,0.2159
above_good,121,990,,-1,0.2381
above_good,121,995,,-1,0.2481
above_good,121,1000,,-1,0.2435
above_good,121,1005,,-1,0.2831
above_good,121,1010,,-1,0.3131
above_good,121,1015,,-1,0.3288
above_good,121,1020,,-1,0.3616
above_good,121,1025,,-1,0.4114
above_good,121,1030,,-1,0.3902
above_good,121,1035,,-1,0.3853
above_good,121,1040,,-1,0.3701
above_good,121,1045,,-1,0.343
above_good,121,1050,,-1,0.3333
above_good,121,1055,,-1,0.3476
above_good,121,1060,,-1,0.3429
above_good,121,1065,,-1,0.3594
above_good,121,1070,,-1,0.3786
above_good,122,0,-367,1,0.5267
above_good,122,5,-362,1,0.5214
above_good,122,10,-357,1,0.5327
above_good,122,15,-352,1,0.5374
above_good,122,20,-347,1,0.5398
above_good,122,25,-342,1,0.5465
above_good,122,30,-337,1,0.5552
above_good,122,35,-332,1,0.5486
above_good,122,40,-327,1,0.5423
above_good,122,45,-322,1,0.5339
above_good,122,50,-317,1,0.5242
above_good,122,55,-312,1,0.5156
above_good,122,60,-307,1,0.5154
above_good,122,65,-302,1,0.5243
above_good,122,70,-297,1,0.5319
above_good,122,75,-292,1,0.5398
above_good,122,80,-287,1,0.5564
above_good,122,85,-282,1,0.5683
above_good,122,90,-277,1,0.5676
above_good,122,95,-272,1,0.5709
above_good,122,100,-267,1,0.5667
above_good,122,105,-262,1,0.5569
above_good,122,110,-257,1,0.5439
above_good,122,115,-252,1,0.5358
above_good,122,120,-247,1,0.5284
above_good,122,125,-242,1,0.5303
above_good,122,130,-237,1,0.529
above_good,122,135,-232,1,0.5226
above_good,122,140,-227,1,0.5224
above_good,122,145,-222,1,0.5244
above_good,122,150,-217,1,0.5159
above_good,122,155,-212,1,0.5115
above_good,122,160,-207,1,0.524
above_good,122,165,-202,1,0.5256
above_good,122,170,-197,1,0.5275
above_good,122,175,-192,1,0.5376
above_good,122,180,-187,1,0.5469
above_good,122,185,-182,1,0.5395
above_good,122,190,-177,1,0.55
above_good,122,195,-172,1,0.5572
above_good,122,200,-167,1,0.5673
above_good,122,205,-162,1,0.5698
above_good,122,210,-157,1,0.5709
above_good,122,215,-152,1,0.5646
above_good,122,220,-147,1,0.5631
above_good,122,225,-142,1,0.5577
above_good,122,230,-137,1,0.5534
above_good,122,235,-132,1,0.5575
above_good,122,240,-127,1,0.5524
above_good,122,245,-122,1,0.5418
above_good,122,250,-117,1,0.533
above_good,122,255,-112,1,0.5348
above_good,122,260,-107,1,0.5339
above_good,122,265,-102,1,0.5348
above_good,122,270,-97,1,0.5436
above_good,122,275,-92,1,0.5416
above_good,122,280,-87,1,0.5382
above_good,122,285,-82,1,0.5466
above_good,122,290,-77,1,0.5571
above_good,122,295,-72,1,0.5599
above_good,122,300,-67,1,0.5789
above_good,122,305,-62,1,0.5837
above_good,122,310,-57,1,0.5768
above_good,122,315,-52,1,0.5629
above_good,122,320,-47,1,0.5595
above_good,122,325,-42,1,0.5428
above_good,122,330,-37,1,0.5307
above_good,122,335,-32,1,0.5358
above_good,122,340,-27,1,0.55
above_good,122,345,-22,1,0.5566
above_good,122,350,-17,1,0.5584
above_good,122,355,-12,1,0.5771
above_good,122,360,-7,1,0.5737
above_good,122,365,-2,1,0.5723
above_good,122,370,3,1,0.5692
above_good,122,375,8,1,0.5826
above_good,123,0,-285,1,0.5255
above_good,123,5,-280,1,0.5258
above_good,123,10,-275,1,0.5212
above_good,123,15,-270,1,0.5307
above_good,123,20,-265,1,0.5314
above_good,123,25,-260,1,0.5322
above_good,123,30,-255,1,0.5341
above_good,123,35,-250,1,0.5394
above_good,123,40,-245,1,0.5361
above_good,123,45,-240,1,0.5365
above_good,123,50,-235,1,0.5421
above_good,123,55,-230,1,0.5431
above_good,123,60,-225,1,0.5502
above_good,123,65,-220,1,0.5534
above_good,123,70,-215,1,0.5551
above_good,123,75,-210,1,0.5539
above_good,123,80,-205,1,0.549
above_good,123,85,-200,1,0.5422
above_good,123,90,-195,1,0.5301
above_good,123,95,-190,1,0.5224
above_good,123,100,-185,1,0.5233
above_good,123,105,-180,1,0.5296
above_good,123,110,-175,1,0.5325
above_good,123,115,-170,1,0.5388
above_good,123,120,-165,1,0.5438
above_good,123,125,-160,1,0.5395
above_good,123,130,-155,1,0.5367
above_good,123,135,-150,1,0.5376
above_good,123,140,-145,1,0.5361
above_good,123,145,-140,1,0.5376
above_good,123,150,-135,1,0.5393
above_good,123,155,-130,1,0.5355
above_good,123,160,-125,1,0.5261
above_good,123,165,-120,1,0.518
above_good,123,170,-115,1,0.5146
above_good,123,175,-110,1,0.5122
above_good,123,180,-105,1,0.5046
above_good,123,185,-100,1,0.4997
above_good,123,190,-95,1,0.502
above_good,123,195,-90,1,0.5022
above_good,123,200,-85,1,0.4982
above_good,123,205,-80,1,0.504
above_good,123,210,-75,1,0.5192
above_good,123,215,-70,1,0.5236
above_good,123,220,-65,1,0.5229
above_good,123,225,-60,1,0.5278
above_good,123,230,-55,1,0.5299
above_good,123,235,-50,1,0.5328
above_good,123,240,-45,1,0.5355
above_good,123,245,-40,1,0.5411
above_good,123,250,-35,1,0.5442
above_good,123,255,-30,1,0.5533
above_good,123,260,-25,1,0.5582
above_good,123,265,-20,1,0.572
above_good,123,270,-15,1,0.5741
above_good,123,275,-10,1,0.5902
above_good,123,280,-5,1,0.5975
above_good,123,285,0,1,0.5987
above_good,124,0,-358,1,0.5345
above_good,124,5,-353,1,0.5326
above_good,124,10,-348,1,0.5274
above_good,124,15,-343,1,0.529
above_good,124,20,-338,1,0.5359
above_good,124,25,-333,1,0.5482
above_good,124,30,-328,1,0.5661
above_good,124,35,-323,1,0.5758
above_good,124,40,-318,1,0.5759
above_good,124,45,-313,1,0.5556
above_good,124,50,-308,1,0.5465
above_good,124,55,-303,1,0.5364
above_good,124,60,-298,1,0.5367
above_good,124,65,-293,1,0.5323
above_good,124,70,-288,1,0.5453
above_good,124,75,-283,1,0.5444
above_good,124,80,-278,1,0.5389
above_good,124,85,-273,1,0.5302
above_good,124,90,-268,1,0.537
above_good,124,95,-263,1,0.542
above_good,124,100,-258,1,0.5453
above_good,124,105,-253,1,0.5521
above_good,124,110,-248,1,0.5417
above_good,124,115,-243,1,0.5549
above_good,124,120,-238,1,0.5594
above_good,124,125,-233,1,0.552
above_good,124,130,-228,1,0.5392
above_good,124,135,-223,1,0.5515
above_good,124,140,-218,1,0.5343
above_good,124,145,-213,1,0.5226
above_good,124,150,-208,1,0.5259
above_good,124,155,-203,1,0.5271
above_good,124,160,-198,1,0.5222
above_good,124,165,-193,1,0.5117
above_good,124,170,-188,1,0.5024
above_good,124,175,-183,1,0.4971
above_good,124,180,-178,1,0.5024
above_good,124,185,-173,1,0.518
above_good,124,190,-168,1,0.5318
above_good,124,195,-163,1,0.546
above_good,124,200,-158,1,0.5647
above_good,124,205,-153,1,0.5716
above_good,124,210,-148,1,0.5682
above_good,124,215,-143,1,0.563
above_good,124,220,-138,1,0.5614
above_good,124,225,-133,1,0.56
above_good,124,230,-128,1,0.5567
above_good,124,235,-123,1,0.5589
above_good,124,240,-118,1,0.5614
above_good,124,245,-113,1,0.5531
above_good,124,250,-108,1,0.5394
above_good,124,255,-103,1,0.5308
above_good,124,260,-98,1,0.5114
above_good,124,265,-93,1,0.5064
above_good,124,270,-88,1,0.5122
above_good,124,275,-83,1,0.5137
above_good,124,280,-78,1,0.5066
above_good,124,285,-73,1,0.524
above_good,124,290,-68,1,0.5296
above_good,124,295,-63,1,0.546
above_good,124,300,-58,1,0.5535
above_good,124,305,-53,1,0.5642
above_good,124,310,-48,1,0.5704
above_good,124,315,-43,1,0.5764
above_good,124,320,-38,1,0.5699
above_good,124,325,-33,1,0.5726
above_good,124,330,-28,1,0.5869
above_good,124,335,-23,1,0.593
above_good,124,340,-18,1,0.6
above_good,124,345,-13,1,0.6079
above_good,124,350,-8,1,0.6188
above_good,124,355,-3,1,0.6224
above_good,126,0,-350,1,0.5289
above_good,126,5,-345,1,0.5279
above_good,126,10,-340,1,0.528
above_good,126,15,-335,1,0.5278
above_good,126,20,-330,1,0.5184
above_good,126,25,-325,1,0.5225
above_good,126,30,-320,1,0.5258
above_good,126,35,-315,1,0.5165
above_good,126,40,-310,1,0.5203
above_good,126,45,-305,1,0.5241
above_good,126,50,-300,1,0.5265
above_good,126,55,-295,1,0.5347
above_good,126,60,-290,1,0.5534
above_good,126,65,-285,1,0.5536
above_good,126,70,-280,1,0.5539
above_good,126,75,-275,1,0.5567
above_good,126,80,-270,1,0.5509
above_good,126,85,-265,1,0.5449
above_good,126,90,-260,1,0.5513
above_good,126,95,-255,1,0.5499
above_good,126,100,-250,1,0.547
above_good,126,105,-245,1,0.5475
above_good,126,110,-240,1,0.5598
above_good,126,115,-235,1,0.5597
above_good,126,120,-230,1,0.5575
above_good,126,125,-225,1,0.5652
above_good,126,130,-220,1,0.5719
above_good,126,135,-215,1,0.5644
above_good,126,140,-210,1,0.5664
above_good,126,145,-205,1,0.5785
above_good,126,150,-200,1,0.5716
above_good,126,155,-195,1,0.5701
above_good,126,160,-190,1,0.5645
above_good,126,165,-185,1,0.5588
above_good,126,170,-180,1,0.5456
above_good,126,175,-175,1,0.5438
above_good,126,180,-170,1,0.5236
above_good,126,185,-165,1,0.5204
above_good,126,190,-160,1,0.5214
above_good,126,195,-155,1,0.5389
above_good,126,200,-150,1,0.53
above_good,126,205,-145,1,0.5377
above_good,126,210,-140,1,0.5302
above_good,126,215,-135,1,0.5204
above_good,126,220,-130,1,0.5076
above_good,126,225,-125,1,0.513
above_good,126,230,-120,1,0.5194
above_good,126,235,-115,1,0.5258
above_good,126,240,-110,1,0.5326
above_good,126,245,-105,1,0.54
above_good,126,250,-100,1,0.5643
above_good,126,255,-95,1,0.5748
above_good,126,260,-90,1,0.5752
above_good,126,265,-85,1,0.5796
above_good,126,270,-80,1,0.5703
above_good,126,275,-75,1,0.5515
above_good,126,280,-70,1,0.5457
above_good,126,285,-65,1,0.55
above_good,126,290,-60,1,0.5385
above_good,126,295,-55,1,0.5442
above_good,126,300,-50,1,0.5534
above_good,126,305,-45,1,0.5588
above_good,126,310,-40,1,0.5618
above_good,126,315,-35,1,0.5683
above_good,126,320,-30,1,0.5635
above_good,126,325,-25,1,0.5633
above_good,126,330,-20,1,0.5659
above_good,126,335,-15,1,0.5771
above_good,126,340,-10,1,0.597
above_good,126,345,-5,1,0.609
above_good,126,350,0,1,0.6151
above_good,126,355,5,1,0.6152
above_good,128,0,-340,1,0.5241
above_good,128,5,-335,1,0.519
above_good,128,10,-330,1,0.522
above_good,128,15,-325,1,0.5235
above_good,128,20,-320,1,0.5241
above_good,128,25,-315,1,0.5362
above_good,128,30,-310,1,0.5416
above_good,128,35,-305,1,0.5361
above_good,128,40,-300,1,0.5357
above_good,128,45,-295,1,0.5339
above_good,128,50,-290,1,0.5223
above_good,128,55,-285,1,0.5127
above_good,128,60,-280,1,0.5151
above_good,128,65,-275,1,0.5122
above_good,128,70,-270,1,0.5155
above_good,128,75,-265,1,0.5178
above_good,128,80,-260,1,0.5255
above_good,128,85,-255,1,0.529
above_good,128,90,-250,1,0.5286
above_good,128,95,-245,1,0.5284
above_good,128,100,-240,1,0.5272
above_good,128,105,-235,1,0.5234
above_good,128,110,-230,1,0.5185
above_good,128,115,-225,1,0.5214
above_good,128,120,-220,1,0.5179
above_good,128,125,-215,1,0.5179
above_good,128,130,-210,1,0.5209
above_good,128,135,-205,1,0.5144
above_good,128,140,-200,1,0.5118
above_good,128,145,-195,1,0.5089
above_good,128,150,-190,1,0.4971
above_good,128,155,-185,1,0.4872
above_good,128,160,-180,1,0.4899
above_good,128,165,-175,1,0.4904
above_good,128,170,-170,1,0.4907
above_good,128,175,-165,1,0.5063
above_good,128,180,-160,1,0.5178
above_good,128,185,-155,1,0.5269
above_good,128,190,-150,1,0.5285
above_good,128,195,-145,1,0.5253
above_good,128,200,-140,1,0.5226
above_good,128,205,-135,1,0.5209
above_good,128,210,-130,1,0.521
above_good,128,215,-125,1,0.5127
above_good,128,220,-120,1,0.5136
above_good,128,225,-115,1,0.5129
above_good,128,230,-110,1,0.5
above_good,128,235,-105,1,0.4946
above_good,128,240,-100,1,0.4919
above_good,128,245,-95,1,0.4849
above_good,128,250,-90,1,0.4793
above_good,128,255,-85,1,0.4882
above_good,128,260,-80,1,0.487
above_good,128,265,-75,1,0.5005
above_good,128,270,-70,1,0.5091
above_good,128,275,-65,1,0.5042
above_good,128,280,-60,1,0.5039
above_good,128,285,-55,1,0.5064
above_good,128,290,-50,1,0.504
above_good,128,295,-45,1,0.5109
above_good,128,300,-40,1,0.5297
above_good,128,305,-35,1,0.5429
above_good,128,310,-30,1,0.549
above_good,128,315,-25,1,0.5631
above_good,128,320,-20,1,0.5711
above_good,128,325,-15,1,0.5676
above_good,128,330,-10,1,0.5695
above_good,128,335,-5,1,0.5735
above_good,128,340,0,1,0.5682
above_good,128,345,5,1,0.5627
above_good,129,0,-290,1,0.534
above_good,129,5,-285,1,0.5323
above_good,129,10,-280,1,0.5313
above_good,129,15,-275,1,0.5289
above_good,129,20,-270,1,0.5289
above_good,129,25,-265,1,0.5279
above_good,129,30,-260,1,0.5193
above_good,129,35,-255,1,0.5148
above_good,129,40,-250,1,0.5202
above_good,129,45,-245,1,0.5154
above_good,129,50,-240,1,0.5139
above_good,129,55,-235,1,0.5232
above_good,129,60,-230,1,0.5272
above_good,129,65,-225,1,0.5274
above_good,129,70,-220,1,0.5366
above_good,129,75,-215,1,0.5446
above_good,129,80,-210,1,0.5383
above_good,129,85,-205,1,0.5311
above_good,129,90,-200,1,0.5246
above_good,129,95,-195,1,0.5204
above_good,129,100,-190,1,0.5259
above_good,129,105,-185,1,0.5256
above_good,129,110,-180,1,0.5138
above_good,129,115,-175,1,0.4945
above_good,129,120,-170,1,0.4868
above_good,129,125,-165,1,0.4791
above_good,129,130,-160,1,0.4861
above_good,129,135,-155,1,0.4994
above_good,129,140,-150,1,0.5119
above_good,129,145,-145,1,0.496
above_good,129,150,-140,1,0.4746
above_good,129,155,-135,1,0.456
above_good,129,160,-130,1,0.4357
above_good,129,165,-125,1,0.4235
above_good,129,170,-120,1,0.4104
above_good,129,175,-115,1,0.4067
above_good,129,180,-110,1,0.4164
above_good,129,185,-105,1,0.4475
above_good,129,190,-100,1,0.4715
above_good,129,195,-95,1,0.501
above_good,129,200,-90,1,0.5318
above_good,129,205,-85,1,0.5377
above_good,129,210,-80,1,0.5296
above_good,129,215,-75,1,0.519
above_good,129,220,-70,1,0.5142
above_good,129,225,-65,1,0.5076
above_good,129,230,-60,1,0.5088
above_good,129,235,-55,1,0.5116
above_good,129,240,-50,1,0.5229
above_good,129,245,-45,1,0.5297
above_good,129,250,-40,1,0.5333
above_good,129,255,-35,1,0.5296
above_good,129,260,-30,1,0.5369
above_good,129,265,-25,1,0.5498
above_good,129,270,-20,1,0.5658
above_good,129,275,-15,1,0.5733
above_good,129,280,-10,1,0.5915
above_good,129,285,-5,1,0.5752
above_good,129,290,0,1,0.5572
above_good,129,295,5,1,0.5424
above_good,129,300,10,1,0.5249
above_good,129,305,15,1,0.5205
above_good,129,310,20,1,0.5369
above_good,129,315,25,1,0.5382
above_good,129,320,30,1,0.5408
above_good,129,325,35,1,0.5516
above_good,129,330,40,1,0.5431
above_good,130,0,-382,1,0.5258
above_good,130,5,-377,1,0.5252
above_good,130,10,-372,1,0.5256
above_good,130,15,-367,1,0.5344
above_good,130,20,-362,1,0.5378
above_good,130,25,-357,1,0.5457
above_good,130,30,-352,1,0.5493
above_good,130,35,-347,1,0.5582
above_good,130,40,-342,1,0.5525
above_good,130,45,-337,1,0.5414
above_good,130,50,-332,1,0.537
above_good,130,55,-327,1,0.5331
above_good,130,60,-322,1,0.5263
above_good,130,65,-317,1,0.5233
above_good,130,70,-312,1,0.5274
above_good,130,75,-307,1,0.5237
above_good,130,80,-302,1,0.5316
above_good,130,85,-297,1,0.5313
above_good,130,90,-292,1,0.5308
above_good,130,95,-287,1,0.5336
above_good,130,100,-282,1,0.538
above_good,130,105,-277,1,0.5358
above_good,130,110,-272,1,0.5437
above_good,130,115,-267,1,0.5496
above_good,130,120,-262,1,0.5499
above_good,130,125,-257,1,0.5441
above_good,130,130,-252,1,0.5362
above_good,130,135,-247,1,0.5188
above_good,130,140,-242,1,0.5124
above_good,130,145,-237,1,0.5156
above_good,130,150,-232,1,0.5183
above_good,130,155,-227,1,0.5255
above_good,130,160,-222,1,0.5411
above_good,130,165,-217,1,0.5443
above_good,130,170,-212,1,0.5486
above_good,130,175,-207,1,0.5438
above_good,130,180,-202,1,0.5396
above_good,130,185,-197,1,0.5316
above_good,130,190,-192,1,0.5282
above_good,130,195,-187,1,0.5235
above_good,130,200,-182,1,0.535
above_good,130,205,-177,1,0.5464
above_good,130,210,-172,1,0.5542
above_good,130,215,-167,1,0.5573
above_good,130,220,-162,1,0.5504
above_good,130,225,-157,1,0.5428
above_good,130,230,-152,1,0.5388
above_good,130,235,-147,1,0.5364
above_good,130,240,-142,1,0.5232
above_good,130,245,-137,1,0.5242
above_good,130,250,-132,1,0.5217
above_good,130,255,-127,1,0.5149
above_good,130,260,-122,1,0.5112
above_good,130,265,-117,1,0.5256
above_good,130,270,-112,1,0.5294
above_good,130,275,-107,1,0.5361
above_good,130,280,-102,1,0.5357
above_good,130,285,-97,1,0.5428
above_good,130,290,-92,1,0.5414
above_good,130,295,-87,1,0.5423
above_good,130,300,-82,1,0.5497
above_good,130,305,-77,1,0.5637
above_good,130,310,-72,1,0.563
above_good,130,315,-67,1,0.5709
above_good,130,320,-62,1,0.5713
above_good,130,325,-57,1,0.5768
above_good,130,330,-52,1,0.5782
above_good,130,335,-47,1,0.575
above_good,130,340,-42,1,0.5729
above_good,130,345,-37,1,0.5746
above_good,130,350,-32,1,0.5616
above_good,130,355,-27,1,0.5299
above_good,130,360,-22,1,0.5176
above_good,130,365,-17,1,0.5236
above_good,130,370,-12,1,0.5355
above_good,130,375,-7,1,0.5448
above_good,130,380,-2,1,0.5693
above_good,130,385,3,1,0.596
above_good,131,0,-350,-1,0.5113
above_good,131,5,-345,-1,0.5074
above_good,131,10,-340,-1,0.5153
above_good,131,15,-335,-1,0.5273
above_good,131,20,-330,-1,0.5379
above_good,131,25,-325,-1,0.5517
above_good,131,30,-320,-1,0.5586
above_good,131,35,-315,-1,0.552
above_good,131,40,-310,-1,0.5339
above_good,131,45,-305,-1,0.5202
above_good,131,50,-300,-1,0.5063
above_good,131,55,-295,-1,0.5028
above_good,131,60,-290,-1,0.501
above_good,131,65,-285,-1,0.5058
above_good,131,70,-280,-1,0.5177
above_good,131,75,-275,-1,0.5228
above_good,131,80,-270,-1,0.5281
above_good,131,85,-265,-1,0.5353
above_good,131,90,-260,-1,0.5382
above_good,131,95,-255,-1,0.5367
above_good,131,100,-250,-1,0.5349
above_good,131,105,-245,-1,0.543
above_good,131,110,-240,-1,0.5509
above_good,131,115,-235,-1,0.5559
above_good,131,120,-230,-1,0.5523
above_good,131,125,-225,-1,0.5512
above_good,131,130,-220,-1,0.5383
above_good,131,135,-215,-1,0.5278
above_good,131,140,-210,-1,0.5196
above_good,131,145,-205,-1,0.5115
above_good,131,150,-200,-1,0.5151
above_good,131,155,-195,-1,0.5116
above_good,131,160,-190,-1,0.509
above_good,131,165,-185,-1,0.5096
above_good,131,170,-180,-1,0.5198
above_good,131,175,-175,-1,0.5158
above_good,131,180,-170,-1,0.5243
above_good,131,185,-165,-1,0.537
above_good,131,190,-160,-1,0.537
above_good,131,195,-155,-1,0.5372
above_good,131,200,-150,-1,0.5429
above_good,131,205,-145,-1,0.5343
above_good,131,210,-140,-1,0.5235
above_good,131,215,-135,-1,0.5254
above_good,131,220,-130,-1,0.5279
above_good,131,225,-125,-1,0.5275
above_good,131,230,-120,-1,0.525
above_good,131,235,-115,-1,0.5238
above_good,131,240,-110,-1,0.5121
above_good,131,245,-105,-1,0.5045
above_good,131,250,-100,-1,0.4964
above_good,131,255,-95,-1,0.5091
above_good,131,260,-90,-1,0.5107
above_good,131,265,-85,-1,0.5266
above_good,131,270,-80,-1,0.5473
above_good,131,275,-75,-1,0.5679
above_good,131,280,-70,-1,0.5743
above_good,131,285,-65,-1,0.5791
above_good,131,290,-60,-1,0.5866
above_good,131,295,-55,-1,0.5718
above_good,131,300,-50,-1,0.5578
above_good,131,305,-45,-1,0.5554
above_good,131,310,-40,-1,0.5638
above_good,131,315,-35,-1,0.5698
above_good,131,320,-30,-1,0.5814
above_good,131,325,-25,-1,0.5662
above_good,131,330,-20,-1,0.5666
above_good,131,335,-15,-1,0.5572
above_good,131,340,-10,-1,0.5467
above_good,131,345,-5,-1,0.527
above_good,131,350,0,-1,0.5327
above_good,131,355,5,-1,0.5239
above_good,131,360,10,-1,0.5248
above_good,131,365,15,-1,0.5242
above_good,131,370,20,-1,0.5297
above_good,131,375,25,-1,0.5458
above_good,132,0,-353,1,0.5311
above_good,132,5,-348,1,0.5264
above_good,132,10,-343,1,0.5267
above_good,132,15,-338,1,0.5244
above_good,132,20,-333,1,0.5228
above_good,132,25,-328,1,0.5293
above_good,132,30,-323,1,0.5474
above_good,132,35,-318,1,0.5502
above_good,132,40,-313,1,0.557
above_good,132,45,-308,1,0.5562
above_good,132,50,-303,1,0.5428
above_good,132,55,-298,1,0.5225
above_good,132,60,-293,1,0.5202
above_good,132,65,-288,1,0.5149
above_good,132,70,-283,1,0.5162
above_good,132,75,-278,1,0.5316
above_good,132,80,-273,1,0.5323
above_good,132,85,-268,1,0.5342
above_good,132,90,-263,1,0.537
above_good,132,95,-258,1,0.5347
above_good,132,100,-253,1,0.5201
above_good,132,105,-248,1,0.5229
above_good,132,110,-243,1,0.5173
above_good,132,115,-238,1,0.5104
above_good,132,120,-233,1,0.5134
above_good,132,125,-228,1,0.5267
above_good,132,130,-223,1,0.5256
above_good,132,135,-218,1,0.5277
above_good,132,140,-213,1,0.53
above_good,132,145,-208,1,0.5212
above_good,132,150,-203,1,0.5135
above_good,132,155,-198,1,0.5177
above_good,132,160,-193,1,0.5237
above_good,132,165,-188,1,0.5339
above_good,132,170,-183,1,0.5533
above_good,132,175,-178,1,0.5638
above_good,132,180,-173,1,0.5657
above_good,132,185,-168,1,0.5641
above_good,132,190,-163,1,0.5663
above_good,132,195,-158,1,0.5564
above_good,132,200,-153,1,0.5512
above_good,132,205,-148,1,0.5591
above_good,132,210,-143,1,0.5529
above_good,132,215,-138,1,0.5386
above_good,132,220,-133,1,0.5258
above_good,132,225,-128,1,0.5211
above_good,132,230,-123,1,0.5169
above_good,132,235,-118,1,0.514
above_good,132,240,-113,1,0.517
above_good,132,245,-108,1,0.5267
above_good,132,250,-103,1,0.5333
above_good,132,255,-98,1,0.5292
above_good,132,260,-93,1,0.5315
above_good,132,265,-88,1,0.5431
above_good,132,270,-83,1,0.5513
above_good,132,275,-78,1,0.5416
above_good,132,280,-73,1,0.5419
above_good,132,285,-68,1,0.5627
above_good,132,290,-63,1,0.5593
above_good,132,295,-58,1,0.5627
above_good,132,300,-53,1,0.5746
above_good,132,305,-48,1,0.5784
above_good,132,310,-43,1,0.5738
above_good,132,315,-38,1,0.5755
above_good,132,320,-33,1,0.5742
above_good,132,325,-28,1,0.5845
above_good,132,330,-23,1,0.5957
above_good,132,335,-18,1,0.602
above_good,132,340,-13,1,0.6046
above_good,132,345,-8,1,0.6077
above_good,132,350,-3,1,0.6056
above_good,132,355,2,1,0.6005
above_good,133,0,-400,1,0.5185
above_good,133,5,-395,1,0.5195
above_good,133,10,-390,1,0.5205
above_good,133,15,-385,1,0.5275
above_good,133,20,-380,1,0.5228
above_good,133,25,-375,1,0.521
above_good,133,30,-370,1,0.5144
above_good,133,35,-365,1,0.5148
above_good,133,40,-360,1,0.5015
above_good,133,45,-355,1,0.5062
above_good,133,50,-350,1,0.5125
above_good,133,55,-345,1,0.5228
above_good,133,60,-340,1,0.5228
above_good,133,65,-335,1,0.5441
above_good,133,70,-330,1,0.5414
above_good,133,75,-325,1,0.5395
above_good,133,80,-320,1,0.538
above_good,133,85,-315,1,0.543
above_good,133,90,-310,1,0.5277
above_good,133,95,-305,1,0.5322
above_good,133,100,-300,1,0.5277
above_good,133,105,-295,1,0.5281
above_good,133,110,-290,1,0.5227
above_good,133,115,-285,1,0.5211
above_good,133,120,-280,1,0.53
above_good,133,125,-275,1,0.5294
above_good,133,130,-270,1,0.5264
above_good,133,135,-265,1,0.5287
above_good,133,140,-260,1,0.5351
above_good,133,145,-255,1,0.5232
above_good,133,150,-250,1,0.518
above_good,133,155,-245,1,0.5141
above_good,133,160,-240,1,0.5034
above_good,133,165,-235,1,0.5028
above_good,133,170,-230,1,0.4997
above_good,133,175,-225,1,0.5008
above_good,133,180,-220,1,0.5025
above_good,133,185,-215,1,0.5098
above_good,133,190,-210,1,0.5109
above_good,133,195,-205,1,0.5161
above_good,133,200,-200,1,0.506
above_good,133,205,-195,1,0.5029
above_good,133,210,-190,1,0.4979
above_good,133,215,-185,1,0.4896
above_good,133,220,-180,1,0.4819
above_good,133,225,-175,1,0.4871
above_good,133,230,-170,1,0.4856
above_good,133,235,-165,1,0.4793
above_good,133,240,-160,1,0.4725
above_good,133,245,-155,1,0.4737
above_good,133,250,-150,1,0.4714
above_good,133,255,-145,1,0.4798
above_good,133,260,-140,1,0.501
above_good,133,265,-135,1,0.5169
above_good,133,270,-130,1,0.5178
above_good,133,275,-125,1,0.5044
above_good,133,280,-120,1,0.4957
above_good,133,285,-115,1,0.4841
above_good,133,290,-110,1,0.4671
above_good,133,295,-105,1,0.4599
above_good,133,300,-100,1,0.474
above_good,133,305,-95,1,0.4827
above_good,133,310,-90,1,0.4837
above_good,133,315,-85,1,0.4885
above_good,133,320,-80,1,0.4955
above_good,133,325,-75,1,0.5021
above_good,133,330,-70,1,0.5038
above_good,133,335,-65,1,0.5092
above_good,133,340,-60,1,0.519
above_good,133,345,-55,1,0.5258
above_good,133,350,-50,1,0.5373
above_good,133,355,-45,1,0.5435
above_good,133,360,-40,1,0.5421
above_good,133,365,-35,1,0.5432
above_good,133,370,-30,1,0.544
above_good,133,375,-25,1,0.5334
above_good,133,380,-20,1,0.5213
above_good,133,385,-15,1,0.533
above_good,133,390,-10,1,0.5487
above_good,133,395,-5,1,0.5552
above_good,133,400,0,1,0.5731
above_good,135,0,-339,1,0.4922
above_good,135,5,-334,1,0.4971
above_good,135,10,-329,1,0.5115
above_good,135,15,-324,1,0.5198
above_good,135,20,-319,1,0.5191
above_good,135,25,-314,1,0.5237
above_good,135,30,-309,1,0.5209
above_good,135,35,-304,1,0.5136
above_good,135,40,-299,1,0.504
above_good,135,45,-294,1,0.5024
above_good,135,50,-289,1,0.513
above_good,135,55,-284,1,0.5243
above_good,135,60,-279,1,0.5269
above_good,135,65,-274,1,0.533
above_good,135,70,-269,1,0.536
above_good,135,75,-264,1,0.5312
above_good,135,80,-259,1,0.5247
above_good,135,85,-254,1,0.5212
above_good,135,90,-249,1,0.5218
above_good,135,95,-244,1,0.5226
above_good,135,100,-239,1,0.5173
above_good,135,105,-234,1,0.5179
above_good,135,110,-229,1,0.5088
above_good,135,115,-224,1,0.4977
above_good,135,120,-219,1,0.4961
above_good,135,125,-214,1,0.4824
above_good,135,130,-209,1,0.4639
above_good,135,135,-204,1,0.4671
above_good,135,140,-199,1,0.4754
above_good,135,145,-194,1,0.4756
above_good,135,150,-189,1,0.4918
above_good,135,155,-184,1,0.5013
above_good,135,160,-179,1,0.5123
above_good,135,165,-174,1,0.5133
above_good,135,170,-169,1,0.5102
above_good,135,175,-164,1,0.5056
above_good,135,180,-159,1,0.5129
above_good,135,185,-154,1,0.5017
above_good,135,190,-149,1,0.493
above_good,135,195,-144,1,0.5052
above_good,135,200,-139,1,0.5103
above_good,135,205,-134,1,0.5077
above_good,135,210,-129,1,0.5041
above_good,135,215,-124,1,0.509
above_good,135,220,-119,1,0.5016
above_good,135,225,-114,1,0.492
above_good,135,230,-109,1,0.4927
above_good,135,235,-104,1,0.5022
above_good,135,240,-99,1,0.5059
above_good,135,245,-94,1,0.5027
above_good,135,250,-89,1,0.5066
above_good,135,255,-84,1,0.5106
above_good,135,260,-79,1,0.5211
above_good,135,265,-74,1,0.5274
above_good,135,270,-69,1,0.5394
above_good,135,275,-64,1,0.5522
above_good,135,280,-59,1,0.5598
above_good,135,285,-54,1,0.5476
above_good,135,290,-49,1,0.5414
above_good,135,295,-44,1,0.5322
above_good,135,300,-39,1,0.5262
above_good,135,305,-34,1,0.5185
above_good,135,310,-29,1,0.5305
above_good,135,315,-24,1,0.5344
above_good,135,320,-19,1,0.5444
above_good,135,325,-14,1,0.5611
above_good,135,330,-9,1,0.5809
above_good,135,335,-4,1,0.5855
above_good,135,340,1,1,0.5959
above_good,135,345,6,1,0.6092
above_good,136,0,-382,1,0.5318
above_good,136,5,-377,1,0.5349
above_good,136,10,-372,1,0.5352
above_good,136,15,-367,1,0.5306
above_good,136,20,-362,1,0.5307
above_good,136,25,-357,1,0.545
above_good,136,30,-352,1,0.5487
above_good,136,35,-347,1,0.5474
above_good,136,40,-342,1,0.544
above_good,136,45,-337,1,0.5437
above_good,136,50,-332,1,0.5388
above_good,136,55,-327,1,0.5384
above_good,136,60,-322,1,0.5466
above_good,136,65,-317,1,0.5584
above_good,136,70,-312,1,0.5637
above_good,136,75,-307,1,0.5597
above_good,136,80,-302,1,0.5618
above_good,136,85,-297,1,0.5614
above_good,136,90,-292,1,0.5629
above_good,136,95,-287,1,0.5367
above_good,136,100,-282,1,0.5465
above_good,136,105,-277,1,0.5439
above_good,136,110,-272,1,0.5364
above_good,136,115,-267,1,0.531
above_good,136,120,-262,1,0.5488
above_good,136,125,-257,1,0.5365
above_good,136,130,-252,1,0.5211
above_good,136,135,-247,1,0.5215
above_good,136,140,-242,1,0.5199
above_good,136,145,-237,1,0.5191
above_good,136,150,-232,1,0.5119
above_good,136,155,-227,1,0.5268
above_good,136,160,-222,1,0.5269
above_good,136,165,-217,1,0.5306
above_good,136,170,-212,1,0.5416
above_good,136,175,-207,1,0.556
above_good,136,180,-202,1,0.5647
above_good,136,185,-197,1,0.573
above_good,136,190,-192,1,0.5847
above_good,136,195,-187,1,0.5822
above_good,136,200,-182,1,0.581
above_good,136,205,-177,1,0.5738
above_good,136,210,-172,1,0.5747
above_good,136,215,-167,1,0.5673
above_good,136,220,-162,1,0.5696
above_good,136,225,-157,1,0.5682
above_good,136,230,-152,1,0.5627
above_good,136,235,-147,1,0.5512
above_good,136,240,-142,1,0.5404
above_good,136,245,-137,1,0.5215
above_good,136,250,-132,1,0.5172
above_good,136,255,-127,1,0.515
above_good,136,260,-122,1,0.5163
above_good,136,265,-117,1,0.5346
above_good,136,270,-112,1,0.5488
above_good,136,275,-107,1,0.5508
above_good,136,280,-102,1,0.5641
above_good,136,285,-97,1,0.5737
above_good,136,290,-92,1,0.5657
above_good,136,295,-87,1,0.5667
above_good,136,300,-82,1,0.5659
above_good,136,305,-77,1,0.5637
above_good,136,310,-72,1,0.5588
above_good,136,315,-67,1,0.5514
above_good,136,320,-62,1,0.5603
above_good,136,325,-57,1,0.5743
above_good,136,330,-52,1,0.5685
above_good,136,335,-47,1,0.5742
above_good,136,340,-42,1,0.5737
above_good,136,345,-37,1,0.5518
above_good,136,350,-32,1,0.5334
above_good,136,355,-27,1,0.5215
above_good,136,360,-22,1,0.5012
above_good,136,365,-17,1,0.5183
above_good,136,370,-12,1,0.5427
above_good,136,375,-7,1,0.557
above_good,136,380,-2,1,0.5752
above_good,136,385,3,1,0.6051
above_good,137,0,-504,1,0.5072
above_good,137,5,-499,1,0.5096
above_good,137,10,-494,1,0.5163
above_good,137,15,-489,1,0.5292
above_good,137,20,-484,1,0.5366
above_good,137,25,-479,1,0.5497
above_good,137,30,-474,1,0.5542
above_good,137,35,-469,1,0.5436
above_good,137,40,-464,1,0.5282
above_good,137,45,-459,1,0.5188
above_good,137,50,-454,1,0.5123
above_good,137,55,-449,1,0.5101
above_good,137,60,-444,1,0.522
above_good,137,65,-439,1,0.5286
above_good,137,70,-434,1,0.5338
above_good,137,75,-429,1,0.5378
above_good,137,80,-424,1,0.5383
above_good,137,85,-419,1,0.535
above_good,137,90,-414,1,0.5416
above_good,137,95,-409,1,0.5425
above_good,137,100,-404,1,0.5452
above_good,137,105,-399,1,0.5415
above_good,137,110,-394,1,0.5438
above_good,137,115,-389,1,0.5355
above_good,137,120,-384,1,0.5338
above_good,137,125,-379,1,0.5222
above_good,137,130,-374,1,0.5295
above_good,137,135,-369,1,0.5297
above_good,137,140,-364,1,0.53
above_good,137,145,-359,1,0.5276
above_good,137,150,-354,1,0.5348
above_good,137,155,-349,1,0.5346
above_good,137,160,-344,1,0.5227
above_good,137,165,-339,1,0.5145
above_good,137,170,-334,1,0.5126
above_good,137,175,-329,1,0.5056
above_good,137,180,-324,1,0.4995
above_good,137,185,-319,1,0.4988
above_good,137,190,-314,1,0.4926
above_good,137,195,-309,1,0.4844
above_good,137,200,-304,1,0.4834
above_good,137,205,-299,1,0.47
above_good,137,210,-294,1,0.468
above_good,137,215,-289,1,0.4618
above_good,137,220,-284,1,0.4569
above_good,137,225,-279,1,0.4608
above_good,137,230,-274,1,0.4829
above_good,137,235,-269,1,0.5028
above_good,137,240,-264,1,0.5186
above_good,137,245,-259,1,0.5311
above_good,137,250,-254,1,0.5282
above_good,137,255,-249,1,0.516
above_good,137,260,-244,1,0.5038
above_good,137,265,-239,1,0.5114
above_good,137,270,-234,1,0.5128
above_good,137,275,-229,1,0.5094
above_good,137,280,-224,1,0.5096
above_good,137,285,-219,1,0.5078
above_good,137,290,-214,1,0.507
above_good,137,295,-209,1,0.5103
above_good,137,300,-204,1,0.5118
above_good,137,305,-199,1,0.5247
above_good,137,310,-194,1,0.5229
above_good,137,315,-189,1,0.5158
above_good,137,320,-184,1,0.5187
above_good,137,325,-179,1,0.5471
above_good,137,330,-174,1,0.5448
above_good,137,335,-169,1,0.5515
above_good,137,340,-164,1,0.5703
above_good,137,345,-159,1,0.5555
above_good,137,350,-154,1,0.5283
above_good,137,355,-149,1,0.5026
above_good,137,360,-144,1,0.4867
above_good,137,365,-139,1,0.4548
above_good,137,370,-134,1,0.4388
above_good,137,375,-129,1,0.4264
above_good,137,380,-124,1,0.4154
above_good,137,385,-119,1,0.3831
above_good,137,390,-114,1,0.3489
above_good,137,395,-109,1,0.3368
above_good,137,400,-104,1,0.3054
above_good,137,405,-99,1,0.2675
above_good,137,410,-94,1,0.2574
above_good,137,415,-89,1,0.2568
above_good,137,420,-84,1,0.2343
above_good,137,425,-79,1,0.2319
above_good,137,430,-74,1,0.2388
above_good,137,435,-69,1,0.2367
above_good,137,440,-64,1,0.2432
above_good,137,445,-59,1,0.255
above_good,137,450,-54,1,0.291
above_good,137,455,-49,1,0.3452
above_good,137,460,-44,1,0.3971
above_good,137,465,-39,1,0.4267
above_good,137,470,-34,1,0.4669
above_good,137,475,-29,1,0.4566
above_good,137,480,-24,1,0.4542
above_good,137,485,-19,1,0.4597
above_good,137,490,-14,1,0.4777
above_good,137,495,-9,1,0.4914
above_good,137,500,-4,1,0.5204
above_good,137,505,1,1,0.5387
above_good,138,0,-278,1,0.5312
above_good,138,5,-273,1,0.5282
above_good,138,10,-268,1,0.5194
above_good,138,15,-263,1,0.5258
above_good,138,20,-258,1,0.5329
above_good,138,25,-253,1,0.5241
above_good,138,30,-248,1,0.5144
above_good,138,35,-243,1,0.5208
above_good,138,40,-238,1,0.5138
above_good,138,45,-233,1,0.5031
above_good,138,50,-228,1,0.5042
above_good,138,55,-223,1,0.5088
above_good,138,60,-218,1,0.5101
above_good,138,65,-213,1,0.5153
above_good,138,70,-208,1,0.5349
above_good,138,75,-203,1,0.5409
above_good,138,80,-198,1,0.5515
above_good,138,85,-193,1,0.5548
above_good,138,90,-188,1,0.5484
above_good,138,95,-183,1,0.545
above_good,138,100,-178,1,0.5533
above_good,138,105,-173,1,0.5528
above_good,138,110,-168,1,0.5569
above_good,138,115,-163,1,0.5644
above_good,138,120,-158,1,0.5636
above_good,138,125,-153,1,0.5527
above_good,138,130,-148,1,0.5496
above_good,138,135,-143,1,0.5383
above_good,138,140,-138,1,0.5343
above_good,138,145,-133,1,0.5238
above_good,138,150,-128,1,0.5331
above_good,138,155,-123,1,0.5385
above_good,138,160,-118,1,0.5364
above_good,138,165,-113,1,0.5392
above_good,138,170,-108,1,0.5357
above_good,138,175,-103,1,0.5323
above_good,138,180,-98,1,0.5275
above_good,138,185,-93,1,0.5342
above_good,138,190,-88,1,0.5378
above_good,138,195,-83,1,0.5433
above_good,138,200,-78,1,0.5465
above_good,138,205,-73,1,0.5496
above_good,138,210,-68,1,0.5542
above_good,138,215,-63,1,0.5689
above_good,138,220,-58,1,0.584
above_good,138,225,-53,1,0.5877
above_good,138,230,-48,1,0.5935
above_good,138,235,-43,1,0.6033
above_good,138,240,-38,1,0.5986
above_good,138,245,-33,1,0.5924
above_good,138,250,-28,1,0.5893
above_good,138,255,-23,1,0.6013
above_good,138,260,-18,1,0.6096
above_good,138,265,-13,1,0.6224
above_good,138,270,-8,1,0.6343
above_good,138,275,-3,1,0.6514
above_good,140,0,-351,1,0.5277
above_good,140,5,-346,1,0.5277
above_good,140,10,-341,1,0.5246
above_good,140,15,-336,1,0.525
above_good,140,20,-331,1,0.5239
above_good,140,25,-326,1,0.5348
above_good,140,30,-321,1,0.5439
above_good,140,35,-316,1,0.5473
above_good,140,40,-311,1,0.5371
above_good,140,45,-306,1,0.5394
above_good,140,50,-301,1,0.5237
above_good,140,55,-296,1,0.5126
above_good,140,60,-291,1,0.5114
above_good,140,65,-286,1,0.5219
above_good,140,70,-281,1,0.5194
above_good,140,75,-276,1,0.5325
above_good,140,80,-271,1,0.5436
above_good,140,85,-266,1,0.5613
above_good,140,90,-261,1,0.5604
above_good,140,95,-256,1,0.5593
above_good,140,100,-251,1,0.5547
above_good,140,105,-246,1,0.5385
above_good,140,110,-241,1,0.5212
above_good,140,115,-236,1,0.5244
above_good,140,120,-231,1,0.5254
above_good,140,125,-226,1,0.5189
above_good,140,130,-221,1,0.5229
above_good,140,135,-216,1,0.521
above_good,140,140,-211,1,0.5142
above_good,140,145,-206,1,0.5115
above_good,140,150,-201,1,0.501
above_good,140,155,-196,1,0.4856
above_good,140,160,-191,1,0.4748
above_good,140,165,-186,1,0.4814
above_good,140,170,-181,1,0.484
above_good,140,175,-176,1,0.5072
above_good,140,180,-171,1,0.528
above_good,140,185,-166,1,0.544
above_good,140,190,-161,1,0.5383
above_good,140,195,-156,1,0.5341
above_good,140,200,-151,1,0.5249
above_good,140,205,-146,1,0.5262
above_good,140,210,-141,1,0.5299
above_good,140,215,-136,1,0.5388
above_good,140,220,-131,1,0.5359
above_good,140,225,-126,1,0.5256
above_good,140,230,-121,1,0.5124
above_good,140,235,-116,1,0.5011
above_good,140,240,-111,1,0.4893
above_good,140,245,-106,1,0.4915
above_good,140,250,-101,1,0.5059
above_good,140,255,-96,1,0.5186
above_good,140,260,-91,1,0.5261
above_good,140,265,-86,1,0.5341
above_good,140,270,-81,1,0.5366
above_good,140,275,-76,1,0.5374
above_good,140,280,-71,1,0.5409
above_good,140,285,-66,1,0.5479
above_good,140,290,-61,1,0.5535
above_good,140,295,-56,1,0.5593
above_good,140,300,-51,1,0.5605
above_good,140,305,-46,1,0.5599
above_good,140,310,-41,1,0.5592
above_good,140,315,-36,1,0.5615
above_good,140,320,-31,1,0.5727
above_good,140,325,-26,1,0.5866
above_good,140,330,-21,1,0.5952
above_good,140,335,-16,1,0.5968
above_good,140,340,-11,1,0.6074
above_good,140,345,-6,1,0.6094
above_good,140,350,-1,1,0.6057
above_good,141,0,,1,0.5068
above_good,141,5,,1,0.5191
above_good,141,10,,1,0.522
above_good,141,15,,1,0.5238
above_good,141,20,,1,0.5367
above_good,141,25,,1,0.5367
above_good,141,30,,1,0.5279
above_good,141,35,,1,0.516
above_good,141,40,,1,0.516
above_good,141,45,,1,0.5065
above_good,141,50,,1,0.502
above_good,141,55,,1,0.5042
above_good,141,60,,1,0.5138
above_good,141,65,,1,0.5143
above_good,141,70,,1,0.5155
above_good,141,75,,1,0.5201
above_good,141,80,,1,0.513
above_good,141,85,,1,0.5056
above_good,141,90,,1,0.496
above_good,141,95,,1,0.5007
above_good,141,100,,1,0.5023
above_good,141,105,,1,0.5067
above_good,141,110,,1,0.5091
above_good,141,115,,1,0.5144
above_good,141,120,,1,0.5091
above_good,141,125,,1,0.5063
above_good,141,130,,1,0.5057
above_good,141,135,,1,0.506
above_good,141,140,,1,0.499
above_good,141,145,,1,0.5016
above_good,141,150,,1,0.4926
above_good,141,155,,1,0.4919
above_good,141,160,,1,0.4873
above_good,141,165,,1,0.4943
above_good,141,170,,1,0.4869
above_good,141,175,,1,0.4946
above_good,141,180,,1,0.4982
above_good,141,185,,1,0.4895
above_good,141,190,,1,0.4905
above_good,141,195,,1,0.4921
above_good,141,200,,1,0.4885
above_good,141,205,,1,0.4816
above_good,141,210,,1,0.4905
above_good,141,215,,1,0.4894
above_good,141,220,,1,0.4896
above_good,141,225,,1,0.492
above_good,141,230,,1,0.4859
above_good,141,235,,1,0.484
above_good,141,240,,1,0.4855
above_good,141,245,,1,0.4875
above_good,141,250,,1,0.4775
above_good,141,255,,1,0.4449
above_good,141,260,,1,0.4012
above_good,141,265,,1,0.368
above_good,141,270,,1,0.3279
above_good,141,275,,1,0.3073
above_good,141,280,,1,0.3089
above_good,141,285,,1,0.3055
above_good,141,290,,1,0.2934
above_good,141,295,,1,0.2867
above_good,141,300,,1,0.2537
above_good,141,305,,1,0.2488
above_good,141,310,,1,0.2657
above_good,141,315,,1,0.2647
above_good,141,320,,1,0.2582
above_good,141,325,,1,0.2802
above_good,141,330,,1,0.3019
above_good,141,335,,1,0.307
above_good,141,340,,1,0.3064
above_good,141,345,,1,0.2997
above_good,141,350,,1,0.2802
above_good,141,355,,1,0.2639
above_good,141,360,,1,0.2492
above_good,141,365,,1,0.2655
above_good,141,370,,1,0.2728
above_good,141,375,,1,0.3139
above_good,141,380,,1,0.3198
above_good,141,385,,1,0.342
above_good,141,390,,1,0.3566
above_good,141,395,,1,0.3846
above_good,141,400,,1,0.3872
above_good,141,405,,1,0.3952
above_good,141,410,,1,0.4012
above_good,141,415,,1,0.4091
above_good,141,420,,1,0.4273
above_good,141,425,,1,0.4331
above_good,141,430,,1,0.4541
above_good,142,0,-390,1,0.5113
above_good,142,5,-385,1,0.5139
above_good,142,10,-380,1,0.5155
above_good,142,15,-375,1,0.5156
above_good,142,20,-370,1,0.5261
above_good,142,25,-365,1,0.5236
above_good,142,30,-360,1,0.5127
above_good,142,35,-355,1,0.5121
above_good,142,40,-350,1,0.5086
above_good,142,45,-345,1,0.5087
above_good,142,50,-340,1,0.5159
above_good,142,55,-335,1,0.5348
above_good,142,60,-330,1,0.5449
above_good,142,65,-325,1,0.5648
above_good,142,70,-320,1,0.5649
above_good,142,75,-315,1,0.5715
above_good,142,80,-310,1,0.5683
above_good,142,85,-305,1,0.5597
above_good,142,90,-300,1,0.5503
above_good,142,95,-295,1,0.5511
above_good,142,100,-290,1,0.5353
above_good,142,105,-285,1,0.5338
above_good,142,110,-280,1,0.5372
above_good,142,115,-275,1,0.5342
above_good,142,120,-270,1,0.5243
above_good,142,125,-265,1,0.5238
above_good,142,130,-260,1,0.5267
above_good,142,135,-255,1,0.5284
above_good,142,140,-250,1,0.5349
above_good,142,145,-245,1,0.5407
above_good,142,150,-240,1,0.549
above_good,142,155,-235,1,0.5511
above_good,142,160,-230,1,0.5478
above_good,142,165,-225,1,0.5459
above_good,142,170,-220,1,0.5435
above_good,142,175,-215,1,0.5426
above_good,142,180,-210,1,0.5385
above_good,142,185,-205,1,0.541
above_good,142,190,-200,1,0.5405
above_good,142,195,-195,1,0.5461
above_good,142,200,-190,1,0.55
above_good,142,205,-185,1,0.5453
above_good,142,210,-180,1,0.5408
above_good,142,215,-175,1,0.541
above_good,142,220,-170,1,0.5486
above_good,142,225,-165,1,0.5457
above_good,142,230,-160,1,0.5505
above_good,142,235,-155,1,0.5487
above_good,142,240,-150,1,0.5465
above_good,142,245,-145,1,0.5325
above_good,142,250,-140,1,0.5348
above_good,142,255,-135,1,0.5332
above_good,142,260,-130,1,0.5396
above_good,142,265,-125,1,0.5319
above_good,142,270,-120,1,0.5287
above_good,142,275,-115,1,0.5103
above_good,142,280,-110,1,0.5066
above_good,142,285,-105,1,0.502
above_good,142,290,-100,1,0.5103
above_good,142,295,-95,1,0.5179
above_good,142,300,-90,1,0.5371
above_good,142,305,-85,1,0.5409
above_good,142,310,-80,1,0.5412
above_good,142,315,-75,1,0.5363
above_good,142,320,-70,1,0.5521
above_good,142,325,-65,1,0.5567
above_good,142,330,-60,1,0.5603
above_good,142,335,-55,1,0.5702
above_good,142,340,-50,1,0.5757
above_good,142,345,-45,1,0.5592
above_good,142,350,-40,1,0.552
above_good,142,355,-35,1,0.5541
above_good,142,360,-30,1,0.554
above_good,142,365,-25,1,0.5601
above_good,142,370,-20,1,0.5653
above_good,142,375,-15,1,0.576
above_good,142,380,-10,1,0.5841
above_good,142,385,-5,1,0.577
above_good,142,390,0,1,0.5754
above_good,142,395,5,1,0.5809
above_good,144,0,-366,1,0.5385
above_good,144,5,-361,1,0.5297
above_good,144,10,-356,1,0.5314
above_good,144,15,-351,1,0.5345
above_good,144,20,-346,1,0.5341
above_good,144,25,-341,1,0.5353
above_good,144,30,-336,1,0.542
above_good,144,35,-331,1,0.5476
above_good,144,40,-326,1,0.5556
above_good,144,45,-321,1,0.5599
above_good,144,50,-316,1,0.5631
above_good,144,55,-311,1,0.5651
above_good,144,60,-306,1,0.5594
above_good,144,65,-301,1,0.5626
above_good,144,70,-296,1,0.5557
above_good,144,75,-291,1,0.5582
above_good,144,80,-286,1,0.5672
above_good,144,85,-281,1,0.572
above_good,144,90,-276,1,0.5529
above_good,144,95,-271,1,0.547
above_good,144,100,-266,1,0.5407
above_good,144,105,-261,1,0.528
above_good,144,110,-256,1,0.5215
above_good,144,115,-251,1,0.5216
above_good,144,120,-246,1,0.5244
above_good,144,125,-241,1,0.5126
above_good,144,130,-236,1,0.5056
above_good,144,135,-231,1,0.498
above_good,144,140,-226,1,0.4946
above_good,144,145,-221,1,0.5068
above_good,144,150,-216,1,0.5259
above_good,144,155,-211,1,0.5386
above_good,144,160,-206,1,0.5457
above_good,144,165,-201,1,0.5534
above_good,144,170,-196,1,0.5348
above_good,144,175,-191,1,0.5216
above_good,144,180,-186,1,0.5198
above_good,144,185,-181,1,0.5283
above_good,144,190,-176,1,0.5427
above_good,144,195,-171,1,0.5514
above_good,144,200,-166,1,0.5631
above_good,144,205,-161,1,0.571
above_good,144,210,-156,1,0.5582
above_good,144,215,-151,1,0.552
above_good,144,220,-146,1,0.5569
above_good,144,225,-141,1,0.554
above_good,144,230,-136,1,0.5478
above_good,144,235,-131,1,0.5525
above_good,144,240,-126,1,0.5401
above_good,144,245,-121,1,0.5333
above_good,144,250,-116,1,0.5273
above_good,144,255,-111,1,0.5125
above_good,144,260,-106,1,0.5069
above_good,144,265,-101,1,0.517
above_good,144,270,-96,1,0.5192
above_good,144,275,-91,1,0.5125
above_good,144,280,-86,1,0.5153
above_good,144,285,-81,1,0.5337
above_good,144,290,-76,1,0.5299
above_good,144,295,-71,1,0.5333
above_good,144,300,-66,1,0.5398
above_good,144,305,-61,1,0.5582
above_good,144,310,-56,1,0.5571
above_good,144,315,-51,1,0.5592
above_good,144,320,-46,1,0.5635
above_good,144,325,-41,1,0.5776
above_good,144,330,-36,1,0.571
above_good,144,335,-31,1,0.5635
above_good,144,340,-26,1,0.5745
above_good,144,345,-21,1,0.5847
above_good,144,350,-16,1,0.5892
above_good,144,355,-11,1,0.612
above_good,144,360,-6,1,0.6284
above_good,144,365,-1,1,0.6327
above_good,144,370,4,1,0.6377
above_good,145,0,-311,1,0.4929
above_good,145,5,-306,1,0.498
above_good,145,10,-301,1,0.4998
above_good,145,15,-296,1,0.5014
above_good,145,20,-291,1,0.5066
above_good,145,25,-286,1,0.5158
above_good,145,30,-281,1,0.5171
above_good,145,35,-276,1,0.5194
above_good,145,40,-271,1,0.5184
above_good,145,45,-266,1,0.5161
above_good,145,50,-261,1,0.5173
above_good,145,55,-256,1,0.5215
above_good,145,60,-251,1,0.5271
above_good,145,65,-246,1,0.5337
above_good,145,70,-241,1,0.5385
above_good,145,75,-236,1,0.5442
above_good,145,80,-231,1,0.5401
above_good,145,85,-226,1,0.5374
above_good,145,90,-221,1,0.5344
above_good,145,95,-216,1,0.538
above_good,145,100,-211,1,0.5296
above_good,145,105,-206,1,0.5269
above_good,145,110,-201,1,0.5306
above_good,145,115,-196,1,0.5288
above_good,145,120,-191,1,0.5228
above_good,145,125,-186,1,0.5233
above_good,145,130,-181,1,0.531
above_good,145,135,-176,1,0.5299
above_good,145,140,-171,1,0.5289
above_good,145,145,-166,1,0.5269
above_good,145,150,-161,1,0.5305
above_good,145,155,-156,1,0.5318
above_good,145,160,-151,1,0.5265
above_good,145,165,-146,1,0.5225
above_good,145,170,-141,1,0.5176
above_good,145,175,-136,1,0.5076
above_good,145,180,-131,1,0.503
above_good,145,185,-126,1,0.4955
above_good,145,190,-121,1,0.4956
above_good,145,195,-116,1,0.4859
above_good,145,200,-111,1,0.4854
above_good,145,205,-106,1,0.4768
above_good,145,210,-101,1,0.4709
above_good,145,215,-96,1,0.4788
above_good,145,220,-91,1,0.4964
above_good,145,225,-86,1,0.5072
above_good,145,230,-81,1,0.5217
above_good,145,235,-76,1,0.5433
above_good,145,240,-71,1,0.5376
above_good,145,245,-66,1,0.534
above_good,145,250,-61,1,0.5354
above_good,145,255,-56,1,0.5356
above_good,145,260,-51,1,0.5367
above_good,145,265,-46,1,0.5409
above_good,145,270,-41,1,0.5439
above_good,145,275,-36,1,0.5445
above_good,145,280,-31,1,0.5334
above_good,145,285,-26,1,0.536
above_good,145,290,-21,1,0.5479
above_good,145,295,-16,1,0.5518
above_good,145,300,-11,1,0.5615
above_good,145,305,-6,1,0.5717
above_good,145,310,-1,1,0.5713
above_good,145,315,4,1,0.5671
above_good,146,0,-347,-1,0.5205
above_good,146,5,-342,-1,0.5217
above_good,146,10,-337,-1,0.5226
above_good,146,15,-332,-1,0.5238
above_good,146,20,-327,-1,0.5251
above_good,146,25,-322,-1,0.5251
above_good,146,30,-317,-1,0.5331
above_good,146,35,-312,-1,0.5448
above_good,146,40,-307,-1,0.5493
above_good,146,45,-302,-1,0.5509
above_good,146,50,-297,-1,0.554
above_good,146,55,-292,-1,0.5521
above_good,146,60,-287,-1,0.5379
above_good,146,65,-282,-1,0.53
above_good,146,70,-277,-1,0.5282
above_good,146,75,-272,-1,0.5338
above_good,146,80,-267,-1,0.5357
above_good,146,85,-262,-1,0.5388
above_good,146,90,-257,-1,0.5419
above_good,146,95,-252,-1,0.5463
above_good,146,100,-247,-1,0.5436
above_good,146,105,-242,-1,0.5395
above_good,146,110,-237,-1,0.5503
above_good,146,115,-232,-1,0.5455
above_good,146,120,-227,-1,0.5429
above_good,146,125,-222,-1,0.5408
above_good,146,130,-217,-1,0.5249
above_good,146,135,-212,-1,0.5063
above_good,146,140,-207,-1,0.5108
above_good,146,145,-202,-1,0.5092
above_good,146,150,-197,-1,0.514
above_good,146,155,-192,-1,0.5288
above_good,146,160,-187,-1,0.538
above_good,146,165,-182,-1,0.5399
above_good,146,170,-177,-1,0.5483
above_good,146,175,-172,-1,0.5494
above_good,146,180,-167,-1,0.5551
above_good,146,185,-162,-1,0.5596
above_good,146,190,-157,-1,0.5599
above_good,146,195,-152,-1,0.5518
above_good,146,200,-147,-1,0.5496
above_good,146,205,-142,-1,0.5404
above_good,146,210,-137,-1,0.5309
above_good,146,215,-132,-1,0.519
above_good,146,220,-127,-1,0.509
above_good,146,225,-122,-1,0.5036
above_good,146,230,-117,-1,0.5047
above_good,146,235,-112,-1,0.5017
above_good,146,240,-107,-1,0.5062
above_good,146,245,-102,-1,0.5164
above_good,146,250,-97,-1,0.5243
above_good,146,255,-92,-1,0.5216
above_good,146,260,-87,-1,0.5205
above_good,146,265,-82,-1,0.5368
above_good,146,270,-77,-1,0.538
above_good,146,275,-72,-1,0.5328
above_good,146,280,-67,-1,0.5396
above_good,146,285,-62,-1,0.5495
above_good,146,290,-57,-1,0.5565
above_good,146,295,-52,-1,0.5683
above_good,146,300,-47,-1,0.5691
above_good,146,305,-42,-1,0.5787
above_good,146,310,-37,-1,0.5828
above_good,146,315,-32,-1,0.5675
above_good,146,320,-27,-1,0.5656
above_good,146,325,-22,-1,0.577
above_good,146,330,-17,-1,0.5764
above_good,146,335,-12,-1,0.577
above_good,146,340,-7,-1,0.5854
above_good,146,345,-2,-1,0.584
above_good,146,350,3,-1,0.579
above_good,146,355,8,-1,0.5742
above_good,148,0,,-1,0.534
above_good,148,5,,-1,0.5384
above_good,148,10,,-1,0.5367
above_good,148,15,,-1,0.5408
above_good,148,20,,-1,0.5384
above_good,148,25,,-1,0.5453
above_good,148,30,,-1,0.5508
above_good,148,35,,-1,0.5562
above_good,148,40,,-1,0.5538
above_good,148,45,,-1,0.558
above_good,148,50,,-1,0.5545
above_good,148,55,,-1,0.5398
above_good,148,60,,-1,0.5284
above_good,148,65,,-1,0.524
above_good,148,70,,-1,0.5172
above_good,148,75,,-1,0.5154
above_good,148,80,,-1,0.512
above_good,148,85,,-1,0.5088
above_good,148,90,,-1,0.4931
above_good,148,95,,-1,0.4748
above_good,148,100,,-1,0.4691
above_good,148,105,,-1,0.4882
above_good,148,110,,-1,0.4949
above_good,148,115,,-1,0.5072
above_good,148,120,,-1,0.525
above_good,148,125,,-1,0.5252
above_good,148,130,,-1,0.5127
above_good,148,135,,-1,0.5152
above_good,148,140,,-1,0.5172
above_good,148,145,,-1,0.5142
above_good,148,150,,-1,0.5103
above_good,148,155,,-1,0.5062
above_good,148,160,,-1,0.502
above_good,148,165,,-1,0.4971
above_good,148,170,,-1,0.4934
above_good,148,175,,-1,0.5023
above_good,148,180,,-1,0.5123
above_good,148,185,,-1,0.512
above_good,148,190,,-1,0.5215
above_good,148,195,,-1,0.5283
above_good,148,200,,-1,0.5174
above_good,148,205,,-1,0.5063
above_good,148,210,,-1,0.4893
above_good,148,215,,-1,0.4687
above_good,148,220,,-1,0.4395
above_good,148,225,,-1,0.4366
above_good,148,230,,-1,0.4272
above_good,148,235,,-1,0.4323
above_good,148,240,,-1,0.4407
above_good,148,245,,-1,0.4606
above_good,148,250,,-1,0.4613
above_good,148,255,,-1,0.4631
above_good,148,260,,-1,0.4697
above_good,148,265,,-1,0.4646
above_good,148,270,,-1,0.4643
above_good,148,275,,-1,0.4661
above_good,148,280,,-1,0.4689
above_good,148,285,,-1,0.4707
above_good,148,290,,-1,0.4701
above_good,148,295,,-1,0.4626
above_good,148,300,,-1,0.4275
above_good,148,305,,-1,0.4178
above_good,148,310,,-1,0.398
above_good,148,315,,-1,0.3781
above_good,148,320,,-1,0.3458
above_good,148,325,,-1,0.3328
above_good,148,330,,-1,0.3236
above_good,148,335,,-1,0.2936
above_good,148,340,,-1,0.2821
above_good,148,345,,-1,0.2706
above_good,148,350,,-1,0.2655
above_good,148,355,,-1,0.2338
above_good,148,360,,-1,0.234
above_good,148,365,,-1,0.2336
above_good,148,370,,-1,0.2474
above_good,148,375,,-1,0.2582
above_good,148,380,,-1,0.2628
above_good,148,385,,-1,0.2888
above_good,148,390,,-1,0.3115
above_good,148,395,,-1,0.3102
above_good,148,400,,-1,0.3182
above_good,148,405,,-1,0.3453
above_good,148,410,,-1,0.3328
above_good,148,415,,-1,0.3038
above_good,148,420,,-1,0.2992
above_good,148,425,,-1,0.2987
above_good,148,430,,-1,0.2797
above_good,148,435,,-1,0.2728
above_good,148,440,,-1,0.2832
above_good,148,445,,-1,0.2693
above_good,148,450,,-1,0.2424
above_good,148,455,,-1,0.2191
above_good,148,460,,-1,0.2137
above_good,148,465,,-1,0.1893
above_good,148,470,,-1,0.2001
above_good,148,475,,-1,0.2208
above_good,148,480,,-1,0.2266
above_good,148,485,,-1,0.2316
above_good,148,490,,-1,0.2549
above_good,148,495,,-1,0.264
above_good,148,500,,-1,0.2624
above_good,148,505,,-1,0.2752
above_good,148,510,,-1,0.2832
above_good,148,515,,-1,0.2633
above_good,148,520,,-1,0.2423
above_good,148,525,,-1,0.2246
above_good,148,530,,-1,0.2076
above_good,148,535,,-1,0.2042
above_good,148,540,,-1,0.2364
above_good,148,545,,-1,0.2751
above_good,148,550,,-1,0.2896
above_good,148,555,,-1,0.2799
above_good,148,560,,-1,0.2563
above_good,148,565,,-1,0.217
above_good,148,570,,-1,0.1818
above_good,148,575,,-1,0.1876
above_good,148,580,,-1,0.2233
above_good,148,585,,-1,0.2322
above_good,148,590,,-1,0.2392
above_good,148,595,,-1,0.2765
above_good,148,600,,-1,0.2623
above_good,148,605,,-1,0.2564
above_good,148,610,,-1,0.2961
above_good,148,615,,-1,0.3145
above_good,148,620,,-1,0.2925
above_good,148,625,,-1,0.3314
above_good,148,630,,-1,0.3538
above_good,148,635,,-1,0.3349
above_good,148,640,,-1,0.3571
above_good,148,645,,-1,0.3811
above_good,148,650,,-1,0.3659
above_good,148,655,,-1,0.3577
above_good,148,660,,-1,0.3745
above_good,148,665,,-1,0.3742
above_good,148,670,,-1,0.3723
above_good,149,0,,1,0.5269
above_good,149,5,,1,0.526
above_good,149,10,,1,0.5231
above_good,149,15,,1,0.5245
above_good,149,20,,1,0.5214
above_good,149,25,,1,0.5302
above_good,149,30,,1,0.5435
above_good,149,35,,1,0.5495
above_good,149,40,,1,0.5555
above_good,149,45,,1,0.5609
above_good,149,50,,1,0.5506
above_good,149,55,,1,0.5352
above_good,149,60,,1,0.5277
above_good,149,65,,1,0.5287
above_good,149,70,,1,0.5187
above_good,149,75,,1,0.5243
above_good,149,80,,1,0.5353
above_good,149,85,,1,0.5438
above_good,149,90,,1,0.5324
above_good,149,95,,1,0.5352
above_good,149,100,,1,0.5276
above_good,149,105,,1,0.5105
above_good,149,110,,1,0.4912
above_good,149,115,,1,0.4844
above_good,149,120,,1,0.4766
above_good,149,125,,1,0.4772
above_good,149,130,,1,0.4784
above_good,149,135,,1,0.4937
above_good,149,140,,1,0.5009
above_good,149,145,,1,0.5041
above_good,149,150,,1,0.5116
above_good,149,155,,1,0.5122
above_good,149,160,,1,0.502
above_good,149,165,,1,0.4978
above_good,149,170,,1,0.4966
above_good,149,175,,1,0.4885
above_good,149,180,,1,0.4852
above_good,149,185,,1,0.4921
above_good,149,190,,1,0.4996
above_good,149,195,,1,0.501
above_good,149,200,,1,0.4979
above_good,149,205,,1,0.4991
above_good,149,210,,1,0.4971
above_good,149,215,,1,0.4991
above_good,149,220,,1,0.5048
above_good,149,225,,1,0.5134
above_good,149,230,,1,0.5245
above_good,149,235,,1,0.5169
above_good,149,240,,1,0.5117
above_good,149,245,,1,0.504
above_good,149,250,,1,0.4971
above_good,149,255,,1,0.491
above_good,149,260,,1,0.4999
above_good,149,265,,1,0.4974
above_good,149,270,,1,0.4974
above_good,149,275,,1,0.5043
above_good,149,280,,1,0.4911
above_good,149,285,,1,0.4897
above_good,149,290,,1,0.4915
above_good,149,295,,1,0.4978
above_good,149,300,,1,0.4962
above_good,149,305,,1,0.5089
above_good,149,310,,1,0.5215
above_good,149,315,,1,0.5245
above_good,149,320,,1,0.5275
above_good,149,325,,1,0.5401
above_good,149,330,,1,0.5528
above_good,149,335,,1,0.5486
above_good,149,340,,1,0.5619
above_good,149,345,,1,0.5631
above_good,149,350,,1,0.5464
above_good,149,355,,1,0.5468
above_good,149,360,,1,0.5451
above_good,149,365,,1,0.535
above_good,149,370,,1,0.5351
above_good,149,375,,1,0.5403
above_good,149,380,,1,0.5394
above_good,149,385,,1,0.5408
above_good,149,390,,1,0.5415
below_good,0,0,-338,1,0.4834
below_good,0,5,-333,1,0.485
below_good,0,10,-328,1,0.4941
below_good,0,15,-323,1,0.4986
below_good,0,20,-318,1,0.5022
below_good,0,25,-313,1,0.5123
below_good,0,30,-308,1,0.5218
below_good,0,35,-303,1,0.5339
below_good,0,40,-298,1,0.5418
below_good,0,45,-293,1,0.5496
below_good,0,50,-288,1,0.5651
below_good,0,55,-283,1,0.5714
below_good,0,60,-278,1,0.5702
below_good,0,65,-273,1,0.5613
below_good,0,70,-268,1,0.5495
below_good,0,75,-263,1,0.5513
below_good,0,80,-258,1,0.5429
below_good,0,85,-253,1,0.5414
below_good,0,90,-248,1,0.5415
below_good,0,95,-243,1,0.5495
below_good,0,100,-238,1,0.5436
below_good,0,105,-233,1,0.5453
below_good,0,110,-228,1,0.5406
below_good,0,115,-223,1,0.5481
below_good,0,120,-218,1,0.5524
below_good,0,125,-213,1,0.5592
below_good,0,130,-208,1,0.5586
below_good,0,135,-203,1,0.5512
below_good,0,140,-198,1,0.551
below_good,0,145,-193,1,0.5442
below_good,0,150,-188,1,0.5426
below_good,0,155,-183,1,0.5427
below_good,0,160,-178,1,0.5522
below_good,0,165,-173,1,0.5539
below_good,0,170,-168,1,0.5528
below_good,0,175,-163,1,0.5476
below_good,0,180,-158,1,0.5476
below_good,0,185,-153,1,0.5384
below_good,0,190,-148,1,0.5339
below_good,0,195,-143,1,0.5429
below_good,0,200,-138,1,0.5418
below_good,0,205,-133,1,0.5377
below_good,0,210,-128,1,0.5416
below_good,0,215,-123,1,0.5253
below_good,0,220,-118,1,0.5093
below_good,0,225,-113,1,0.507
below_good,0,230,-108,1,0.5057
below_good,0,235,-103,1,0.499
below_good,0,240,-98,1,0.509
below_good,0,245,-93,1,0.52
below_good,0,250,-88,1,0.5235
below_good,0,255,-83,1,0.5291
below_good,0,260,-78,1,0.5395
below_good,0,265,-73,1,0.5511
below_good,0,270,-68,1,0.559
below_good,0,275,-63,1,0.5678
below_good,0,280,-58,1,0.566
below_good,0,285,-53,1,0.5738
below_good,0,290,-48,1,0.5741
below_good,0,295,-43,1,0.5659
below_good,0,300,-38,1,0.5627
below_good,0,305,-33,1,0.5735
below_good,0,310,-28,1,0.5696
below_good,0,315,-23,1,0.5796
below_good,0,320,-18,1,0.588
below_good,0,325,-13,1,0.5981
below_good,0,330,-8,1,0.5996
below_good,0,335,-3,1,0.6069
below_good,0,340,2,1,0.5978
below_good,2,0,-428,-1,0.5384
below_good,2,5,-423,-1,0.5334
below_good,2,10,-418,-1,0.5337
below_good,2,15,-413,-1,0.5379
below_good,2,20,-408,-1,0.5358
below_good,2,25,-403,-1,0.5481
below_good,2,30,-398,-1,0.5528
below_good,2,35,-393,-1,0.5592
below_good,2,40,-388,-1,0.5592
below_good,2,45,-383,-1,0.5628
below_good,2,50,-378,-1,0.5605
below_good,2,55,-373,-1,0.5581
below_good,2,60,-368,-1,0.5537
below_good,2,65,-363,-1,0.5476
below_good,2,70,-358,-1,0.5483
below_good,2,75,-353,-1,0.5418
below_good,2,80,-348,-1,0.5578
below_good,2,85,-343,-1,0.5635
below_good,2,90,-338,-1,0.5727
below_good,2,95,-333,-1,0.5501
below_good,2,100,-328,-1,0.5481
below_good,2,105,-323,-1,0.5294
below_good,2,110,-318,-1,0.5061
below_good,2,115,-313,-1,0.4847
below_good,2,120,-308,-1,0.4863
below_good,2,125,-303,-1,0.4571
below_good,2,130,-298,-1,0.4351
below_good,2,135,-293,-1,0.441
below_good,2,140,-288,-1,0.4537
below_good,2,145,-283,-1,0.4675
below_good,2,150,-278,-1,0.4977
below_good,2,155,-273,-1,0.517
below_good,2,160,-268,-1,0.5314
below_good,2,165,-263,-1,0.5391
below_good,2,170,-258,-1,0.5462
below_good,2,175,-253,-1,0.5425
below_good,2,180,-248,-1,0.5495
below_good,2,185,-243,-1,0.5387
below_good,2,190,-238,-1,0.5337
below_good,2,195,-233,-1,0.53
below_good,2,200,-228,-1,0.5332
below_good,2,205,-223,-1,0.5316
below_good,2,210,-218,-1,0.5366
below_good,2,215,-213,-1,0.5275
below_good,2,220,-208,-1,0.5362
below_good,2,225,-203,-1,0.5484
below_good,2,230,-198,-1,0.5522
below_good,2,235,-193,-1,0.5522
below_good,2,240,-188,-1,0.5571
below_good,2,245,-183,-1,0.5379
below_good,2,250,-178,-1,0.5035
below_good,2,255,-173,-1,0.4955
below_good,2,260,-168,-1,0.4939
below_good,2,265,-163,-1,0.4867
below_good,2,270,-158,-1,0.4928
below_good,2,275,-153,-1,0.5113
below_good,2,280,-148,-1,0.5153
below_good,2,285,-143,-1,0.504
below_good,2,290,-138,-1,0.4915
below_good,2,295,-133,-1,0.4723
below_good,2,300,-128,-1,0.4574
below_good,2,305,-123,-1,0.4473
below_good,2,310,-118,-1,0.4398
below_good,2,315,-113,-1,0.4536
below_good,2,320,-108,-1,0.4681
below_good,2,325,-103,-1,0.4844
below_good,2,330,-98,-1,0.4815
below_good,2,335,-93,-1,0.4876
below_good,2,340,-88,-1,0.4637
below_good,2,345,-83,-1,0.4316
below_good,2,350,-78,-1,0.3876
below_good,2,355,-73,-1,0.3705
below_good,2,360,-68,-1,0.3584
below_good,2,365,-63,-1,0.3477
below_good,2,370,-58,-1,0.3686
below_good,2,375,-53,-1,0.4003
below_good,2,380,-48,-1,0.4265
below_good,2,385,-43,-1,0.4329
below_good,2,390,-38,-1,0.4522
below_good,2,395,-33,-1,0.4703
below_good,2,400,-28,-1,0.4792
below_good,2,405,-23,-1,0.4754
below_good,2,410,-18,-1,0.478
below_good,2,415,-13,-1,0.5067
below_good,2,420,-8,-1,0.5065
below_good,2,425,-3,-1,0.5131
below_good,2,430,2,-1,0.5178
below_good,2,435,7,-1,0.5338
below_good,2,440,12,-1,0.5202
below_good,2,445,17,-1,0.5192
below_good,2,450,22,-1,0.5184
below_good,2,455,27,-1,0.5059
below_good,2,460,32,-1,0.5022
below_good,2,465,37,-1,0.5095
below_good,2,470,42,-1,0.5049
below_good,2,475,47,-1,0.4934
below_good,4,0,-558,-1,0.5483
below_good,4,5,-553,-1,0.5458
below_good,4,10,-548,-1,0.5529
below_good,4,15,-543,-1,0.557
below_good,4,20,-538,-1,0.5508
below_good,4,25,-533,-1,0.5586
below_good,4,30,-528,-1,0.5583
below_good,4,35,-523,-1,0.5476
below_good,4,40,-518,-1,0.5427
below_good,4,45,-513,-1,0.5464
below_good,4,50,-508,-1,0.5321
below_good,4,55,-503,-1,0.5271
below_good,4,60,-498,-1,0.5321
below_good,4,65,-493,-1,0.5281
below_good,4,70,-488,-1,0.5345
below_good,4,75,-483,-1,0.5524
below_good,4,80,-478,-1,0.5607
below_good,4,85,-473,-1,0.5664
below_good,4,90,-468,-1,0.5764
below_good,4,95,-463,-1,0.576
below_good,4,100,-458,-1,0.5747
below_good,4,105,-453,-1,0.589
below_good,4,110,-448,-1,0.5934
below_good,4,115,-443,-1,0.5838
below_good,4,120,-438,-1,0.5776
below_good,4,125,-433,-1,0.5741
below_good,4,130,-428,-1,0.5545
below_good,4,135,-423,-1,0.5473
below_good,4,140,-418,-1,0.5476
below_good,4,145,-413,-1,0.5446
below_good,4,150,-408,-1,0.5376
below_good,4,155,-403,-1,0.5394
below_good,4,160,-398,-1,0.5365
below_good,4,165,-393,-1,0.5469
below_good,4,170,-388,-1,0.547
below_good,4,175,-383,-1,0.5494
below_good,4,180,-378,-1,0.5509
below_good,4,185,-373,-1,0.5515
below_good,4,190,-368,-1,0.5412
below_good,4,195,-363,-1,0.5483
below_good,4,200,-358,-1,0.5428
below_good,4,205,-353,-1,0.5365
below_good,4,210,-348,-1,0.5307
below_good,4,215,-343,-1,0.5305
below_good,4,220,-338,-1,0.5162
below_good,4,225,-333,-1,0.523
below_good,4,230,-328,-1,0.5214
below_good,4,235,-323,-1,0.5133
below_good,4,240,-318,-1,0.5114
below_good,4,245,-313,-1,0.5108
below_good,4,250,-308,-1,0.5057
below_good,4,255,-303,-1,0.5121
below_good,4,260,-298,-1,0.5176
below_good,4,265,-293,-1,0.5232
below_good,4,270,-288,-1,0.5296
below_good,4,275,-283,-1,0.5285
below_good,4,280,-278,-1,0.5268
below_good,4,285,-273,-1,0.5414
below_good,4,290,-268,-1,0.5426
below_good,4,295,-263,-1,0.5528
below_good,4,300,-258,-1,0.5423
below_good,4,305,-253,-1,0.5122
below_good,4,310,-248,-1,0.4538
below_good,4,315,-243,-1,0.4055
below_good,4,320,-238,-1,0.3236
below_good,4,325,-233,-1,0.2687
below_good,4,330,-228,-1,0.2382
below_good,4,335,-223,-1,0.2112
below_good,4,340,-218,-1,0.1882
below_good,4,345,-213,-1,0.2112
below_good,4,350,-208,-1,0.2076
below_good,4,355,-203,-1,0.1933
below_good,4,360,-198,-1,0.2022
below_good,4,365,-193,-1,0.2139
below_good,4,370,-188,-1,0.2226
below_good,4,375,-183,-1,0.2374
below_good,4,380,-178,-1,0.2658
below_good,4,385,-173,-1,0.2666
below_good,4,390,-168,-1,0.2596
below_good,4,395,-163,-1,0.2513
below_good,4,400,-158,-1,0.2447
below_good,4,405,-153,-1,0.2191
below_good,4,410,-148,-1,0.232
below_good,4,415,-143,-1,0.2441
below_good,4,420,-138,-1,0.2369
below_good,4,425,-133,-1,0.2402
below_good,4,430,-128,-1,0.2519
below_good,4,435,-123,-1,0.2312
below_good,4,440,-118,-1,0.2237
below_good,4,445,-113,-1,0.2174
below_good,4,450,-108,-1,0.2179
below_good,4,455,-103,-1,0.2119
below_good,4,460,-98,-1,0.2091
below_good,4,465,-93,-1,0.1887
below_good,4,470,-88,-1,0.1775
below_good,4,475,-83,-1,0.17
below_good,4,480,-78,-1,0.1629
below_good,4,485,-73,-1,0.1673
below_good,4,490,-68,-1,0.1662
below_good,4,495,-63,-1,0.1706
below_good,4,500,-58,-1,0.1797
below_good,4,505,-53,-1,0.1797
below_good,4,510,-48,-1,0.1879
below_good,4,515,-43,-1,0.2136
below_good,4,520,-38,-1,0.2252
below_good,4,525,-33,-1,0.2317
below_good,4,530,-28,-1,0.2309
below_good,4,535,-23,-1,0.2336
below_good,4,540,-18,-1,0.2222
below_good,4,545,-13,-1,0.2646
below_good,4,550,-8,-1,0.2859
below_good,4,555,-3,-1,0.3313
below_good,4,560,2,-1,0.366
below_good,4,565,7,-1,0.3887
below_good,4,570,12,-1,0.383
below_good,4,575,17,-1,0.3844
below_good,4,580,22,-1,0.3891
below_good,4,585,27,-1,0.3796
below_good,4,590,32,-1,0.3859
below_good,4,595,37,-1,0.3849
below_good,4,600,42,-1,0.3959
below_good,4,605,47,-1,0.4003
below_good,4,610,52,-1,0.4143
below_good,5,0,-326,-1,0.5351
below_good,5,5,-321,-1,0.5394
below_good,5,10,-316,-1,0.5365
below_good,5,15,-311,-1,0.5402
below_good,5,20,-306,-1,0.5391
below_good,5,25,-301,-1,0.5446
below_good,5,30,-296,-1,0.5447
below_good,5,35,-291,-1,0.5492
below_good,5,40,-286,-1,0.5406
below_good,5,45,-281,-1,0.5449
below_good,5,50,-276,-1,0.5414
below_good,5,55,-271,-1,0.545
below_good,5,60,-266,-1,0.5442
below_good,5,65,-261,-1,0.5531
below_good,5,70,-256,-1,0.5523
below_good,5,75,-251,-1,0.5527
below_good,5,80,-246,-1,0.5421
below_good,5,85,-241,-1,0.5347
below_good,5,90,-236,-1,0.5351
below_good,5,95,-231,-1,0.5412
below_good,5,100,-226,-1,0.5582
below_good,5,105,-221,-1,0.5476
below_good,5,110,-216,-1,0.5554
below_good,5,115,-211,-1,0.5571
below_good,5,120,-206,-1,0.5499
below_good,5,125,-201,-1,0.5322
below_good,5,130,-196,-1,0.5415
below_good,5,135,-191,-1,0.5345
below_good,5,140,-186,-1,0.5321
below_good,5,145,-181,-1,0.5307
below_good,5,150,-176,-1,0.5326
below_good,5,155,-171,-1,0.5413
below_good,5,160,-166,-1,0.5471
below_good,5,165,-161,-1,0.5496
below_good,5,170,-156,-1,0.5478
below_good,5,175,-151,-1,0.5575
below_good,5,180,-146,-1,0.5542
below_good,5,185,-141,-1,0.5599
below_good,5,190,-136,-1,0.5529
below_good,5,195,-131,-1,0.5535
below_good,5,200,-126,-1,0.5455
below_good,5,205,-121,-1,0.5438
below_good,5,210,-116,-1,0.5325
below_good,5,215,-111,-1,0.5359
below_good,5,220,-106,-1,0.5355
below_good,5,225,-101,-1,0.5282
below_good,5,230,-96,-1,0.5327
below_good,5,235,-91,-1,0.5356
below_good,5,240,-86,-1,0.5295
below_good,5,245,-81,-1,0.5256
below_good,5,250,-76,-1,0.5384
below_good,5,255,-71,-1,0.5395
below_good,5,260,-66,-1,0.5371
below_good,5,265,-61,-1,0.546
below_good,5,270,-56,-1,0.5646
below_good,5,275,-51,-1,0.5637
below_good,5,280,-46,-1,0.5661
below_good,5,285,-41,-1,0.5808
below_good,5,290,-36,-1,0.5791
below_good,5,295,-31,-1,0.5729
below_good,5,300,-26,-1,0.5726
below_good,5,305,-21,-1,0.5715
below_good,5,310,-16,-1,0.5736
below_good,5,315,-11,-1,0.5838
below_good,5,320,-6,-1,0.5918
below_good,5,325,-1,-1,0.5977
below_good,5,330,4,-1,0.6096
below_good,6,0,-423,-1,0.5409
below_good,6,5,-418,-1,0.5398
below_good,6,10,-413,-1,0.5378
below_good,6,15,-408,-1,0.5429
below_good,6,20,-403,-1,0.5459
below_good,6,25,-398,-1,0.5497
below_good,6,30,-393,-1,0.5545
below_good,6,35,-388,-1,0.5547
below_good,6,40,-383,-1,0.5602
below_good,6,45,-378,-1,0.5606
below_good,6,50,-373,-1,0.5563
below_good,6,55,-368,-1,0.5538
below_good,6,60,-363,-1,0.5559
below_good,6,65,-358,-1,0.5461
below_good,6,70,-353,-1,0.5374
below_good,6,75,-348,-1,0.5452
below_good,6,80,-343,-1,0.5477
below_good,6,85,-338,-1,0.5435
below_good,6,90,-333,-1,0.5387
below_good,6,95,-328,-1,0.5525
below_good,6,100,-323,-1,0.5511
below_good,6,105,-318,-1,0.55
below_good,6,110,-313,-1,0.5583
below_good,6,115,-308,-1,0.5538
below_good,6,120,-303,-1,0.5347
below_good,6,125,-298,-1,0.5316
below_good,6,130,-293,-1,0.5217
below_good,6,135,-288,-1,0.5181
below_good,6,140,-283,-1,0.5114
below_good,6,145,-278,-1,0.5138
below_good,6,150,-273,-1,0.5133
below_good,6,155,-268,-1,0.5264
below_good,6,160,-263,-1,0.5207
below_good,6,165,-258,-1,0.5442
below_good,6,170,-253,-1,0.5617
below_good,6,175,-248,-1,0.5515
below_good,6,180,-243,-1,0.5293
below_good,6,185,-238,-1,0.524
below_good,6,190,-233,-1,0.5028
below_good,6,195,-228,-1,0.4808
below_good,6,200,-223,-1,0.4785
below_good,6,205,-218,-1,0.488
below_good,6,210,-213,-1,0.4871
below_good,6,215,-208,-1,0.4965
below_good,6,220,-203,-1,0.4963
below_good,6,225,-198,-1,0.5153
below_good,6,230,-193,-1,0.5307
below_good,6,235,-188,-1,0.5419
below_good,6,240,-183,-1,0.5358
below_good,6,245,-178,-1,0.5412
below_good,6,250,-173,-1,0.5342
below_good,6,255,-168,-1,0.523
below_good,6,260,-163,-1,0.5165
below_good,6,265,-158,-1,0.5274
below_good,6,270,-153,-1,0.5373
below_good,6,275,-148,-1,0.538
below_good,6,280,-143,-1,0.5394
below_good,6,285,-138,-1,0.5445
below_good,6,290,-133,-1,0.5493
below_good,6,295,-128,-1,0.5426
below_good,6,300,-123,-1,0.543
below_good,6,305,-118,-1,0.5325
below_good,6,310,-113,-1,0.5267
below_good,6,315,-108,-1,0.515
below_good,6,320,-103,-1,0.506
below_good,6,325,-98,-1,0.4944
below_good,6,330,-93,-1,0.505
below_good,6,335,-88,-1,0.5063
below_good,6,340,-83,-1,0.512
below_good,6,345,-78,-1,0.5282
below_good,6,350,-73,-1,0.5418
below_good,6,355,-68,-1,0.5448
below_good,6,360,-63,-1,0.5534
below_good,6,365,-58,-1,0.5497
below_good,6,370,-53,-1,0.5444
below_good,6,375,-48,-1,0.5388
below_good,6,380,-43,-1,0.5297
below_good,6,385,-38,-1,0.5344
below_good,6,390,-33,-1,0.5388
below_good,6,395,-28,-1,0.54
below_good,6,400,-23,-1,0.5536
below_good,6,405,-18,-1,0.5662
below_good,6,410,-13,-1,0.5673
below_good,6,415,-8,-1,0.5752
below_good,6,420,-3,-1,0.5826
below_good,6,425,2,-1,0.579
below_good,7,0,,-1,0.5378
below_good,7,5,,-1,0.5315
below_good,7,10,,-1,0.5322
below_good,7,15,,-1,0.538
below_good,7,20,,-1,0.538
below_good,7,25,,-1,0.5397
below_good,7,30,,-1,0.5432
below_good,7,35,,-1,0.5341
below_good,7,40,,-1,0.5205
below_good,7,45,,-1,0.5124
below_good,7,50,,-1,0.5045
below_good,7,55,,-1,0.5056
below_good,7,60,,-1,0.5113
below_good,7,65,,-1,0.5228
below_good,7,70,,-1,0.5328
below_good,7,75,,-1,0.5444
below_good,7,80,,-1,0.5467
below_good,7,85,,-1,0.5563
below_good,7,90,,-1,0.5594
below_good,7,95,,-1,0.5617
below_good,7,100,,-1,0.5669
below_good,7,105,,-1,0.5829
below_good,7,110,,-1,0.5955
below_good,7,115,,-1,0.5901
below_good,7,120,,-1,0.5926
below_good,7,125,,-1,0.5815
below_good,7,130,,-1,0.5662
below_good,7,135,,-1,0.5529
below_good,7,140,,-1,0.545
below_good,7,145,,-1,0.5288
below_good,7,150,,-1,0.5305
below_good,7,155,,-1,0.5211
below_good,7,160,,-1,0.5128
below_good,7,165,,-1,0.5103
below_good,7,170,,-1,0.518
below_good,7,175,,-1,0.5244
below_good,7,180,,-1,0.5287
below_good,7,185,,-1,0.5217
below_good,7,190,,-1,0.5212
below_good,7,195,,-1,0.5187
below_good,7,200,,-1,0.5034
below_good,7,205,,-1,0.4965
below_good,7,210,,-1,0.4947
below_good,7,215,,-1,0.505
below_good,7,220,,-1,0.4928
below_good,7,225,,-1,0.4886
below_good,7,230,,-1,0.4991
below_good,7,235,,-1,0.5109
below_good,7,240,,-1,0.5113
below_good,7,245,,-1,0.5207
below_good,7,250,,-1,0.529
below_good,7,255,,-1,0.5287
below_good,7,260,,-1,0.5263
below_good,7,265,,-1,0.5212
below_good,7,270,,-1,0.5236
below_good,7,275,,-1,0.5267
below_good,7,280,,-1,0.5126
below_good,7,285,,-1,0.5085
below_good,7,290,,-1,0.4979
below_good,7,295,,-1,0.4948
below_good,7,300,,-1,0.4842
below_good,7,305,,-1,0.4827
below_good,7,310,,-1,0.4833
below_good,7,315,,-1,0.4983
below_good,7,320,,-1,0.5011
below_good,7,325,,-1,0.5127
below_good,7,330,,-1,0.5273
below_good,7,335,,-1,0.525
below_good,7,340,,-1,0.5056
below_good,7,345,,-1,0.488
below_good,7,350,,-1,0.4791
below_good,7,355,,-1,0.4652
below_good,7,360,,-1,0.4655
below_good,7,365,,-1,0.4829
below_good,7,370,,-1,0.4952
below_good,7,375,,-1,0.5049
below_good,7,380,,-1,0.5087
below_good,7,385,,-1,0.5128
below_good,7,390,,-1,0.516
below_good,7,395,,-1,0.523
below_good,7,400,,-1,0.5187
below_good,10,0,-446,-1,0.5415
below_good,10,5,-441,-1,0.5393
below_good,10,10,-436,-1,0.5414
below_good,10,15,-431,-1,0.5375
below_good,10,20,-426,-1,0.5343
below_good,10,25,-421,-1,0.5357
below_good,10,30,-416,-1,0.5484
below_good,10,35,-411,-1,0.5605
below_good,10,40,-406,-1,0.5613
below_good,10,45,-401,-1,0.565
below_good,10,50,-396,-1,0.5653
below_good,10,55,-391,-1,0.5581
below_good,10,60,-386,-1,0.5431
below_good,10,65,-381,-1,0.5456
below_good,10,70,-376,-1,0.5423
below_good,10,75,-371,-1,0.5492
below_good,10,80,-366,-1,0.5514
below_good,10,85,-361,-1,0.5542
below_good,10,90,-356,-1,0.5568
below_good,10,95,-351,-1,0.5678
below_good,10,100,-346,-1,0.5531
below_good,10,105,-341,-1,0.547
below_good,10,110,-336,-1,0.547
below_good,10,115,-331,-1,0.5431
below_good,10,120,-326,-1,0.5199
below_good,10,125,-321,-1,0.5239
below_good,10,130,-316,-1,0.5135
below_good,10,135,-311,-1,0.4988
below_good,10,140,-306,-1,0.4744
below_good,10,145,-301,-1,0.474
below_good,10,150,-296,-1,0.4627
below_good,10,155,-291,-1,0.4532
below_good,10,160,-286,-1,0.4532
below_good,10,165,-281,-1,0.463
below_good,10,170,-276,-1,0.4575
below_good,10,175,-271,-1,0.4617
below_good,10,180,-266,-1,0.4817
below_good,10,185,-261,-1,0.4841
below_good,10,190,-256,-1,0.4936
below_good,10,195,-251,-1,0.5022
below_good,10,200,-246,-1,0.5048
below_good,10,205,-241,-1,0.5143
below_good,10,210,-236,-1,0.5319
below_good,10,215,-231,-1,0.5334
below_good,10,220,-226,-1,0.5413
below_good,10,225,-221,-1,0.5464
below_good,10,230,-216,-1,0.5343
below_good,10,235,-211,-1,0.5195
below_good,10,240,-206,-1,0.519
below_good,10,245,-201,-1,0.5167
below_good,10,250,-196,-1,0.5127
below_good,10,255,-191,-1,0.4816
below_good,10,260,-186,-1,0.4488
below_good,10,265,-181,-1,0.404
below_good,10,270,-176,-1,0.3548
below_good,10,275,-171,-1,0.3227
below_good,10,280,-166,-1,0.3091
below_good,10,285,-161,-1,0.3194
below_good,10,290,-156,-1,0.3077
below_good,10,295,-151,-1,0.2977
below_good,10,300,-146,-1,0.2789
below_good,10,305,-141,-1,0.2729
below_good,10,310,-136,-1,0.2524
below_good,10,315,-131,-1,0.2708
below_good,10,320,-126,-1,0.2876
below_good,10,325,-121,-1,0.3016
below_good,10,330,-116,-1,0.3047
below_good,10,335,-111,-1,0.3112
below_good,10,340,-106,-1,0.2949
below_good,10,345,-101,-1,0.2725
below_good,10,350,-96,-1,0.2527
below_good,10,355,-91,-1,0.2399
below_good,10,360,-86,-1,0.2248
below_good,10,365,-81,-1,0.2361
below_good,10,370,-76,-1,0.2537
below_good,10,375,-71,-1,0.2681
below_good,10,380,-66,-1,0.3
below_good,10,385,-61,-1,0.345
below_good,10,390,-56,-1,0.3519
below_good,10,395,-51,-1,0.381
below_good,10,400,-46,-1,0.4111
below_good,10,405,-41,-1,0.4113
below_good,10,410,-36,-1,0.3893
below_good,10,415,-31,-1,0.3999
below_good,10,420,-26,-1,0.3922
below_good,10,425,-21,-1,0.3698
below_good,10,430,-16,-1,0.373
below_good,10,435,-11,-1,0.4133
below_good,10,440,-6,-1,0.4201
below_good,10,445,-1,-1,0.4317
below_good,11,0,,-1,0.5084
below_good,11,5,,-1,0.5181
below_good,11,10,,-1,0.522
below_good,11,15,,-1,0.5293
below_good,11,20,,-1,0.5275
below_good,11,25,,-1,0.518
below_good,11,30,,-1,0.5168
below_good,11,35,,-1,0.5204
below_good,11,40,,-1,0.518
below_good,11,45,,-1,0.5184
below_good,11,50,,-1,0.5298
below_good,11,55,,-1,0.5233
below_good,11,60,,-1,0.5069
below_good,11,65,,-1,0.5044
below_good,11,70,,-1,0.5091
below_good,11,75,,-1,0.5235
below_good,11,80,,-1,0.5329
below_good,11,85,,-1,0.5524
below_good,11,90,,-1,0.5543
below_good,11,95,,-1,0.5571
below_good,11,100,,-1,0.5521
below_good,11,105,,-1,0.5448
below_good,11,110,,-1,0.545
below_good,11,115,,-1,0.5407
below_good,11,120,,-1,0.5253
below_good,11,125,,-1,0.493
below_good,11,130,,-1,0.469
below_good,11,135,,-1,0.4442
below_good,11,140,,-1,0.4285
below_good,11,145,,-1,0.4289
below_good,11,150,,-1,0.4396
below_good,11,155,,-1,0.4489
below_good,11,160,,-1,0.459
below_good,11,165,,-1,0.4812
below_good,11,170,,-1,0.4846
below_good,11,175,,-1,0.4972
below_good,11,180,,-1,0.508
below_good,11,185,,-1,0.5047
below_good,11,190,,-1,0.4947
below_good,11,195,,-1,0.4931
below_good,11,200,,-1,0.4864
below_good,11,205,,-1,0.494
below_good,11,210,,-1,0.501
below_good,11,215,,-1,0.4992
below_good,11,220,,-1,0.501
below_good,11,225,,-1,0.5133
below_good,11,230,,-1,0.5042
below_good,11,235,,-1,0.4888
below_good,11,240,,-1,0.4737
below_good,11,245,,-1,0.4853
below_good,11,250,,-1,0.4809
below_good,11,255,,-1,0.4825
below_good,11,260,,-1,0.4891
below_good,11,265,,-1,0.5138
below_good,11,270,,-1,0.5097
below_good,11,275,,-1,0.5121
below_good,11,280,,-1,0.5229
below_good,11,285,,-1,0.5253
below_good,11,290,,-1,0.5157
below_good,11,295,,-1,0.5099
below_good,11,300,,-1,0.5062
below_good,11,305,,-1,0.5006
below_good,11,310,,-1,0.5087
below_good,11,315,,-1,0.5091
below_good,11,320,,-1,0.5093
below_good,11,325,,-1,0.5077
below_good,11,330,,-1,0.5054
below_good,11,335,,-1,0.4996
below_good,11,340,,-1,0.4996
below_good,11,345,,-1,0.5085
below_good,11,350,,-1,0.5199
below_good,11,355,,-1,0.5281
below_good,11,360,,-1,0.5424
below_good,11,365,,-1,0.5359
below_good,11,370,,-1,0.5187
below_good,11,375,,-1,0.4919
below_good,11,380,,-1,0.4595
below_good,11,385,,-1,0.4314
below_good,11,390,,-1,0.4269
below_good,11,395,,-1,0.3864
below_good,11,400,,-1,0.3443
below_good,11,405,,-1,0.3087
below_good,11,410,,-1,0.2988
below_good,11,415,,-1,0.2995
below_good,11,420,,-1,0.2934
below_good,11,425,,-1,0.2951
below_good,11,430,,-1,0.2969
below_good,11,435,,-1,0.2706
below_good,11,440,,-1,0.2297
below_good,11,445,,-1,0.2449
below_good,11,450,,-1,0.2702
below_good,11,455,,-1,0.2895
below_good,11,460,,-1,0.2879
below_good,11,465,,-1,0.2919
below_good,11,470,,-1,0.2877
below_good,11,475,,-1,0.2775
below_good,11,480,,-1,0.2563
below_good,11,485,,-1,0.2537
below_good,11,490,,-1,0.2652
below_good,11,495,,-1,0.2624
below_good,11,500,,-1,0.2634
below_good,11,505,,-1,0.2892
below_good,11,510,,-1,0.3124
below_good,11,515,,-1,0.2994
below_good,11,520,,-1,0.2963
below_good,11,525,,-1,0.2637
below_good,11,530,,-1,0.2269
below_good,11,535,,-1,0.1901
below_good,11,540,,-1,0.1775
below_good,11,545,,-1,0.1795
below_good,11,550,,-1,0.1846
below_good,11,555,,-1,0.1921
below_good,11,560,,-1,0.1993
below_good,11,565,,-1,0.1954
below_good,11,570,,-1,0.1876
below_good,11,575,,-1,0.2034
below_good,11,580,,-1,0.2172
below_good,11,585,,-1,0.2189
below_good,11,590,,-1,0.2296
below_good,11,595,,-1,0.2446
below_good,11,600,,-1,0.2349
below_good,11,605,,-1,0.2279
below_good,11,610,,-1,0.2266
below_good,11,615,,-1,0.2404
below_good,11,620,,-1,0.2225
below_good,11,625,,-1,0.2555
below_good,11,630,,-1,0.2889
below_good,11,635,,-1,0.3337
below_good,11,640,,-1,0.334
below_good,11,645,,-1,0.3299
below_good,11,650,,-1,0.3084
below_good,11,655,,-1,0.257
below_good,11,660,,-1,0.2048
below_good,11,665,,-1,0.1944
below_good,11,670,,-1,0.2281
below_good,11,675,,-1,0.2347
below_good,11,680,,-1,0.2963
below_good,11,685,,-1,0.3573
below_good,11,690,,-1,0.4036
below_good,11,695,,-1,0.4174
below_good,11,700,,-1,0.414
below_good,11,705,,-1,0.3975
below_good,11,710,,-1,0.3747
below_good,11,715,,-1,0.3346
below_good,11,720,,-1,0.3171
below_good,11,725,,-1,0.3508
below_good,11,730,,-1,0.3544
below_good,11,735,,-1,0.3559
below_good,12,0,-319,-1,0.5355
below_good,12,5,-314,-1,0.5325
below_good,12,10,-309,-1,0.5335
below_good,12,15,-304,-1,0.5364
below_good,12,20,-299,-1,0.5428
below_good,12,25,-294,-1,0.5523
below_good,12,30,-289,-1,0.5672
below_good,12,35,-284,-1,0.5674
below_good,12,40,-279,-1,0.5691
below_good,12,45,-274,-1,0.5608
below_good,12,50,-269,-1,0.555
below_good,12,55,-264,-1,0.548
below_good,12,60,-259,-1,0.5497
below_good,12,65,-254,-1,0.5504
below_good,12,70,-249,-1,0.5584
below_good,12,75,-244,-1,0.5561
below_good,12,80,-239,-1,0.552
below_good,12,85,-234,-1,0.5549
below_good,12,90,-229,-1,0.5524
below_good,12,95,-224,-1,0.5369
below_good,12,100,-219,-1,0.5346
below_good,12,105,-214,-1,0.5336
below_good,12,110,-209,-1,0.5356
below_good,12,115,-204,-1,0.5389
below_good,12,120,-199,-1,0.5464
below_good,12,125,-194,-1,0.5409
below_good,12,130,-189,-1,0.5359
below_good,12,135,-184,-1,0.5302
below_good,12,140,-179,-1,0.5332
below_good,12,145,-174,-1,0.5388
below_good,12,150,-169,-1,0.5477
below_good,12,155,-164,-1,0.5573
below_good,12,160,-159,-1,0.5522
below_good,12,165,-154,-1,0.5449
below_good,12,170,-149,-1,0.5453
below_good,12,175,-144,-1,0.5497
below_good,12,180,-139,-1,0.5452
below_good,12,185,-134,-1,0.5463
below_good,12,190,-129,-1,0.5503
below_good,12,195,-124,-1,0.5492
below_good,12,200,-119,-1,0.5382
below_good,12,205,-114,-1,0.5331
below_good,12,210,-109,-1,0.5389
below_good,12,215,-104,-1,0.5309
below_good,12,220,-99,-1,0.518
below_good,12,225,-94,-1,0.517
below_good,12,230,-89,-1,0.5061
below_good,12,235,-84,-1,0.5007
below_good,12,240,-79,-1,0.4942
below_good,12,245,-74,-1,0.5003
below_good,12,250,-69,-1,0.5147
below_good,12,255,-64,-1,0.5297
below_good,12,260,-59,-1,0.5309
below_good,12,265,-54,-1,0.5417
below_good,12,270,-49,-1,0.5442
below_good,12,275,-44,-1,0.5346
below_good,12,280,-39,-1,0.5315
below_good,12,285,-34,-1,0.5323
below_good,12,290,-29,-1,0.5306
below_good,12,295,-24,-1,0.5251
below_good,12,300,-19,-1,0.5273
below_good,12,305,-14,-1,0.5383
below_good,12,310,-9,-1,0.5492
below_good,12,315,-4,-1,0.5586
below_good,12,320,1,-1,0.5729
below_good,12,325,6,-1,0.5841
below_good,13,0,,-1,0.5289
below_good,13,5,,-1,0.5284
below_good,13,10,,-1,0.5199
below_good,13,15,,-1,0.5136
below_good,13,20,,-1,0.517
below_good,13,25,,-1,0.52
below_good,13,30,,-1,0.5096
below_good,13,35,,-1,0.5192
below_good,13,40,,-1,0.5264
below_good,13,45,,-1,0.5348
below_good,13,50,,-1,0.5427
below_good,13,55,,-1,0.5709
below_good,13,60,,-1,0.5842
below_good,13,65,,-1,0.5901
below_good,13,70,,-1,0.5824
below_good,13,75,,-1,0.5799
below_good,13,80,,-1,0.5698
below_good,13,85,,-1,0.5512
below_good,13,90,,-1,0.5363
below_good,13,95,,-1,0.532
below_good,13,100,,-1,0.5355
below_good,13,105,,-1,0.5358
below_good,13,110,,-1,0.5521
below_good,13,115,,-1,0.5745
below_good,13,120,,-1,0.5842
below_good,13,125,,-1,0.5839
below_good,13,130,,-1,0.5981
below_good,13,135,,-1,0.5953
below_good,13,140,,-1,0.5867
below_good,13,145,,-1,0.5844
below_good,13,150,,-1,0.5817
below_good,13,155,,-1,0.5681
below_good,13,160,,-1,0.5693
below_good,13,165,,-1,0.5673
below_good,13,170,,-1,0.5545
below_good,13,175,,-1,0.5465
below_good,13,180,,-1,0.5347
below_good,13,185,,-1,0.5228
below_good,13,190,,-1,0.5252
below_good,13,195,,-1,0.4895
below_good,13,200,,-1,0.4452
below_good,13,205,,-1,0.3898
below_good,13,210,,-1,0.3458
below_good,13,215,,-1,0.2823
below_good,13,220,,-1,0.2625
below_good,13,225,,-1,0.2671
below_good,13,230,,-1,0.2716
below_good,13,235,,-1,0.2474
below_good,13,240,,-1,0.2474
below_good,13,245,,-1,0.2487
below_good,13,250,,-1,0.2373
below_good,13,255,,-1,0.2287
below_good,13,260,,-1,0.2382
below_good,13,265,,-1,0.2415
below_good,13,270,,-1,0.2594
below_good,13,275,,-1,0.2454
below_good,13,280,,-1,0.2476
below_good,13,285,,-1,0.2652
below_good,13,290,,-1,0.294
below_good,13,295,,-1,0.3053
below_good,13,300,,-1,0.3261
below_good,13,305,,-1,0.3713
below_good,13,310,,-1,0.3629
below_good,13,315,,-1,0.3553
below_good,13,320,,-1,0.3557
below_good,13,325,,-1,0.3852
below_good,13,330,,-1,0.3677
below_good,13,335,,-1,0.366
below_good,13,340,,-1,0.3598
below_good,13,345,,-1,0.3516
below_good,13,350,,-1,0.3149
below_good,13,355,,-1,0.3056
below_good,13,360,,-1,0.3003
below_good,13,365,,-1,0.2841
below_good,13,370,,-1,0.2874
below_good,13,375,,-1,0.3364
below_good,13,380,,-1,0.3917
below_good,13,385,,-1,0.4291
below_good,13,390,,-1,0.4883
below_good,15,0,,-1,0.5114
below_good,15,5,,-1,0.5173
below_good,15,10,,-1,0.5278
below_good,15,15,,-1,0.5279
below_good,15,20,,-1,0.5344
below_good,15,25,,-1,0.5349
below_good,15,30,,-1,0.534
below_good,15,35,,-1,0.526
below_good,15,40,,-1,0.5342
below_good,15,45,,-1,0.531
below_good,15,50,,-1,0.5272
below_good,15,55,,-1,0.5274
below_good,15,60,,-1,0.5323
below_good,15,65,,-1,0.5306
below_good,15,70,,-1,0.5357
below_good,15,75,,-1,0.5415
below_good,15,80,,-1,0.5289
below_good,15,85,,-1,0.5288
below_good,15,90,,-1,0.5229
below_good,15,95,,-1,0.5188
below_good,15,100,,-1,0.5202
below_good,15,105,,-1,0.5336
below_good,15,110,,-1,0.5325
below_good,15,115,,-1,0.543
below_good,15,120,,-1,0.5424
below_good,15,125,,-1,0.5418
below_good,15,130,,-1,0.5489
below_good,15,135,,-1,0.5421
below_good,15,140,,-1,0.5332
below_good,15,145,,-1,0.5374
below_good,15,150,,-1,0.5348
below_good,15,155,,-1,0.5243
below_good,15,160,,-1,0.5224
below_good,15,165,,-1,0.5186
below_good,15,170,,-1,0.5112
below_good,15,175,,-1,0.5022
below_good,15,180,,-1,0.4937
below_good,15,185,,-1,0.4696
below_good,15,190,,-1,0.4643
below_good,15,195,,-1,0.4615
below_good,15,200,,-1,0.4735
below_good,15,205,,-1,0.4794
below_good,15,210,,-1,0.49
below_good,15,215,,-1,0.483
below_good,15,220,,-1,0.4653
below_good,15,225,,-1,0.4411
below_good,15,230,,-1,0.4188
below_good,15,235,,-1,0.4282
below_good,15,240,,-1,0.3934
below_good,15,245,,-1,0.3564
below_good,15,250,,-1,0.3179
below_good,15,255,,-1,0.2929
below_good,15,260,,-1,0.2477
below_good,15,265,,-1,0.2732
below_good,15,270,,-1,0.3065
below_good,15,275,,-1,0.3498
below_good,15,280,,-1,0.3638
below_good,15,285,,-1,0.3647
below_good,15,290,,-1,0.3338
below_good,15,295,,-1,0.2983
below_good,15,300,,-1,0.27
below_good,15,305,,-1,0.26
below_good,15,310,,-1,0.2603
below_good,15,315,,-1,0.2429
below_good,15,320,,-1,0.2409
below_good,15,325,,-1,0.2251
below_good,15,330,,-1,0.2171
below_good,15,335,,-1,0.2164
below_good,15,340,,-1,0.2449
below_good,15,345,,-1,0.2604
below_good,15,350,,-1,0.2617
below_good,15,355,,-1,0.2646
below_good,15,360,,-1,0.2659
below_good,15,365,,-1,0.2891
below_good,15,370,,-1,0.2991
below_good,15,375,,-1,0.2948
below_good,15,380,,-1,0.2957
below_good,15,385,,-1,0.2887
below_good,15,390,,-1,0.2544
below_good,15,395,,-1,0.2435
below_good,15,400,,-1,0.2707
below_good,15,405,,-1,0.2717
below_good,15,410,,-1,0.2833
below_good,15,415,,-1,0.3261
below_good,15,420,,-1,0.3526
below_good,15,425,,-1,0.3545
below_good,15,430,,-1,0.3867
below_good,16,0,-507,-1,0.5178
below_good,16,5,-502,-1,0.5201
below_good,16,10,-497,-1,0.5237
below_good,16,15,-492,-1,0.5147
below_good,16,20,-487,-1,0.5063
below_good,16,25,-482,-1,0.4996
below_good,16,30,-477,-1,0.5069
below_good,16,35,-472,-1,0.5068
below_good,16,40,-467,-1,0.5208
below_good,16,45,-462,-1,0.5402
below_good,16,50,-457,-1,0.5522
below_good,16,55,-452,-1,0.5525
below_good,16,60,-447,-1,0.5638
below_good,16,65,-442,-1,0.5523
below_good,16,70,-437,-1,0.5405
below_good,16,75,-432,-1,0.5199
below_good,16,80,-427,-1,0.5066
below_good,16,85,-422,-1,0.5029
below_good,16,90,-417,-1,0.5239
below_good,16,95,-412,-1,0.5414
below_good,16,100,-407,-1,0.5564
below_good,16,105,-402,-1,0.5674
below_good,16,110,-397,-1,0.5631
below_good,16,115,-392,-1,0.5486
below_good,16,120,-387,-1,0.5297
below_good,16,125,-382,-1,0.5141
below_good,16,130,-377,-1,0.501
below_good,16,135,-372,-1,0.486
below_good,16,140,-367,-1,0.4806
below_good,16,145,-362,-1,0.4888
below_good,16,150,-357,-1,0.4998
below_good,16,155,-352,-1,0.5093
below_good,16,160,-347,-1,0.5115
below_good,16,165,-342,-1,0.5068
below_good,16,170,-337,-1,0.509
below_good,16,175,-332,-1,0.5057
below_good,16,180,-327,-1,0.4972
below_good,16,185,-322,-1,0.5017
below_good,16,190,-317,-1,0.5067
below_good,16,195,-312,-1,0.4886
below_good,16,200,-307,-1,0.4837
below_good,16,205,-302,-1,0.4784
below_good,16,210,-297,-1,0.4725
below_good,16,215,-292,-1,0.4737
below_good,16,220,-287,-1,0.4698
below_good,16,225,-282,-1,0.4651
below_good,16,230,-277,-1,0.4611
below_good,16,235,-272,-1,0.4506
below_good,16,240,-267,-1,0.4371
below_good,16,245,-262,-1,0.4335
below_good,16,250,-257,-1,0.4305
below_good,16,255,-252,-1,0.4343
below_good,16,260,-247,-1,0.4365
below_good,16,265,-242,-1,0.4402
below_good,16,270,-237,-1,0.4497
below_good,16,275,-232,-1,0.4706
below_good,16,280,-227,-1,0.4895
below_good,16,285,-222,-1,0.5025
below_good,16,290,-217,-1,0.5094
below_good,16,295,-212,-1,0.5193
below_good,16,300,-207,-1,0.5111
below_good,16,305,-202,-1,0.4977
below_good,16,310,-197,-1,0.5017
below_good,16,315,-192,-1,0.5007
below_good,16,320,-187,-1,0.4963
below_good,16,325,-182,-1,0.4862
below_good,16,330,-177,-1,0.4837
below_good,16,335,-172,-1,0.4758
below_good,16,340,-167,-1,0.4785
below_good,16,345,-162,-1,0.4784
below_good,16,350,-157,-1,0.4815
below_good,16,355,-152,-1,0.493
below_good,16,360,-147,-1,0.4905
below_good,16,365,-142,-1,0.4863
below_good,16,370,-137,-1,0.4922
below_good,16,375,-132,-1,0.4975
below_good,16,380,-127,-1,0.4286
below_good,16,385,-122,-1,0.3855
below_good,16,390,-117,-1,0.3358
below_good,16,395,-112,-1,0.2772
below_good,16,400,-107,-1,0.2249
below_good,16,405,-102,-1,0.2347
below_good,16,410,-97,-1,0.2299
below_good,16,415,-92,-1,0.2535
below_good,16,420,-87,-1,0.2822
below_good,16,425,-82,-1,0.3138
below_good,16,430,-77,-1,0.331
below_good,16,435,-72,-1,0.3326
below_good,16,440,-67,-1,0.3163
below_good,16,445,-62,-1,0.3064
below_good,16,450,-57,-1,0.2819
below_good,16,455,-52,-1,0.2792
below_good,16,460,-47,-1,0.2947
below_good,16,465,-42,-1,0.313
below_good,16,470,-37,-1,0.3158
below_good,16,475,-32,-1,0.3156
below_good,16,480,-27,-1,0.3085
below_good,16,485,-22,-1,0.301
below_good,16,490,-17,-1,0.29
below_good,16,495,-12,-1,0.3186
below_good,16,500,-7,-1,0.3071
below_good,16,505,-2,-1,0.2993
below_good,16,510,3,-1,0.2822
below_good,16,515,8,-1,0.2701
below_good,16,520,13,-1,0.2243
below_good,16,525,18,-1,0.2324
below_good,16,530,23,-1,0.2266
below_good,16,535,28,-1,0.2303
below_good,16,540,33,-1,0.2278
below_good,16,545,38,-1,0.2163
below_good,16,550,43,-1,0.2176
below_good,16,555,48,-1,0.227
below_good,16,560,53,-1,0.2433
below_good,16,565,58,-1,0.261
below_good,16,570,63,-1,0.2945
below_good,16,575,68,-1,0.339
below_good,16,580,73,-1,0.3805
below_good,16,585,78,-1,0.4158
below_good,16,590,83,-1,0.4479
below_good,16,595,88,-1,0.4601
below_good,16,600,93,-1,0.4646
below_good,16,605,98,-1,0.4704
below_good,16,610,103,-1,0.4698
below_good,16,615,108,-1,0.468
below_good,18,0,-304,-1,0.5168
below_good,18,5,-299,-1,0.5226
below_good,18,10,-294,-1,0.5267
below_good,18,15,-289,-1,0.5276
below_good,18,20,-284,-1,0.5347
below_good,18,25,-279,-1,0.5317
below_good,18,30,-274,-1,0.5386
below_good,18,35,-269,-1,0.5348
below_good,18,40,-264,-1,0.5386
below_good,18,45,-259,-1,0.537
below_good,18,50,-254,-1,0.557
below_good,18,55,-249,-1,0.5614
below_good,18,60,-244,-1,0.5723
below_good,18,65,-239,-1,0.5734
below_good,18,70,-234,-1,0.5779
below_good,18,75,-229,-1,0.5731
below_good,18,80,-224,-1,0.5638
below_good,18,85,-219,-1,0.5557
below_good,18,90,-214,-1,0.5567
below_good,18,95,-209,-1,0.5495
below_good,18,100,-204,-1,0.5489
below_good,18,105,-199,-1,0.5428
below_good,18,110,-194,-1,0.5339
below_good,18,115,-189,-1,0.5278
below_good,18,120,-184,-1,0.5269
below_good,18,125,-179,-1,0.518
below_good,18,130,-174,-1,0.5118
below_good,18,135,-169,-1,0.5063
below_good,18,140,-164,-1,0.5006
below_good,18,145,-159,-1,0.4971
below_good,18,150,-154,-1,0.4974
below_good,18,155,-149,-1,0.5165
below_good,18,160,-144,-1,0.5448
below_good,18,165,-139,-1,0.5574
below_good,18,170,-134,-1,0.5668
below_good,18,175,-129,-1,0.5705
below_good,18,180,-124,-1,0.5645
below_good,18,185,-119,-1,0.557
below_good,18,190,-114,-1,0.5653
below_good,18,195,-109,-1,0.5655
below_good,18,200,-104,-1,0.565
below_good,18,205,-99,-1,0.5638
below_good,18,210,-94,-1,0.5589
below_good,18,215,-89,-1,0.5509
below_good,18,220,-84,-1,0.5523
below_good,18,225,-79,-1,0.5541
below_good,18,230,-74,-1,0.5739
below_good,18,235,-69,-1,0.5827
below_good,18,240,-64,-1,0.5811
below_good,18,245,-59,-1,0.5902
below_good,18,250,-54,-1,0.5907
below_good,18,255,-49,-1,0.5779
below_good,18,260,-44,-1,0.5843
below_good,18,265,-39,-1,0.5783
below_good,18,270,-34,-1,0.5664
below_good,18,275,-29,-1,0.5679
below_good,18,280,-24,-1,0.5624
below_good,18,285,-19,-1,0.5661
below_good,18,290,-14,-1,0.582
below_good,18,295,-9,-1,0.5959
below_good,18,300,-4,-1,0.597
below_good,18,305,1,-1,0.5912
below_good,18,310,6,-1,0.5694
below_good,18,315,11,-1,0.5515
below_good,18,320,16,-1,0.5372
below_good,18,325,21,-1,0.5257
below_good,19,0,-347,-1,0.545
below_good,19,5,-342,-1,0.543
below_good,19,10,-337,-1,0.5427
below_good,19,15,-332,-1,0.5506
below_good,19,20,-327,-1,0.5498
below_good,19,25,-322,-1,0.5516
below_good,19,30,-317,-1,0.5553
below_good,19,35,-312,-1,0.5585
below_good,19,40,-307,-1,0.5505
below_good,19,45,-302,-1,0.5471
below_good,19,50,-297,-1,0.5478
below_good,19,55,-292,-1,0.5467
below_good,19,60,-287,-1,0.5473
below_good,19,65,-282,-1,0.5519
below_good,19,70,-277,-1,0.5646
below_good,19,75,-272,-1,0.5718
below_good,19,80,-267,-1,0.5829
below_good,19,85,-262,-1,0.5841
below_good,19,90,-257,-1,0.582
below_good,19,95,-252,-1,0.5677
below_good,19,100,-247,-1,0.5627
below_good,19,105,-242,-1,0.5438
below_good,19,110,-237,-1,0.5354
below_good,19,115,-232,-1,0.5324
below_good,19,120,-227,-1,0.5368
below_good,19,125,-222,-1,0.5218
below_good,19,130,-217,-1,0.5243
below_good,19,135,-212,-1,0.5205
below_good,19,140,-207,-1,0.5106
below_good,19,145,-202,-1,0.5125
below_good,19,150,-197,-1,0.5292
below_good,19,155,-192,-1,0.5306
below_good,19,160,-187,-1,0.5404
below_good,19,165,-182,-1,0.5428
below_good,19,170,-177,-1,0.5331
below_good,19,175,-172,-1,0.5186
below_good,19,180,-167,-1,0.5149
below_good,19,185,-162,-1,0.5168
below_good,19,190,-157,-1,0.5306
below_good,19,195,-152,-1,0.532
below_good,19,200,-147,-1,0.5391
below_good,19,205,-142,-1,0.5515
below_good,19,210,-137,-1,0.5543
below_good,19,215,-132,-1,0.5514
below_good,19,220,-127,-1,0.5669
below_good,19,225,-122,-1,0.583
below_good,19,230,-117,-1,0.5717
below_good,19,235,-112,-1,0.5675
below_good,19,240,-107,-1,0.5652
below_good,19,245,-102,-1,0.5466
below_good,19,250,-97,-1,0.5265
below_good,19,255,-92,-1,0.5253
below_good,19,260,-87,-1,0.5154
below_good,19,265,-82,-1,0.5222
below_good,19,270,-77,-1,0.5239
below_good,19,275,-72,-1,0.5237
below_good,19,280,-67,-1,0.5284
below_good,19,285,-62,-1,0.5383
below_good,19,290,-57,-1,0.5238
below_good,19,295,-52,-1,0.5254
below_good,19,300,-47,-1,0.5312
below_good,19,305,-42,-1,0.5215
below_good,19,310,-37,-1,0.5124
below_good,19,315,-32,-1,0.516
below_good,19,320,-27,-1,0.5192
below_good,19,325,-22,-1,0.5186
below_good,19,330,-17,-1,0.5381
below_good,19,335,-12,-1,0.565
below_good,19,340,-7,-1,0.5797
below_good,19,345,-2,-1,0.5907
below_good,19,350,3,-1,0.611
below_good,20,0,-370,-1,0.5418
below_good,20,5,-365,-1,0.5407
below_good,20,10,-360,-1,0.5381
below_good,20,15,-355,-1,0.5466
below_good,20,20,-350,-1,0.5494
below_good,20,25,-345,-1,0.5639
below_good,20,30,-340,-1,0.5818
below_good,20,35,-335,-1,0.5871
below_good,20,40,-330,-1,0.5856
below_good,20,45,-325,-1,0.5848
below_good,20,50,-320,-1,0.5738
below_good,20,55,-315,-1,0.5588
below_good,20,60,-310,-1,0.5609
below_good,20,65,-305,-1,0.5534
below_good,20,70,-300,-1,0.5586
below_good,20,75,-295,-1,0.5694
below_good,20,80,-290,-1,0.5841
below_good,20,85,-285,-1,0.5899
below_good,20,90,-280,-1,0.6046
below_good,20,95,-275,-1,0.5912
below_good,20,100,-270,-1,0.5766
below_good,20,105,-265,-1,0.5664
below_good,20,110,-260,-1,0.551
below_good,20,115,-255,-1,0.5394
below_good,20,120,-250,-1,0.5373
below_good,20,125,-245,-1,0.5416
below_good,20,130,-240,-1,0.5352
below_good,20,135,-235,-1,0.5448
below_good,20,140,-230,-1,0.543
below_good,20,145,-225,-1,0.5507
below_good,20,150,-220,-1,0.5429
below_good,20,155,-215,-1,0.5475
below_good,20,160,-210,-1,0.5544
below_good,20,165,-205,-1,0.5524
below_good,20,170,-200,-1,0.5592
below_good,20,175,-195,-1,0.5593
below_good,20,180,-190,-1,0.5303
below_good,20,185,-185,-1,0.499
below_good,20,190,-180,-1,0.4806
below_good,20,195,-175,-1,0.4574
below_good,20,200,-170,-1,0.4551
below_good,20,205,-165,-1,0.4702
below_good,20,210,-160,-1,0.4768
below_good,20,215,-155,-1,0.4882
below_good,20,220,-150,-1,0.5048
below_good,20,225,-145,-1,0.5124
below_good,20,230,-140,-1,0.5294
below_good,20,235,-135,-1,0.5397
below_good,20,240,-130,-1,0.5461
below_good,20,245,-125,-1,0.5386
below_good,20,250,-120,-1,0.5358
below_good,20,255,-115,-1,0.5266
below_good,20,260,-110,-1,0.5273
below_good,20,265,-105,-1,0.5301
below_good,20,270,-100,-1,0.5356
below_good,20,275,-95,-1,0.5325
below_good,20,280,-90,-1,0.5219
below_good,20,285,-85,-1,0.5158
below_good,20,290,-80,-1,0.5096
below_good,20,295,-75,-1,0.5093
below_good,20,300,-70,-1,0.5175
below_good,20,305,-65,-1,0.5223
below_good,20,310,-60,-1,0.5288
below_good,20,315,-55,-1,0.5449
below_good,20,320,-50,-1,0.5498
below_good,20,325,-45,-1,0.5499
below_good,20,330,-40,-1,0.5605
below_good,20,335,-35,-1,0.565
below_good,20,340,-30,-1,0.565
below_good,20,345,-25,-1,0.5685
below_good,20,350,-20,-1,0.5723
below_good,20,355,-15,-1,0.5718
below_good,20,360,-10,-1,0.5841
below_good,20,365,-5,-1,0.5811
below_good,20,370,0,-1,0.5832
below_good,22,0,-356,-1,0.5331
below_good,22,5,-351,-1,0.5397
below_good,22,10,-346,-1,0.5384
below_good,22,15,-341,-1,0.5421
below_good,22,20,-336,-1,0.5458
below_good,22,25,-331,-1,0.5455
below_good,22,30,-326,-1,0.5445
below_good,22,35,-321,-1,0.5377
below_good,22,40,-316,-1,0.5247
below_good,22,45,-311,-1,0.5238
below_good,22,50,-306,-1,0.5221
below_good,22,55,-301,-1,0.5243
below_good,22,60,-296,-1,0.5373
below_good,22,65,-291,-1,0.546
below_good,22,70,-286,-1,0.5447
below_good,22,75,-281,-1,0.5456
below_good,22,80,-276,-1,0.5434
below_good,22,85,-271,-1,0.5359
below_good,22,90,-266,-1,0.5174
below_good,22,95,-261,-1,0.509
below_good,22,100,-256,-1,0.5101
below_good,22,105,-251,-1,0.5123
below_good,22,110,-246,-1,0.5124
below_good,22,115,-241,-1,0.526
below_good,22,120,-236,-1,0.5408
below_good,22,125,-231,-1,0.5531
below_good,22,130,-226,-1,0.5521
below_good,22,135,-221,-1,0.5605
below_good,22,140,-216,-1,0.5684
below_good,22,145,-211,-1,0.5776
below_good,22,150,-206,-1,0.5803
below_good,22,155,-201,-1,0.5757
below_good,22,160,-196,-1,0.5699
below_good,22,165,-191,-1,0.5568
below_good,22,170,-186,-1,0.5415
below_good,22,175,-181,-1,0.519
below_good,22,180,-176,-1,0.5201
below_good,22,185,-171,-1,0.5162
below_good,22,190,-166,-1,0.5018
below_good,22,195,-161,-1,0.4845
below_good,22,200,-156,-1,0.4871
below_good,22,205,-151,-1,0.4822
below_good,22,210,-146,-1,0.4706
below_good,22,215,-141,-1,0.4874
below_good,22,220,-136,-1,0.4868
below_good,22,225,-131,-1,0.4833
below_good,22,230,-126,-1,0.483
below_good,22,235,-121,-1,0.4918
below_good,22,240,-116,-1,0.4902
below_good,22,245,-111,-1,0.4931
below_good,22,250,-106,-1,0.4833
below_good,22,255,-101,-1,0.4761
below_good,22,260,-96,-1,0.4707
below_good,22,265,-91,-1,0.4699
below_good,22,270,-86,-1,0.4732
below_good,22,275,-81,-1,0.4818
below_good,22,280,-76,-1,0.4867
below_good,22,285,-71,-1,0.484
below_good,22,290,-66,-1,0.4902
below_good,22,295,-61,-1,0.5015
below_good,22,300,-56,-1,0.5195
below_good,22,305,-51,-1,0.5292
below_good,22,310,-46,-1,0.5433
below_good,22,315,-41,-1,0.5535
below_good,22,320,-36,-1,0.5506
below_good,22,325,-31,-1,0.5341
below_good,22,330,-26,-1,0.5267
below_good,22,335,-21,-1,0.5234
below_good,22,340,-16,-1,0.5236
below_good,22,345,-11,-1,0.5448
below_good,22,350,-6,-1,0.5624
below_good,22,355,-1,-1,0.5603
below_good,22,360,4,-1,0.5753
below_good,22,365,9,-1,0.5625
below_good,22,370,14,-1,0.5405
below_good,22,375,19,-1,0.5258
below_good,22,380,24,-1,0.5274
below_good,22,385,29,-1,0.5133
below_good,22,390,34,-1,0.5184
below_good,22,395,39,-1,0.5262
below_good,22,400,44,-1,0.5367
below_good,22,405,49,-1,0.5442
below_good,23,0,-390,-1,0.538
below_good,23,5,-385,-1,0.5386
below_good,23,10,-380,-1,0.533
below_good,23,15,-375,-1,0.5431
below_good,23,20,-370,-1,0.5524
below_good,23,25,-365,-1,0.5599
below_good,23,30,-360,-1,0.571
below_good,23,35,-355,-1,0.5738
below_good,23,40,-350,-1,0.5702
below_good,23,45,-345,-1,0.5558
below_good,23,50,-340,-1,0.547
below_good,23,55,-335,-1,0.5369
below_good,23,60,-330,-1,0.5369
below_good,23,65,-325,-1,0.5223
below_good,23,70,-320,-1,0.5344
below_good,23,75,-315,-1,0.546
below_good,23,80,-310,-1,0.55
below_good,23,85,-305,-1,0.5553
below_good,23,90,-300,-1,0.5736
below_good,23,95,-295,-1,0.5678
below_good,23,100,-290,-1,0.5656
below_good,23,105,-285,-1,0.5597
below_good,23,110,-280,-1,0.5592
below_good,23,115,-275,-1,0.5461
below_good,23,120,-270,-1,0.5351
below_good,23,125,-265,-1,0.5257
below_good,23,130,-260,-1,0.5235
below_good,23,135,-255,-1,0.5232
below_good,23,140,-250,-1,0.5315
below_good,23,145,-245,-1,0.5347
below_good,23,150,-240,-1,0.5302
below_good,23,155,-235,-1,0.5242
below_good,23,160,-230,-1,0.512
below_good,23,165,-225,-1,0.5028
below_good,23,170,-220,-1,0.5133
below_good,23,175,-215,-1,0.5224
below_good,23,180,-210,-1,0.522
below_good,23,185,-205,-1,0.5361
below_good,23,190,-200,-1,0.531
below_good,23,195,-195,-1,0.5196
below_good,23,200,-190,-1,0.5109
below_good,23,205,-185,-1,0.5114
below_good,23,210,-180,-1,0.5018
below_good,23,215,-175,-1,0.4971
below_good,23,220,-170,-1,0.5031
below_good,23,225,-165,-1,0.5136
below_good,23,230,-160,-1,0.5236
below_good,23,235,-155,-1,0.536
below_good,23,240,-150,-1,0.5532
below_good,23,245,-145,-1,0.5562
below_good,23,250,-140,-1,0.5508
below_good,23,255,-135,-1,0.541
below_good,23,260,-130,-1,0.5338
below_good,23,265,-125,-1,0.5297
below_good,23,270,-120,-1,0.5292
below_good,23,275,-115,-1,0.5333
below_good,23,280,-110,-1,0.5432
below_good,23,285,-105,-1,0.5389
below_good,23,290,-100,-1,0.5265
below_good,23,295,-95,-1,0.5084
below_good,23,300,-90,-1,0.5084
below_good,23,305,-85,-1,0.5027
below_good,23,310,-80,-1,0.4997
below_good,23,315,-75,-1,0.5037
below_good,23,320,-70,-1,0.5156
below_good,23,325,-65,-1,0.5051
below_good,23,330,-60,-1,0.5107
below_good,23,335,-55,-1,0.5258
below_good,23,340,-50,-1,0.5336
below_good,23,345,-45,-1,0.5347
below_good,23,350,-40,-1,0.5535
below_good,23,355,-35,-1,0.5356
below_good,23,360,-30,-1,0.5195
below_good,23,365,-25,-1,0.5214
below_good,23,370,-20,-1,0.5177
below_good,23,375,-15,-1,0.5176
below_good,23,380,-10,-1,0.5501
below_good,23,385,-5,-1,0.5654
below_good,23,390,0,-1,0.5627
below_good,23,395,5,-1,0.5615
below_good,23,400,10,-1,0.5551
below_good,23,405,15,-1,0.5352
below_good,23,410,20,-1,0.5312
below_good,23,415,25,-1,0.5405
below_good,23,420,30,-1,0.5508
below_good,23,425,35,-1,0.549
below_good,23,430,40,-1,0.5511
below_good,23,435,45,-1,0.5454
below_good,23,440,50,-1,0.5405
below_good,23,445,55,-1,0.5358
below_good,24,0,-262,-1,0.5341
below_good,24,5,-257,-1,0.5316
below_good,24,10,-252,-1,0.5325
below_good,24,15,-247,-1,0.5307
below_good,24,20,-242,-1,0.5368
below_good,24,25,-237,-1,0.5417
below_good,24,30,-232,-1,0.5456
below_good,24,35,-227,-1,0.5507
below_good,24,40,-222,-1,0.5483
below_good,24,45,-217,-1,0.5331
below_good,24,50,-212,-1,0.5297
below_good,24,55,-207,-1,0.5385
below_good,24,60,-202,-1,0.5342
below_good,24,65,-197,-1,0.5361
below_good,24,70,-192,-1,0.5412
below_good,24,75,-187,-1,0.54
below_good,24,80,-182,-1,0.5358
below_good,24,85,-177,-1,0.5395
below_good,24,90,-172,-1,0.5422
below_good,24,95,-167,-1,0.5413
below_good,24,100,-162,-1,0.5393
below_good,24,105,-157,-1,0.5283
below_good,24,110,-152,-1,0.5269
below_good,24,115,-147,-1,0.5358
below_good,24,120,-142,-1,0.541
below_good,24,125,-137,-1,0.549
below_good,24,130,-132,-1,0.5669
below_good,24,135,-127,-1,0.5672
below_good,24,140,-122,-1,0.5555
below_good,24,145,-117,-1,0.5536
below_good,24,150,-112,-1,0.5543
below_good,24,155,-107,-1,0.5424
below_good,24,160,-102,-1,0.5423
below_good,24,165,-97,-1,0.543
below_good,24,170,-92,-1,0.5407
below_good,24,175,-87,-1,0.5225
below_good,24,180,-82,-1,0.479
below_good,24,185,-77,-1,0.4442
below_good,24,190,-72,-1,0.4332
below_good,24,195,-67,-1,0.4127
below_good,24,200,-62,-1,0.4317
below_good,24,205,-57,-1,0.4648
below_good,24,210,-52,-1,0.4901
below_good,24,215,-47,-1,0.5035
below_good,24,220,-42,-1,0.5247
below_good,24,225,-37,-1,0.5243
below_good,24,230,-32,-1,0.532
below_good,24,235,-27,-1,0.5424
below_good,24,240,-22,-1,0.5501
below_good,24,245,-17,-1,0.5597
below_good,24,250,-12,-1,0.5714
below_good,24,255,-7,-1,0.5779
below_good,24,260,-2,-1,0.5832
below_good,24,265,3,-1,0.5834
below_good,25,0,-632,-1,0.5229
below_good,25,5,-627,-1,0.5246
below_good,25,10,-622,-1,0.5266
below_good,25,15,-617,-1,0.5314
below_good,25,20,-612,-1,0.536
below_good,25,25,-607,-1,0.5366
below_good,25,30,-602,-1,0.535
below_good,25,35,-597,-1,0.5348
below_good,25,40,-592,-1,0.5403
below_good,25,45,-587,-1,0.5382
below_good,25,50,-582,-1,0.5458
below_good,25,55,-577,-1,0.5463
below_good,25,60,-572,-1,0.554
below_good,25,65,-567,-1,0.5557
below_good,25,70,-562,-1,0.5717
below_good,25,75,-557,-1,0.5661
below_good,25,80,-552,-1,0.5698
below_good,25,85,-547,-1,0.5639
below_good,25,90,-542,-1,0.5633
below_good,25,95,-537,-1,0.5563
below_good,25,100,-532,-1,0.5641
below_good,25,105,-527,-1,0.5675
below_good,25,110,-522,-1,0.5637
below_good,25,115,-517,-1,0.561
below_good,25,120,-512,-1,0.5613
below_good,25,125,-507,-1,0.5537
below_good,25,130,-502,-1,0.5476
below_good,25,135,-497,-1,0.5543
below_good,25,140,-492,-1,0.5549
below_good,25,145,-487,-1,0.5598
below_good,25,150,-482,-1,0.564
below_good,25,155,-477,-1,0.575
below_good,25,160,-472,-1,0.5734
below_good,25,165,-467,-1,0.573
below_good,25,170,-462,-1,0.5666
below_good,25,175,-457,-1,0.5672
below_good,25,180,-452,-1,0.5603
below_good,25,185,-447,-1,0.5566
below_good,25,190,-442,-1,0.5517
below_good,25,195,-437,-1,0.5424
below_good,25,200,-432,-1,0.5449
below_good,25,205,-427,-1,0.5468
below_good,25,210,-422,-1,0.5446
below_good,25,215,-417,-1,0.5481
below_good,25,220,-412,-1,0.5495
below_good,25,225,-407,-1,0.532
below_good,25,230,-402,-1,0.5188
below_good,25,235,-397,-1,0.5178
below_good,25,240,-392,-1,0.4927
below_good,25,245,-387,-1,0.4736
below_good,25,250,-382,-1,0.453
below_good,25,255,-377,-1,0.4334
below_good,25,260,-372,-1,0.4184
below_good,25,265,-367,-1,0.4104
below_good,25,270,-362,-1,0.3938
below_good,25,275,-357,-1,0.3636
below_good,25,280,-352,-1,0.3242
below_good,25,285,-347,-1,0.2988
below_good,25,290,-342,-1,0.2701
below_good,25,295,-337,-1,0.2439
below_good,25,300,-332,-1,0.2457
below_good,25,305,-327,-1,0.2681
below_good,25,310,-322,-1,0.2489
below_good,25,315,-317,-1,0.2529
below_good,25,320,-312,-1,0.2632
below_good,25,325,-307,-1,0.2786
below_good,25,330,-302,-1,0.277
below_good,25,335,-297,-1,0.3022
below_good,25,340,-292,-1,0.3197
below_good,25,345,-287,-1,0.3153
below_good,25,350,-282,-1,0.3096
below_good,25,355,-277,-1,0.3184
below_good,25,360,-272,-1,0.3182
below_good,25,365,-267,-1,0.3289
below_good,25,370,-262,-1,0.3313
below_good,25,375,-257,-1,0.321
below_good,25,380,-252,-1,0.2857
below_good,25,385,-247,-1,0.2647
below_good,25,390,-242,-1,0.2312
below_good,25,395,-237,-1,0.2153
below_good,25,400,-232,-1,0.1961
below_good,25,405,-227,-1,0.1959
below_good,25,410,-222,-1,0.1898
below_good,25,415,-217,-1,0.1772
below_good,25,420,-212,-1,0.1779
below_good,25,425,-207,-1,0.198
below_good,25,430,-202,-1,0.2193
below_good,25,435,-197,-1,0.2428
below_good,25,440,-192,-1,0.2752
below_good,25,445,-187,-1,0.2743
below_good,25,450,-182,-1,0.2813
below_good,25,455,-177,-1,0.2739
below_good,25,460,-172,-1,0.2805
below_good,25,465,-167,-1,0.2644
below_good,25,470,-162,-1,0.2978
below_good,25,475,-157,-1,0.3146
below_good,25,480,-152,-1,0.3425
below_good,25,485,-147,-1,0.3243
below_good,25,490,-142,-1,0.3084
below_good,25,495,-137,-1,0.2945
below_good,25,500,-132,-1,0.2686
below_good,25,505,-127,-1,0.2301
below_good,25,510,-122,-1,0.2078
below_good,25,515,-117,-1,0.2136
below_good,25,520,-112,-1,0.1979
below_good,25,525,-107,-1,0.2027
below_good,25,530,-102,-1,0.2178
below_good,25,535,-97,-1,0.2717
below_good,25,540,-92,-1,0.268
below_good,25,545,-87,-1,0.2749
below_good,25,550,-82,-1,0.2808
below_good,25,555,-77,-1,0.2886
below_good,25,560,-72,-1,0.268
below_good,25,565,-67,-1,0.3256
below_good,25,570,-62,-1,0.3705
below_good,25,575,-57,-1,0.4123
below_good,25,580,-52,-1,0.4549
below_good,25,585,-47,-1,0.4737
below_good,25,590,-42,-1,0.4528
below_good,25,595,-37,-1,0.4564
below_good,25,600,-32,-1,0.447
below_good,25,605,-27,-1,0.4142
below_good,25,610,-22,-1,0.4115
below_good,25,615,-17,-1,0.4275
below_good,25,620,-12,-1,0.4437
below_good,25,625,-7,-1,0.4467
below_good,25,630,-2,-1,0.4773
below_good,26,0,,-1,0.5304
below_good,26,5,,-1,0.5324
below_good,26,10,,-1,0.5278
below_good,26,15,,-1,0.5249
below_good,26,20,,-1,0.5237
below_good,26,25,,-1,0.521
below_good,26,30,,-1,0.5226
below_good,26,35,,-1,0.5216
below_good,26,40,,-1,0.5202
below_good,26,45,,-1,0.5234
below_good,26,50,,-1,0.5249
below_good,26,55,,-1,0.5239
below_good,26,60,,-1,0.5381
below_good,26,65,,-1,0.5431
below_good,26,70,,-1,0.5459
below_good,26,75,,-1,0.5538
below_good,26,80,,-1,0.5522
below_good,26,85,,-1,0.5543
below_good,26,90,,-1,0.5558
below_good,26,95,,-1,0.5626
below_good,26,100,,-1,0.5627
below_good,26,105,,-1,0.5657
below_good,26,110,,-1,0.5514
below_good,26,115,,-1,0.5487
below_good,26,120,,-1,0.5417
below_good,26,125,,-1,0.5348
below_good,26,130,,-1,0.5345
below_good,26,135,,-1,0.5466
below_good,26,140,,-1,0.5545
below_good,26,145,,-1,0.5603
below_good,26,150,,-1,0.5607
below_good,26,155,,-1,0.5597
below_good,26,160,,-1,0.5537
below_good,26,165,,-1,0.544
below_good,26,170,,-1,0.5424
below_good,26,175,,-1,0.5468
below_good,26,180,,-1,0.5543
below_good,26,185,,-1,0.5568
below_good,26,190,,-1,0.5586
below_good,26,195,,-1,0.5521
below_good,26,200,,-1,0.5471
below_good,26,205,,-1,0.5341
below_good,26,210,,-1,0.5281
below_good,26,215,,-1,0.5287
below_good,26,220,,-1,0.5
below_good,26,225,,-1,0.4572
below_good,26,230,,-1,0.4207
below_good,26,235,,-1,0.3684
below_good,26,240,,-1,0.3234
below_good,26,245,,-1,0.3223
below_good,26,250,,-1,0.3314
below_good,26,255,,-1,0.3253
below_good,26,260,,-1,0.3258
below_good,26,265,,-1,0.3337
below_good,26,270,,-1,0.3202
below_good,26,275,,-1,0.2956
below_good,26,280,,-1,0.3025
below_good,26,285,,-1,0.3152
below_good,26,290,,-1,0.3319
below_good,26,295,,-1,0.3457
below_good,26,300,,-1,0.3644
below_good,26,305,,-1,0.3688
below_good,26,310,,-1,0.3775
below_good,26,315,,-1,0.3496
below_good,26,320,,-1,0.3363
below_good,26,325,,-1,0.3298
below_good,26,330,,-1,0.3106
below_good,26,335,,-1,0.2753
below_good,26,340,,-1,0.2666
below_good,26,345,,-1,0.2609
below_good,26,350,,-1,0.2333
below_good,26,355,,-1,0.2319
below_good,26,360,,-1,0.2594
below_good,26,365,,-1,0.2713
below_good,26,370,,-1,0.2492
below_good,26,375,,-1,0.2702
below_good,26,380,,-1,0.2697
below_good,26,385,,-1,0.2551
below_good,26,390,,-1,0.2631
below_good,26,395,,-1,0.2974
below_good,26,400,,-1,0.2931
below_good,26,405,,-1,0.3121
below_good,26,410,,-1,0.3121
below_good,26,415,,-1,0.3175
below_good,26,420,,-1,0.3186
below_good,26,425,,-1,0.3497
below_good,26,430,,-1,0.3438
below_good,26,435,,-1,0.363
below_good,26,440,,-1,0.3709
below_good,26,445,,-1,0.3735
below_good,27,0,,-1,0.5199
below_good,27,5,,-1,0.5183
below_good,27,10,,-1,0.5197
below_good,27,15,,-1,0.5262
below_good,27,20,,-1,0.5344
below_good,27,25,,-1,0.529
below_good,27,30,,-1,0.5312
below_good,27,35,,-1,0.5368
below_good,27,40,,-1,0.5401
below_good,27,45,,-1,0.5376
below_good,27,50,,-1,0.5453
below_good,27,55,,-1,0.5516
below_good,27,60,,-1,0.5539
below_good,27,65,,-1,0.5445
below_good,27,70,,-1,0.538
below_good,27,75,,-1,0.5385
below_good,27,80,,-1,0.5255
below_good,27,85,,-1,0.5053
below_good,27,90,,-1,0.497
below_good,27,95,,-1,0.4967
below_good,27,100,,-1,0.4925
below_good,27,105,,-1,0.5045
below_good,27,110,,-1,0.5156
below_good,27,115,,-1,0.5318
below_good,27,120,,-1,0.5311
below_good,27,125,,-1,0.5234
below_good,27,130,,-1,0.5133
below_good,27,135,,-1,0.5093
below_good,27,140,,-1,0.4989
below_good,27,145,,-1,0.4998
below_good,27,150,,-1,0.4927
below_good,27,155,,-1,0.4889
below_good,27,160,,-1,0.4862
below_good,27,165,,-1,0.4872
below_good,27,170,,-1,0.4834
below_good,27,175,,-1,0.491
below_good,27,180,,-1,0.4976
below_good,27,185,,-1,0.507
below_good,27,190,,-1,0.5138
below_good,27,195,,-1,0.5277
below_good,27,200,,-1,0.5355
below_good,27,205,,-1,0.5441
below_good,27,210,,-1,0.5527
below_good,27,215,,-1,0.5549
below_good,27,220,,-1,0.5529
below_good,27,225,,-1,0.5605
below_good,27,230,,-1,0.5529
below_good,27,235,,-1,0.5453
below_good,27,240,,-1,0.5382
below_good,27,245,,-1,0.5359
below_good,27,250,,-1,0.5259
below_good,27,255,,-1,0.5245
below_good,27,260,,-1,0.5272
below_good,27,265,,-1,0.5306
below_good,27,270,,-1,0.526
below_good,27,275,,-1,0.5294
below_good,27,280,,-1,0.5323
below_good,27,285,,-1,0.5354
below_good,27,290,,-1,0.5374
below_good,27,295,,-1,0.5378
below_good,27,300,,-1,0.5406
below_good,27,305,,-1,0.5388
below_good,27,310,,-1,0.5325
below_good,27,315,,-1,0.5457
below_good,27,320,,-1,0.5602
below_good,27,325,,-1,0.5673
below_good,27,330,,-1,0.5803
below_good,27,335,,-1,0.5731
below_good,27,340,,-1,0.5075
below_good,27,345,,-1,0.45
below_good,27,350,,-1,0.3901
below_good,27,355,,-1,0.3162
below_good,27,360,,-1,0.2613
below_good,27,365,,-1,0.2443
below_good,27,370,,-1,0.2279
below_good,27,375,,-1,0.2125
below_good,27,380,,-1,0.2258
below_good,27,385,,-1,0.225
below_good,27,390,,-1,0.2226
below_good,27,395,,-1,0.2318
below_good,27,400,,-1,0.2358
below_good,27,405,,-1,0.232
below_good,27,410,,-1,0.2444
below_good,27,415,,-1,0.2736
below_good,27,420,,-1,0.2807
below_good,27,425,,-1,0.282
below_good,27,430,,-1,0.2795
below_good,27,435,,-1,0.252
below_good,27,440,,-1,0.2171
below_good,27,445,,-1,0.1964
below_good,27,450,,-1,0.1753
below_good,27,455,,-1,0.1893
below_good,27,460,,-1,0.1847
below_good,27,465,,-1,0.2028
below_good,27,470,,-1,0.2096
below_good,27,475,,-1,0.2301
below_good,27,480,,-1,0.2281
below_good,27,485,,-1,0.2378
below_good,27,490,,-1,0.2319
below_good,27,495,,-1,0.2247
below_good,27,500,,-1,0.2268
below_good,27,505,,-1,0.2061
below_good,27,510,,-1,0.2108
below_good,27,515,,-1,0.2079
below_good,27,520,,-1,0.2132
below_good,27,525,,-1,0.1946
below_good,27,530,,-1,0.1897
below_good,27,535,,-1,0.1792
below_good,27,540,,-1,0.183
below_good,27,545,,-1,0.1882
below_good,27,550,,-1,0.2218
below_good,27,555,,-1,0.2396
below_good,27,560,,-1,0.2545
below_good,27,565,,-1,0.2578
below_good,27,570,,-1,0.2617
below_good,27,575,,-1,0.2479
below_good,27,580,,-1,0.2358
below_good,27,585,,-1,0.2297
below_good,27,590,,-1,0.224
below_good,27,595,,-1,0.2245
below_good,27,600,,-1,0.2238
below_good,27,605,,-1,0.248
below_good,27,610,,-1,0.2771
below_good,27,615,,-1,0.3011
below_good,27,620,,-1,0.3303
below_good,27,625,,-1,0.3637
below_good,27,630,,-1,0.372
below_good,27,635,,-1,0.3855
below_good,28,0,-365,-1,0.5224
below_good,28,5,-360,-1,0.5248
below_good,28,10,-355,-1,0.5272
below_good,28,15,-350,-1,0.5326
below_good,28,20,-345,-1,0.5215
below_good,28,25,-340,-1,0.5108
below_good,28,30,-335,-1,0.5113
below_good,28,35,-330,-1,0.5171
below_good,28,40,-325,-1,0.5151
below_good,28,45,-320,-1,0.5267
below_good,28,50,-315,-1,0.5464
below_good,28,55,-310,-1,0.5467
below_good,28,60,-305,-1,0.5445
below_good,28,65,-300,-1,0.5432
below_good,28,70,-295,-1,0.5409
below_good,28,75,-290,-1,0.5338
below_good,28,80,-285,-1,0.5301
below_good,28,85,-280,-1,0.5314
below_good,28,90,-275,-1,0.5259
below_good,28,95,-270,-1,0.5258
below_good,28,100,-265,-1,0.5174
below_good,28,105,-260,-1,0.5225
below_good,28,110,-255,-1,0.5209
below_good,28,115,-250,-1,0.532
below_good,28,120,-245,-1,0.535
below_good,28,125,-240,-1,0.5429
below_good,28,130,-235,-1,0.5382
below_good,28,135,-230,-1,0.5356
below_good,28,140,-225,-1,0.5335
below_good,28,145,-220,-1,0.5316
below_good,28,150,-215,-1,0.5289
below_good,28,155,-210,-1,0.5309
below_good,28,160,-205,-1,0.5245
below_good,28,165,-200,-1,0.5164
below_good,28,170,-195,-1,0.5115
below_good,28,175,-190,-1,0.5138
below_good,28,180,-185,-1,0.5224
below_good,28,185,-180,-1,0.5275
below_good,28,190,-175,-1,0.525
below_good,28,195,-170,-1,0.5319
below_good,28,200,-165,-1,0.5431
below_good,28,205,-160,-1,0.5409
below_good,28,210,-155,-1,0.5443
below_good,28,215,-150,-1,0.5542
below_good,28,220,-145,-1,0.5549
below_good,28,225,-140,-1,0.5375
below_good,28,230,-135,-1,0.5348
below_good,28,235,-130,-1,0.5372
below_good,28,240,-125,-1,0.5424
below_good,28,245,-120,-1,0.5553
below_good,28,250,-115,-1,0.5636
below_good,28,255,-110,-1,0.5616
below_good,28,260,-105,-1,0.5545
below_good,28,265,-100,-1,0.5456
below_good,28,270,-95,-1,0.5318
below_good,28,275,-90,-1,0.5298
below_good,28,280,-85,-1,0.5364
below_good,28,285,-80,-1,0.5402
below_good,28,290,-75,-1,0.5357
below_good,28,295,-70,-1,0.5463
below_good,28,300,-65,-1,0.5449
below_good,28,305,-60,-1,0.5397
below_good,28,310,-55,-1,0.5438
below_good,28,315,-50,-1,0.5674
below_good,28,320,-45,-1,0.5674
below_good,28,325,-40,-1,0.5669
below_good,28,330,-35,-1,0.5707
below_good,28,335,-30,-1,0.574
below_good,28,340,-25,-1,0.5719
below_good,28,345,-20,-1,0.5623
below_good,28,350,-15,-1,0.5689
below_good,28,355,-10,-1,0.5822
below_good,28,360,-5,-1,0.582
below_good,28,365,0,-1,0.559
below_good,28,370,5,-1,0.5723
below_good,28,375,10,-1,0.5699
below_good,28,380,15,-1,0.5486
below_good,28,385,20,-1,0.5461
below_good,28,390,25,-1,0.5605
below_good,29,0,-359,-1,0.5401
below_good,29,5,-354,-1,0.5394
below_good,29,10,-349,-1,0.5356
below_good,29,15,-344,-1,0.5405
below_good,29,20,-339,-1,0.5348
below_good,29,25,-334,-1,0.5377
below_good,29,30,-329,-1,0.536
below_good,29,35,-324,-1,0.5458
below_good,29,40,-319,-1,0.5404
below_good,29,45,-314,-1,0.5369
below_good,29,50,-309,-1,0.5248
below_good,29,55,-304,-1,0.5214
below_good,29,60,-299,-1,0.5132
below_good,29,65,-294,-1,0.5176
below_good,29,70,-289,-1,0.5291
below_good,29,75,-284,-1,0.5558
below_good,29,80,-279,-1,0.5686
below_good,29,85,-274,-1,0.5725
below_good,29,90,-269,-1,0.5752
below_good,29,95,-264,-1,0.5733
below_good,29,100,-259,-1,0.5612
below_good,29,105,-254,-1,0.5585
below_good,29,110,-249,-1,0.5497
below_good,29,115,-244,-1,0.5369
below_good,29,120,-239,-1,0.5312
below_good,29,125,-234,-1,0.5277
below_good,29,130,-229,-1,0.5149
below_good,29,135,-224,-1,0.5245
below_good,29,140,-219,-1,0.5244
below_good,29,145,-214,-1,0.528
below_good,29,150,-209,-1,0.5318
below_good,29,155,-204,-1,0.5363
below_good,29,160,-199,-1,0.528
below_good,29,165,-194,-1,0.5389
below_good,29,170,-189,-1,0.5418
below_good,29,175,-184,-1,0.5389
below_good,29,180,-179,-1,0.5477
below_good,29,185,-174,-1,0.5575
below_good,29,190,-169,-1,0.5508
below_good,29,195,-164,-1,0.5474
below_good,29,200,-159,-1,0.5498
below_good,29,205,-154,-1,0.5508
below_good,29,210,-149,-1,0.5427
below_good,29,215,-144,-1,0.542
below_good,29,220,-139,-1,0.5428
below_good,29,225,-134,-1,0.5359
below_good,29,230,-129,-1,0.5283
below_good,29,235,-124,-1,0.5296
below_good,29,240,-119,-1,0.5352
below_good,29,245,-114,-1,0.5331
below_good,29,250,-109,-1,0.532
below_good,29,255,-104,-1,0.5266
below_good,29,260,-99,-1,0.521
below_good,29,265,-94,-1,0.5148
below_good,29,270,-89,-1,0.5065
below_good,29,275,-84,-1,0.5094
below_good,29,280,-79,-1,0.5134
below_good,29,285,-74,-1,0.5339
below_good,29,290,-69,-1,0.5401
below_good,29,295,-64,-1,0.5484
below_good,29,300,-59,-1,0.5474
below_good,29,305,-54,-1,0.5628
below_good,29,310,-49,-1,0.555
below_good,29,315,-44,-1,0.5583
below_good,29,320,-39,-1,0.5678
below_good,29,325,-34,-1,0.571
below_good,29,330,-29,-1,0.5699
below_good,29,335,-24,-1,0.572
below_good,29,340,-19,-1,0.5724
below_good,29,345,-14,-1,0.5684
below_good,29,350,-9,-1,0.5826
below_good,29,355,-4,-1,0.5777
below_good,29,360,1,-1,0.5788
below_good,29,365,6,-1,0.5808
below_good,30,0,-323,-1,0.5392
below_good,30,5,-318,-1,0.5388
below_good,30,10,-313,-1,0.5372
below_good,30,15,-308,-1,0.5343
below_good,30,20,-303,-1,0.5349
below_good,30,25,-298,-1,0.5399
below_good,30,30,-293,-1,0.5468
below_good,30,35,-288,-1,0.5496
below_good,30,40,-283,-1,0.5535
below_good,30,45,-278,-1,0.5535
below_good,30,50,-273,-1,0.5457
below_good,30,55,-268,-1,0.5373
below_good,30,60,-263,-1,0.5379
below_good,30,65,-258,-1,0.5344
below_good,30,70,-253,-1,0.5329
below_good,30,75,-248,-1,0.538
below_good,30,80,-243,-1,0.5402
below_good,30,85,-238,-1,0.5463
below_good,30,90,-233,-1,0.5561
below_good,30,95,-228,-1,0.5513
below_good,30,100,-223,-1,0.5546
below_good,30,105,-218,-1,0.5538
below_good,30,110,-213,-1,0.5393
below_good,30,115,-208,-1,0.5372
below_good,30,120,-203,-1,0.5371
below_good,30,125,-198,-1,0.5394
below_good,30,130,-193,-1,0.547
below_good,30,135,-188,-1,0.5576
below_good,30,140,-183,-1,0.5633
below_good,30,145,-178,-1,0.5728
below_good,30,150,-173,-1,0.5676
below_good,30,155,-168,-1,0.5704
below_good,30,160,-163,-1,0.5797
below_good,30,165,-158,-1,0.5684
below_good,30,170,-153,-1,0.5595
below_good,30,175,-148,-1,0.5507
below_good,30,180,-143,-1,0.5218
below_good,30,185,-138,-1,0.5084
below_good,30,190,-133,-1,0.5144
below_good,30,195,-128,-1,0.5125
below_good,30,200,-123,-1,0.5206
below_good,30,205,-118,-1,0.5365
below_good,30,210,-113,-1,0.5419
below_good,30,215,-108,-1,0.536
below_good,30,220,-103,-1,0.5321
below_good,30,225,-98,-1,0.5425
below_good,30,230,-93,-1,0.5438
below_good,30,235,-88,-1,0.5404
below_good,30,240,-83,-1,0.5462
below_good,30,245,-78,-1,0.5566
below_good,30,250,-73,-1,0.5605
below_good,30,255,-68,-1,0.5719
below_good,30,260,-63,-1,0.569
below_good,30,265,-58,-1,0.5738
below_good,30,270,-53,-1,0.5779
below_good,30,275,-48,-1,0.5698
below_good,30,280,-43,-1,0.5666
below_good,30,285,-38,-1,0.5762
below_good,30,290,-33,-1,0.5653
below_good,30,295,-28,-1,0.564
below_good,30,300,-23,-1,0.5746
below_good,30,305,-18,-1,0.5833
below_good,30,310,-13,-1,0.5925
below_good,30,315,-8,-1,0.6025
below_good,30,320,-3,-1,0.6104
below_good,30,325,2,-1,0.6071
below_good,30,330,7,-1,0.6042
below_good,31,0,,-1,0.5392
below_good,31,5,,-1,0.5328
below_good,31,10,,-1,0.538
below_good,31,15,,-1,0.5388
below_good,31,20,,-1,0.539
below_good,31,25,,-1,0.5388
below_good,31,30,,-1,0.5436
below_good,31,35,,-1,0.5396
below_good,31,40,,-1,0.5499
below_good,31,45,,-1,0.5514
below_good,31,50,,-1,0.5511
below_good,31,55,,-1,0.5478
below_good,31,60,,-1,0.5487
below_good,31,65,,-1,0.5425
below_good,31,70,,-1,0.5361
below_good,31,75,,-1,0.5343
below_good,31,80,,-1,0.5338
below_good,31,85,,-1,0.5315
below_good,31,90,,-1,0.5276
below_good,31,95,,-1,0.5315
below_good,31,100,,-1,0.5382
below_good,31,105,,-1,0.5451
below_good,31,110,,-1,0.5456
below_good,31,115,,-1,0.5523
below_good,31,120,,-1,0.5488
below_good,31,125,,-1,0.5469
below_good,31,130,,-1,0.5512
below_good,31,135,,-1,0.5544
below_good,31,140,,-1,0.5377
below_good,31,145,,-1,0.5342
below_good,31,150,,-1,0.5266
below_good,31,155,,-1,0.5133
below_good,31,160,,-1,0.5057
below_good,31,165,,-1,0.5187
below_good,31,170,,-1,0.5256
below_good,31,175,,-1,0.5303
below_good,31,180,,-1,0.5293
below_good,31,185,,-1,0.5335
below_good,31,190,,-1,0.527
below_good,31,195,,-1,0.517
below_good,31,200,,-1,0.506
below_good,31,205,,-1,0.5034
below_good,31,210,,-1,0.4985
below_good,31,215,,-1,0.4994
below_good,31,220,,-1,0.5061
below_good,31,225,,-1,0.5198
below_good,31,230,,-1,0.53
below_good,31,235,,-1,0.5444
below_good,31,240,,-1,0.549
below_good,31,245,,-1,0.5451
below_good,31,250,,-1,0.5448
below_good,31,255,,-1,0.5431
below_good,31,260,,-1,0.5279
below_good,31,265,,-1,0.5282
below_good,31,270,,-1,0.5259
below_good,31,275,,-1,0.5166
below_good,31,280,,-1,0.4986
below_good,31,285,,-1,0.4982
below_good,31,290,,-1,0.4822
below_good,31,295,,-1,0.4894
below_good,31,300,,-1,0.4926
below_good,31,305,,-1,0.5046
below_good,31,310,,-1,0.5009
below_good,31,315,,-1,0.5067
below_good,31,320,,-1,0.4948
below_good,31,325,,-1,0.4917
below_good,31,330,,-1,0.4958
below_good,31,335,,-1,0.5036
below_good,31,340,,-1,0.5013
below_good,31,345,,-1,0.5124
below_good,31,350,,-1,0.5145
below_good,31,355,,-1,0.5138
below_good,31,360,,-1,0.5142
below_good,31,365,,-1,0.5219
below_good,31,370,,-1,0.5235
below_good,31,375,,-1,0.5237
below_good,31,380,,-1,0.522
below_good,31,385,,-1,0.5325
below_good,31,390,,-1,0.5305
below_good,31,395,,-1,0.5294
below_good,31,400,,-1,0.5393
below_good,31,405,,-1,0.5317
below_good,31,410,,-1,0.531
below_good,31,415,,-1,0.5357
below_good,31,420,,-1,0.5382
below_good,31,425,,-1,0.5313
below_good,32,0,-442,-1,0.536
below_good,32,5,-437,-1,0.5346
below_good,32,10,-432,-1,0.5402
below_good,32,15,-427,-1,0.5388
below_good,32,20,-422,-1,0.5363
below_good,32,25,-417,-1,0.5435
below_good,32,30,-412,-1,0.5507
below_good,32,35,-407,-1,0.5559
below_good,32,40,-402,-1,0.5566
below_good,32,45,-397,-1,0.5468
below_good,32,50,-392,-1,0.542
below_good,32,55,-387,-1,0.5335
below_good,32,60,-382,-1,0.5238
below_good,32,65,-377,-1,0.5227
below_good,32,70,-372,-1,0.5278
below_good,32,75,-367,-1,0.5294
below_good,32,80,-362,-1,0.5276
below_good,32,85,-357,-1,0.5322
below_good,32,90,-352,-1,0.5348
below_good,32,95,-347,-1,0.537
below_good,32,100,-342,-1,0.536
below_good,32,105,-337,-1,0.544
below_good,32,110,-332,-1,0.5431
below_good,32,115,-327,-1,0.5476
below_good,32,120,-322,-1,0.5582
below_good,32,125,-317,-1,0.5657
below_good,32,130,-312,-1,0.5621
below_good,32,135,-307,-1,0.5465
below_good,32,140,-302,-1,0.5347
below_good,32,145,-297,-1,0.5264
below_good,32,150,-292,-1,0.5133
below_good,32,155,-287,-1,0.5025
below_good,32,160,-282,-1,0.5094
below_good,32,165,-277,-1,0.5178
below_good,32,170,-272,-1,0.5184
below_good,32,175,-267,-1,0.5231
below_good,32,180,-262,-1,0.5243
below_good,32,185,-257,-1,0.5247
below_good,32,190,-252,-1,0.5238
below_good,32,195,-247,-1,0.5273
below_good,32,200,-242,-1,0.523
below_good,32,205,-237,-1,0.5276
below_good,32,210,-232,-1,0.5317
below_good,32,215,-227,-1,0.5417
below_good,32,220,-222,-1,0.5483
below_good,32,225,-217,-1,0.5531
below_good,32,230,-212,-1,0.5617
below_good,32,235,-207,-1,0.5698
below_good,32,240,-202,-1,0.5527
below_good,32,245,-197,-1,0.526
below_good,32,250,-192,-1,0.5216
below_good,32,255,-187,-1,0.5267
below_good,32,260,-182,-1,0.52
below_good,32,265,-177,-1,0.5194
below_good,32,270,-172,-1,0.5319
below_good,32,275,-167,-1,0.5405
below_good,32,280,-162,-1,0.5379
below_good,32,285,-157,-1,0.53
below_good,32,290,-152,-1,0.5308
below_good,32,295,-147,-1,0.5361
below_good,32,300,-142,-1,0.5325
below_good,32,305,-137,-1,0.5196
below_good,32,310,-132,-1,0.5197
below_good,32,315,-127,-1,0.5146
below_good,32,320,-122,-1,0.4968
below_good,32,325,-117,-1,0.4803
below_good,32,330,-112,-1,0.4833
below_good,32,335,-107,-1,0.4759
below_good,32,340,-102,-1,0.4643
below_good,32,345,-97,-1,0.4565
below_good,32,350,-92,-1,0.4682
below_good,32,355,-87,-1,0.4705
below_good,32,360,-82,-1,0.4843
below_good,32,365,-77,-1,0.5025
below_good,32,370,-72,-1,0.5213
below_good,32,375,-67,-1,0.5217
below_good,32,380,-62,-1,0.5218
below_good,32,385,-57,-1,0.508
below_good,32,390,-52,-1,0.5056
below_good,32,395,-47,-1,0.5039
below_good,32,400,-42,-1,0.5074
below_good,32,405,-37,-1,0.5083
below_good,32,410,-32,-1,0.5218
below_good,32,415,-27,-1,0.5246
below_good,32,420,-22,-1,0.5384
below_good,32,425,-17,-1,0.5246
below_good,32,430,-12,-1,0.5146
below_good,32,435,-7,-1,0.5006
below_good,32,440,-2,-1,0.4942
below_good,32,445,3,-1,0.4851
below_good,32,450,8,-1,0.4899
below_good,32,455,13,-1,0.4918
below_good,33,0,,-1,0.5424
below_good,33,5,,-1,0.5404
below_good,33,10,,-1,0.5401
below_good,33,15,,-1,0.5379
below_good,33,20,,-1,0.5357
below_good,33,25,,-1,0.5477
below_good,33,30,,-1,0.5515
below_good,33,35,,-1,0.5569
below_good,33,40,,-1,0.5672
below_good,33,45,,-1,0.5666
below_good,33,50,,-1,0.5567
below_good,33,55,,-1,0.5543
below_good,33,60,,-1,0.5459
below_good,33,65,,-1,0.5429
below_good,33,70,,-1,0.5464
below_good,33,75,,-1,0.543
below_good,33,80,,-1,0.5426
below_good,33,85,,-1,0.5528
below_good,33,90,,-1,0.554
below_good,33,95,,-1,0.5502
below_good,33,100,,-1,0.5485
below_good,33,105,,-1,0.5442
below_good,33,110,,-1,0.5363
below_good,33,115,,-1,0.5343
below_good,33,120,,-1,0.5352
below_good,33,125,,-1,0.5458
below_good,33,130,,-1,0.5474
below_good,33,135,,-1,0.55
below_good,33,140,,-1,0.5443
below_good,33,145,,-1,0.5413
below_good,33,150,,-1,0.5357
below_good,33,155,,-1,0.5391
below_good,33,160,,-1,0.5435
below_good,33,165,,-1,0.5546
below_good,33,170,,-1,0.5595
below_good,33,175,,-1,0.559
below_good,33,180,,-1,0.5524
below_good,33,185,,-1,0.5452
below_good,33,190,,-1,0.5254
below_good,33,195,,-1,0.5208
below_good,33,200,,-1,0.5189
below_good,33,205,,-1,0.5205
below_good,33,210,,-1,0.5292
below_good,33,215,,-1,0.546
below_good,33,220,,-1,0.5458
below_good,33,225,,-1,0.5296
below_good,33,230,,-1,0.5308
below_good,33,235,,-1,0.5277
below_good,33,240,,-1,0.5168
below_good,33,245,,-1,0.5096
below_good,33,250,,-1,0.5129
below_good,33,255,,-1,0.512
below_good,33,260,,-1,0.5033
below_good,33,265,,-1,0.5001
below_good,33,270,,-1,0.503
below_good,33,275,,-1,0.5024
below_good,33,280,,-1,0.4577
below_good,33,285,,-1,0.4167
below_good,33,290,,-1,0.3815
below_good,33,295,,-1,0.3475
below_good,33,300,,-1,0.3176
below_good,33,305,,-1,0.3152
below_good,33,310,,-1,0.2986
below_good,33,315,,-1,0.2897
below_good,33,320,,-1,0.2685
below_good,33,325,,-1,0.2663
below_good,33,330,,-1,0.2534
below_good,33,335,,-1,0.2615
below_good,33,340,,-1,0.266
below_good,33,345,,-1,0.2801
below_good,33,350,,-1,0.2752
below_good,33,355,,-1,0.2784
below_good,33,360,,-1,0.2846
below_good,33,365,,-1,0.2878
below_good,33,370,,-1,0.2943
below_good,33,375,,-1,0.29
below_good,33,380,,-1,0.3103
below_good,33,385,,-1,0.3103
below_good,33,390,,-1,0.3217
below_good,33,395,,-1,0.3404
below_good,33,400,,-1,0.3521
below_good,33,405,,-1,0.3509
below_good,33,410,,-1,0.3757
below_good,33,415,,-1,0.3472
below_good,33,420,,-1,0.3165
below_good,33,425,,-1,0.3019
below_good,33,430,,-1,0.2913
below_good,33,435,,-1,0.2783
below_good,33,440,,-1,0.308
below_good,33,445,,-1,0.3042
below_good,33,450,,-1,0.3117
below_good,33,455,,-1,0.3202
below_good,33,460,,-1,0.3059
below_good,33,465,,-1,0.2902
below_good,33,470,,-1,0.2981
below_good,33,475,,-1,0.3281
below_good,33,480,,-1,0.3297
below_good,33,485,,-1,0.3432
below_good,33,490,,-1,0.3392
below_good,33,495,,-1,0.3548
below_good,33,500,,-1,0.3665
below_good,33,505,,-1,0.3879
below_good,33,510,,-1,0.3963
below_good,34,0,-494,-1,0.5078
below_good,34,5,-489,-1,0.5218
below_good,34,10,-484,-1,0.5271
below_good,34,15,-479,-1,0.5308
below_good,34,20,-474,-1,0.5449
below_good,34,25,-469,-1,0.5476
below_good,34,30,-464,-1,0.5379
below_good,34,35,-459,-1,0.5294
below_good,34,40,-454,-1,0.5165
below_good,34,45,-449,-1,0.5066
below_good,34,50,-444,-1,0.4991
below_good,34,55,-439,-1,0.4964
below_good,34,60,-434,-1,0.5019
below_good,34,65,-429,-1,0.5077
below_good,34,70,-424,-1,0.5192
below_good,34,75,-419,-1,0.5228
below_good,34,80,-414,-1,0.5331
below_good,34,85,-409,-1,0.5316
below_good,34,90,-404,-1,0.5392
below_good,34,95,-399,-1,0.5361
below_good,34,100,-394,-1,0.5495
below_good,34,105,-389,-1,0.5538
below_good,34,110,-384,-1,0.5629
below_good,34,115,-379,-1,0.5731
below_good,34,120,-374,-1,0.5626
below_good,34,125,-369,-1,0.5531
below_good,34,130,-364,-1,0.5412
below_good,34,135,-359,-1,0.5336
below_good,34,140,-354,-1,0.5125
below_good,34,145,-349,-1,0.5165
below_good,34,150,-344,-1,0.5131
below_good,34,155,-339,-1,0.5088
below_good,34,160,-334,-1,0.4842
below_good,34,165,-329,-1,0.4952
below_good,34,170,-324,-1,0.482
below_good,34,175,-319,-1,0.4843
below_good,34,180,-314,-1,0.491
below_good,34,185,-309,-1,0.5077
below_good,34,190,-304,-1,0.4797
below_good,34,195,-299,-1,0.484
below_good,34,200,-294,-1,0.4777
below_good,34,205,-289,-1,0.4655
below_good,34,210,-284,-1,0.4497
below_good,34,215,-279,-1,0.4489
below_good,34,220,-274,-1,0.4478
below_good,34,225,-269,-1,0.4366
below_good,34,230,-264,-1,0.4173
below_good,34,235,-259,-1,0.4299
below_good,34,240,-254,-1,0.4395
below_good,34,245,-249,-1,0.4347
below_good,34,250,-244,-1,0.4272
below_good,34,255,-239,-1,0.4353
below_good,34,260,-234,-1,0.4227
below_good,34,265,-229,-1,0.4241
below_good,34,270,-224,-1,0.4162
below_good,34,275,-219,-1,0.4258
below_good,34,280,-214,-1,0.4308
below_good,34,285,-209,-1,0.4384
below_good,34,290,-204,-1,0.4388
below_good,34,295,-199,-1,0.4531
below_good,34,300,-194,-1,0.4542
below_good,34,305,-189,-1,0.4585
below_good,34,310,-184,-1,0.4481
below_good,34,315,-179,-1,0.4472
below_good,34,320,-174,-1,0.4284
below_good,34,325,-169,-1,0.4152
below_good,34,330,-164,-1,0.3921
below_good,34,335,-159,-1,0.3759
below_good,34,340,-154,-1,0.353
below_good,34,345,-149,-1,0.3428
below_good,34,350,-144,-1,0.3507
below_good,34,355,-139,-1,0.3819
below_good,34,360,-134,-1,0.4166
below_good,34,365,-129,-1,0.4483
below_good,34,370,-124,-1,0.4841
below_good,34,375,-119,-1,0.5108
below_good,34,380,-114,-1,0.511
below_good,34,385,-109,-1,0.5008
below_good,34,390,-104,-1,0.4934
below_good,34,395,-99,-1,0.4848
below_good,34,400,-94,-1,0.4787
below_good,34,405,-89,-1,0.4815
below_good,34,410,-84,-1,0.4951
below_good,34,415,-79,-1,0.5147
below_good,34,420,-74,-1,0.535
below_good,34,425,-69,-1,0.5372
below_good,34,430,-64,-1,0.5452
below_good,34,435,-59,-1,0.5589
below_good,34,440,-54,-1,0.5489
below_good,34,445,-49,-1,0.5387
below_good,34,450,-44,-1,0.546
below_good,34,455,-39,-1,0.5494
below_good,34,460,-34,-1,0.5368
below_good,34,465,-29,-1,0.5521
below_good,34,470,-24,-1,0.5562
below_good,34,475,-19,-1,0.5655
below_good,34,480,-14,-1,0.5594
below_good,34,485,-9,-1,0.5574
below_good,34,490,-4,-1,0.551
below_good,34,495,1,-1,0.5558
below_good,34,500,6,-1,0.5327
below_good,34,505,11,-1,0.5222
below_good,34,510,16,-1,0.533
below_good,34,515,21,-1,0.5353
below_good,34,520,26,-1,0.5231
below_good,34,525,31,-1,0.5334
below_good,35,0,,-1,0.5361
below_good,35,5,,-1,0.5323
below_good,35,10,,-1,0.5383
below_good,35,15,,-1,0.5372
below_good,35,20,,-1,0.5305
below_good,35,25,,-1,0.5291
below_good,35,30,,-1,0.5323
below_good,35,35,,-1,0.5304
below_good,35,40,,-1,0.5368
below_good,35,45,,-1,0.5462
below_good,35,50,,-1,0.5566
below_good,35,55,,-1,0.5645
below_good,35,60,,-1,0.5799
below_good,35,65,,-1,0.5813
below_good,35,70,,-1,0.5934
below_good,35,75,,-1,0.5921
below_good,35,80,,-1,0.584
below_good,35,85,,-1,0.5705
below_good,35,90,,-1,0.5608
below_good,35,95,,-1,0.5436
below_good,35,100,,-1,0.5371
below_good,35,105,,-1,0.5398
below_good,35,110,,-1,0.531
below_good,35,115,,-1,0.5287
below_good,35,120,,-1,0.5315
below_good,35,125,,-1,0.5325
below_good,35,130,,-1,0.5348
below_good,35,135,,-1,0.5482
below_good,35,140,,-1,0.5574
below_good,35,145,,-1,0.5533
below_good,35,150,,-1,0.5495
below_good,35,155,,-1,0.5424
below_good,35,160,,-1,0.54
below_good,35,165,,-1,0.5376
below_good,35,170,,-1,0.5508
below_good,35,175,,-1,0.5506
below_good,35,180,,-1,0.5512
below_good,35,185,,-1,0.5482
below_good,35,190,,-1,0.5546
below_good,35,195,,-1,0.5497
below_good,35,200,,-1,0.5497
below_good,35,205,,-1,0.5427
below_good,35,210,,-1,0.5405
below_good,35,215,,-1,0.5278
below_good,35,220,,-1,0.5139
below_good,35,225,,-1,0.5104
below_good,35,230,,-1,0.5187
below_good,35,235,,-1,0.5122
below_good,35,240,,-1,0.5062
below_good,35,245,,-1,0.5104
below_good,35,250,,-1,0.5041
below_good,35,255,,-1,0.5005
below_good,35,260,,-1,0.4902
below_good,35,265,,-1,0.4885
below_good,35,270,,-1,0.4958
below_good,35,275,,-1,0.509
below_good,35,280,,-1,0.5106
below_good,35,285,,-1,0.5318
below_good,35,290,,-1,0.5386
below_good,35,295,,-1,0.5331
below_good,35,300,,-1,0.5278
below_good,35,305,,-1,0.5234
below_good,35,310,,-1,0.5272
below_good,35,315,,-1,0.5317
below_good,35,320,,-1,0.5372
below_good,35,325,,-1,0.5433
below_good,35,330,,-1,0.5532
below_good,35,335,,-1,0.5395
below_good,35,340,,-1,0.5294
below_good,35,345,,-1,0.5202
below_good,35,350,,-1,0.5235
below_good,35,355,,-1,0.5286
below_good,35,360,,-1,0.527
below_good,35,365,,-1,0.5459
below_good,35,370,,-1,0.5612
below_good,35,375,,-1,0.5609
below_good,35,380,,-1,0.5629
below_good,35,385,,-1,0.5665
below_good,35,390,,-1,0.5623
below_good,35,395,,-1,0.5607
below_good,36,0,-359,-1,0.5407
below_good,36,5,-354,-1,0.5491
below_good,36,10,-349,-1,0.5494
below_good,36,15,-344,-1,0.5473
below_good,36,20,-339,-1,0.5432
below_good,36,25,-334,-1,0.5513
below_good,36,30,-329,-1,0.5579
below_good,36,35,-324,-1,0.5693
below_good,36,40,-319,-1,0.5676
below_good,36,45,-314,-1,0.5668
below_good,36,50,-309,-1,0.5617
below_good,36,55,-304,-1,0.5436
below_good,36,60,-299,-1,0.5239
below_good,36,65,-294,-1,0.5188
below_good,36,70,-289,-1,0.5174
below_good,36,75,-284,-1,0.5204
below_good,36,80,-279,-1,0.5334
below_good,36,85,-274,-1,0.5435
below_good,36,90,-269,-1,0.5522
below_good,36,95,-264,-1,0.5582
below_good,36,100,-259,-1,0.5648
below_good,36,105,-254,-1,0.5648
below_good,36,110,-249,-1,0.5689
below_good,36,115,-244,-1,0.5774
below_good,36,120,-239,-1,0.5739
below_good,36,125,-234,-1,0.5617
below_good,36,130,-229,-1,0.556
below_good,36,135,-224,-1,0.5433
below_good,36,140,-219,-1,0.5458
below_good,36,145,-214,-1,0.5355
below_good,36,150,-209,-1,0.5288
below_good,36,155,-204,-1,0.5137
below_good,36,160,-199,-1,0.5107
below_good,36,165,-194,-1,0.4972
below_good,36,170,-189,-1,0.5049
below_good,36,175,-184,-1,0.5104
below_good,36,180,-179,-1,0.52
below_good,36,185,-174,-1,0.5235
below_good,36,190,-169,-1,0.5228
below_good,36,195,-164,-1,0.5292
below_good,36,200,-159,-1,0.5289
below_good,36,205,-154,-1,0.5403
below_good,36,210,-149,-1,0.5549
below_good,36,215,-144,-1,0.5548
below_good,36,220,-139,-1,0.5524
below_good,36,225,-134,-1,0.5577
below_good,36,230,-129,-1,0.548
below_good,36,235,-124,-1,0.5426
below_good,36,240,-119,-1,0.5302
below_good,36,245,-114,-1,0.5113
below_good,36,250,-109,-1,0.4979
below_good,36,255,-104,-1,0.4908
below_good,36,260,-99,-1,0.4729
below_good,36,265,-94,-1,0.4799
below_good,36,270,-89,-1,0.4887
below_good,36,275,-84,-1,0.4944
below_good,36,280,-79,-1,0.4949
below_good,36,285,-74,-1,0.4935
below_good,36,290,-69,-1,0.5139
below_good,36,295,-64,-1,0.5253
below_good,36,300,-59,-1,0.5395
below_good,36,305,-54,-1,0.5514
below_good,36,310,-49,-1,0.5691
below_good,36,315,-44,-1,0.5608
below_good,36,320,-39,-1,0.5691
below_good,36,325,-34,-1,0.5674
below_good,36,330,-29,-1,0.5705
below_good,36,335,-24,-1,0.5825
below_good,36,340,-19,-1,0.5948
below_good,36,345,-14,-1,0.5953
below_good,36,350,-9,-1,0.6101
below_good,36,355,-4,-1,0.6204
below_good,36,360,1,-1,0.6219
below_good,37,0,-300,-1,0.5289
below_good,37,5,-295,-1,0.5305
below_good,37,10,-290,-1,0.5337
below_good,37,15,-285,-1,0.5336
below_good,37,20,-280,-1,0.5341
below_good,37,25,-275,-1,0.5417
below_good,37,30,-270,-1,0.5516
below_good,37,35,-265,-1,0.5477
below_good,37,40,-260,-1,0.5433
below_good,37,45,-255,-1,0.5441
below_good,37,50,-250,-1,0.5436
below_good,37,55,-245,-1,0.54
below_good,37,60,-240,-1,0.557
below_good,37,65,-235,-1,0.567
below_good,37,70,-230,-1,0.5744
below_good,37,75,-225,-1,0.5705
below_good,37,80,-220,-1,0.5723
below_good,37,85,-215,-1,0.5629
below_good,37,90,-210,-1,0.5602
below_good,37,95,-205,-1,0.5585
below_good,37,100,-200,-1,0.5529
below_good,37,105,-195,-1,0.5421
below_good,37,110,-190,-1,0.533
below_good,37,115,-185,-1,0.5249
below_good,37,120,-180,-1,0.5159
below_good,37,125,-175,-1,0.5122
below_good,37,130,-170,-1,0.5107
below_good,37,135,-165,-1,0.5132
below_good,37,140,-160,-1,0.5217
below_good,37,145,-155,-1,0.5321
below_good,37,150,-150,-1,0.5368
below_good,37,155,-145,-1,0.5458
below_good,37,160,-140,-1,0.5495
below_good,37,165,-135,-1,0.5459
below_good,37,170,-130,-1,0.5476
below_good,37,175,-125,-1,0.5516
below_good,37,180,-120,-1,0.5452
below_good,37,185,-115,-1,0.5464
below_good,37,190,-110,-1,0.5408
below_good,37,195,-105,-1,0.5363
below_good,37,200,-100,-1,0.5321
below_good,37,205,-95,-1,0.5328
below_good,37,210,-90,-1,0.5246
below_good,37,215,-85,-1,0.5261
below_good,37,220,-80,-1,0.5183
below_good,37,225,-75,-1,0.5184
below_good,37,230,-70,-1,0.5229
below_good,37,235,-65,-1,0.5277
below_good,37,240,-60,-1,0.5455
below_good,37,245,-55,-1,0.5565
below_good,37,250,-50,-1,0.5667
below_good,37,255,-45,-1,0.5696
below_good,37,260,-40,-1,0.5701
below_good,37,265,-35,-1,0.5594
below_good,37,270,-30,-1,0.5521
below_good,37,275,-25,-1,0.5437
below_good,37,280,-20,-1,0.5391
below_good,37,285,-15,-1,0.547
below_good,37,290,-10,-1,0.5604
below_good,37,295,-5,-1,0.5688
below_good,37,300,0,-1,0.5815
below_good,38,0,-420,-1,0.5435
below_good,38,5,-415,-1,0.5423
below_good,38,10,-410,-1,0.5409
below_good,38,15,-405,-1,0.5422
below_good,38,20,-400,-1,0.5438
below_good,38,25,-395,-1,0.5432
below_good,38,30,-390,-1,0.5349
below_good,38,35,-385,-1,0.5365
below_good,38,40,-380,-1,0.5355
below_good,38,45,-375,-1,0.5422
below_good,38,50,-370,-1,0.5487
below_good,38,55,-365,-1,0.5651
below_good,38,60,-360,-1,0.5779
below_good,38,65,-355,-1,0.5741
below_good,38,70,-350,-1,0.5685
below_good,38,75,-345,-1,0.5682
below_good,38,80,-340,-1,0.5557
below_good,38,85,-335,-1,0.5348
below_good,38,90,-330,-1,0.5279
below_good,38,95,-325,-1,0.519
below_good,38,100,-320,-1,0.5118
below_good,38,105,-315,-1,0.5128
below_good,38,110,-310,-1,0.5179
below_good,38,115,-305,-1,0.515
below_good,38,120,-300,-1,0.5068
below_good,38,125,-295,-1,0.4944
below_good,38,130,-290,-1,0.4794
below_good,38,135,-285,-1,0.4824
below_good,38,140,-280,-1,0.4896
below_good,38,145,-275,-1,0.4994
below_good,38,150,-270,-1,0.5023
below_good,38,155,-265,-1,0.5153
below_good,38,160,-260,-1,0.5112
below_good,38,165,-255,-1,0.5123
below_good,38,170,-250,-1,0.5095
below_good,38,175,-245,-1,0.5049
below_good,38,180,-240,-1,0.496
below_good,38,185,-235,-1,0.4854
below_good,38,190,-230,-1,0.4731
below_good,38,195,-225,-1,0.4591
below_good,38,200,-220,-1,0.4649
below_good,38,205,-215,-1,0.4604
below_good,38,210,-210,-1,0.4543
below_good,38,215,-205,-1,0.4697
below_good,38,220,-200,-1,0.4856
below_good,38,225,-195,-1,0.4861
below_good,38,230,-190,-1,0.5021
below_good,38,235,-185,-1,0.5072
below_good,38,240,-180,-1,0.5037
below_good,38,245,-175,-1,0.5055
below_good,38,250,-170,-1,0.5077
below_good,38,255,-165,-1,0.5014
below_good,38,260,-160,-1,0.5109
below_good,38,265,-155,-1,0.5054
below_good,38,270,-150,-1,0.4912
below_good,38,275,-145,-1,0.4933
below_good,38,280,-140,-1,0.504
below_good,38,285,-135,-1,0.5102
below_good,38,290,-130,-1,0.5128
below_good,38,295,-125,-1,0.5189
below_good,38,300,-120,-1,0.524
below_good,38,305,-115,-1,0.5213
below_good,38,310,-110,-1,0.5182
below_good,38,315,-105,-1,0.5228
below_good,38,320,-100,-1,0.5416
below_good,38,325,-95,-1,0.5543
below_good,38,330,-90,-1,0.5642
below_good,38,335,-85,-1,0.5671
below_good,38,340,-80,-1,0.5707
below_good,38,345,-75,-1,0.5656
below_good,38,350,-70,-1,0.5621
below_good,38,355,-65,-1,0.5535
below_good,38,360,-60,-1,0.5509
below_good,38,365,-55,-1,0.5498
below_good,38,370,-50,-1,0.5484
below_good,38,375,-45,-1,0.5418
below_good,38,380,-40,-1,0.5377
below_good,38,385,-35,-1,0.5311
below_good,38,390,-30,-1,0.5217
below_good,38,395,-25,-1,0.5055
below_good,38,400,-20,-1,0.5046
below_good,38,405,-15,-1,0.5102
below_good,38,410,-10,-1,0.5357
below_good,38,415,-5,-1,0.5551
below_good,38,420,0,-1,0.5751
below_good,38,425,5,-1,0.5869
below_good,39,0,-360,-1,0.5394
below_good,39,5,-355,-1,0.5343
below_good,39,10,-350,-1,0.5385
below_good,39,15,-345,-1,0.538
below_good,39,20,-340,-1,0.5332
below_good,39,25,-335,-1,0.5426
below_good,39,30,-330,-1,0.5449
below_good,39,35,-325,-1,0.5383
below_good,39,40,-320,-1,0.5391
below_good,39,45,-315,-1,0.5464
below_good,39,50,-310,-1,0.5402
below_good,39,55,-305,-1,0.5428
below_good,39,60,-300,-1,0.5511
below_good,39,65,-295,-1,0.5548
below_good,39,70,-290,-1,0.5565
below_good,39,75,-285,-1,0.5528
below_good,39,80,-280,-1,0.5487
below_good,39,85,-275,-1,0.5476
below_good,39,90,-270,-1,0.5421
below_good,39,95,-265,-1,0.5402
below_good,39,100,-260,-1,0.5468
below_good,39,105,-255,-1,0.5496
below_good,39,110,-250,-1,0.5411
below_good,39,115,-245,-1,0.5396
below_good,39,120,-240,-1,0.5407
below_good,39,125,-235,-1,0.5383
below_good,39,130,-230,-1,0.54
below_good,39,135,-225,-1,0.5504
below_good,39,140,-220,-1,0.5581
below_good,39,145,-215,-1,0.5576
below_good,39,150,-210,-1,0.5583
below_good,39,155,-205,-1,0.5505
below_good,39,160,-200,-1,0.5359
below_good,39,165,-195,-1,0.5257
below_good,39,170,-190,-1,0.5096
below_good,39,175,-185,-1,0.4951
below_good,39,180,-180,-1,0.4915
below_good,39,185,-175,-1,0.4831
below_good,39,190,-170,-1,0.484
below_good,39,195,-165,-1,0.4839
below_good,39,200,-160,-1,0.4872
below_good,39,205,-155,-1,0.4933
below_good,39,210,-150,-1,0.5098
below_good,39,215,-145,-1,0.5088
below_good,39,220,-140,-1,0.5185
below_good,39,225,-135,-1,0.5358
below_good,39,230,-130,-1,0.5289
below_good,39,235,-125,-1,0.5239
below_good,39,240,-120,-1,0.5213
below_good,39,245,-115,-1,0.5192
below_good,39,250,-110,-1,0.5126
below_good,39,255,-105,-1,0.5108
below_good,39,260,-100,-1,0.5078
below_good,39,265,-95,-1,0.5122
below_good,39,270,-90,-1,0.5108
below_good,39,275,-85,-1,0.5046
below_good,39,280,-80,-1,0.5126
below_good,39,285,-75,-1,0.5194
below_good,39,290,-70,-1,0.5319
below_good,39,295,-65,-1,0.5418
below_good,39,300,-60,-1,0.5548
below_good,39,305,-55,-1,0.5647
below_good,39,310,-50,-1,0.5723
below_good,39,315,-45,-1,0.5698
below_good,39,320,-40,-1,0.5639
below_good,39,325,-35,-1,0.5567
below_good,39,330,-30,-1,0.5517
below_good,39,335,-25,-1,0.5551
below_good,39,340,-20,-1,0.5635
below_good,39,345,-15,-1,0.5742
below_good,39,350,-10,-1,0.5864
below_good,39,355,-5,-1,0.5978
below_good,39,360,0,-1,0.6035
below_good,40,0,-444,-1,0.5171
below_good,40,5,-439,-1,0.5169
below_good,40,10,-434,-1,0.5182
below_good,40,15,-429,-1,0.5153
below_good,40,20,-424,-1,0.5162
below_good,40,25,-419,-1,0.5206
below_good,40,30,-414,-1,0.5271
below_good,40,35,-409,-1,0.5408
below_good,40,40,-404,-1,0.5392
below_good,40,45,-399,-1,0.5368
below_good,40,50,-394,-1,0.5286
below_good,40,55,-389,-1,0.5183
below_good,40,60,-384,-1,0.505
below_good,40,65,-379,-1,0.5089
below_good,40,70,-374,-1,0.5179
below_good,40,75,-369,-1,0.5238
below_good,40,80,-364,-1,0.5326
below_good,40,85,-359,-1,0.5345
below_good,40,90,-354,-1,0.5343
below_good,40,95,-349,-1,0.5324
below_good,40,100,-344,-1,0.5314
below_good,40,105,-339,-1,0.529
below_good,40,110,-334,-1,0.5269
below_good,40,115,-329,-1,0.537
below_good,40,120,-324,-1,0.5427
below_good,40,125,-319,-1,0.5441
below_good,40,130,-314,-1,0.5482
below_good,40,135,-309,-1,0.5438
below_good,40,140,-304,-1,0.5337
below_good,40,145,-299,-1,0.5226
below_good,40,150,-294,-1,0.52
below_good,40,155,-289,-1,0.5105
below_good,40,160,-284,-1,0.5051
below_good,40,165,-279,-1,0.5138
below_good,40,170,-274,-1,0.5203
below_good,40,175,-269,-1,0.5261
below_good,40,180,-264,-1,0.5307
below_good,40,185,-259,-1,0.5365
below_good,40,190,-254,-1,0.522
below_good,40,195,-249,-1,0.5118
below_good,40,200,-244,-1,0.4967
below_good,40,205,-239,-1,0.4826
below_good,40,210,-234,-1,0.4771
below_good,40,215,-229,-1,0.4786
below_good,40,220,-224,-1,0.4796
below_good,40,225,-219,-1,0.4899
below_good,40,230,-214,-1,0.4975
below_good,40,235,-209,-1,0.5115
below_good,40,240,-204,-1,0.5278
below_good,40,245,-199,-1,0.5357
below_good,40,250,-194,-1,0.535
below_good,40,255,-189,-1,0.5463
below_good,40,260,-184,-1,0.5497
below_good,40,265,-179,-1,0.5385
below_good,40,270,-174,-1,0.5446
below_good,40,275,-169,-1,0.5503
below_good,40,280,-164,-1,0.5427
below_good,40,285,-159,-1,0.5376
below_good,40,290,-154,-1,0.5401
below_good,40,295,-149,-1,0.5322
below_good,40,300,-144,-1,0.5174
below_good,40,305,-139,-1,0.521
below_good,40,310,-134,-1,0.5234
below_good,40,315,-129,-1,0.5177
below_good,40,320,-124,-1,0.513
below_good,40,325,-119,-1,0.5196
below_good,40,330,-114,-1,0.5163
below_good,40,335,-109,-1,0.5022
below_good,40,340,-104,-1,0.5084
below_good,40,345,-99,-1,0.5056
below_good,40,350,-94,-1,0.5117
below_good,40,355,-89,-1,0.5239
below_good,40,360,-84,-1,0.5349
below_good,40,365,-79,-1,0.5397
below_good,40,370,-74,-1,0.5552
below_good,40,375,-69,-1,0.5515
below_good,40,380,-64,-1,0.55
below_good,40,385,-59,-1,0.5548
below_good,40,390,-54,-1,0.552
below_good,40,395,-49,-1,0.5514
below_good,40,400,-44,-1,0.5549
below_good,40,405,-39,-1,0.5456
below_good,40,410,-34,-1,0.5395
below_good,40,415,-29,-1,0.5376
below_good,40,420,-24,-1,0.5303
below_good,40,425,-19,-1,0.5251
below_good,40,430,-14,-1,0.53
below_good,40,435,-9,-1,0.5401
below_good,40,440,-4,-1,0.5428
below_good,40,445,1,-1,0.549
below_good,41,0,,-1,0.515
below_good,41,5,,-1,0.5193
below_good,41,10,,-1,0.5212
below_good,41,15,,-1,0.5166
below_good,41,20,,-1,0.5222
below_good,41,25,,-1,0.5259
below_good,41,30,,-1,0.5158
below_good,41,35,,-1,0.5155
below_good,41,40,,-1,0.5287
below_good,41,45,,-1,0.5358
below_good,41,50,,-1,0.5332
below_good,41,55,,-1,0.5498
below_good,41,60,,-1,0.5588
below_good,41,65,,-1,0.556
below_good,41,70,,-1,0.5613
below_good,41,75,,-1,0.5669
below_good,41,80,,-1,0.5523
below_good,41,85,,-1,0.5524
below_good,41,90,,-1,0.5531
below_good,41,95,,-1,0.5428
below_good,41,100,,-1,0.5363
below_good,41,105,,-1,0.5589
below_good,41,110,,-1,0.5684
below_good,41,115,,-1,0.5755
below_good,41,120,,-1,0.5879
below_good,41,125,,-1,0.5941
below_good,41,130,,-1,0.5887
below_good,41,135,,-1,0.5884
below_good,41,140,,-1,0.5794
below_good,41,145,,-1,0.5689
below_good,41,150,,-1,0.5627
below_good,41,155,,-1,0.5541
below_good,41,160,,-1,0.54
below_good,41,165,,-1,0.538
below_good,41,170,,-1,0.5295
below_good,41,175,,-1,0.5251
below_good,41,180,,-1,0.5136
below_good,41,185,,-1,0.5079
below_good,41,190,,-1,0.5007
below_good,41,195,,-1,0.495
below_good,41,200,,-1,0.4679
below_good,41,205,,-1,0.4631
below_good,41,210,,-1,0.4418
below_good,41,215,,-1,0.428
below_good,41,220,,-1,0.4133
below_good,41,225,,-1,0.419
below_good,41,230,,-1,0.4199
below_good,41,235,,-1,0.4286
below_good,41,240,,-1,0.4295
below_good,41,245,,-1,0.4456
below_good,41,250,,-1,0.4449
below_good,41,255,,-1,0.4032
below_good,41,260,,-1,0.3559
below_good,41,265,,-1,0.3153
below_good,41,270,,-1,0.2601
below_good,41,275,,-1,0.217
below_good,41,280,,-1,0.2045
below_good,41,285,,-1,0.2097
below_good,41,290,,-1,0.2163
below_good,41,295,,-1,0.2244
below_good,41,300,,-1,0.2374
below_good,41,305,,-1,0.2611
below_good,41,310,,-1,0.2783
below_good,41,315,,-1,0.2774
below_good,41,320,,-1,0.2726
below_good,41,325,,-1,0.2718
below_good,41,330,,-1,0.2652
below_good,41,335,,-1,0.2539
below_good,41,340,,-1,0.2578
below_good,41,345,,-1,0.2792
below_good,41,350,,-1,0.2861
below_good,41,355,,-1,0.2739
below_good,41,360,,-1,0.2642
below_good,41,365,,-1,0.2579
below_good,41,370,,-1,0.2502
below_good,41,375,,-1,0.2495
below_good,41,380,,-1,0.2557
below_good,41,385,,-1,0.2407
below_good,41,390,,-1,0.2403
below_good,41,395,,-1,0.2079
below_good,41,400,,-1,0.1819
below_good,41,405,,-1,0.1617
below_good,41,410,,-1,0.1637
below_good,41,415,,-1,0.1623
below_good,41,420,,-1,0.2007
below_good,41,425,,-1,0.2248
below_good,41,430,,-1,0.2299
below_good,41,435,,-1,0.2258
below_good,41,440,,-1,0.2202
below_good,41,445,,-1,0.2043
below_good,41,450,,-1,0.1958
below_good,41,455,,-1,0.2398
below_good,41,460,,-1,0.2512
below_good,41,465,,-1,0.2608
below_good,41,470,,-1,0.2882
below_good,41,475,,-1,0.2974
below_good,41,480,,-1,0.3073
below_good,41,485,,-1,0.3283
below_good,41,490,,-1,0.3541
below_good,41,495,,-1,0.3513
below_good,41,500,,-1,0.3623
below_good,41,505,,-1,0.3343
below_good,41,510,,-1,0.3496
below_good,41,515,,-1,0.3544
below_good,41,520,,-1,0.3503
below_good,41,525,,-1,0.3598
below_good,42,0,-417,-1,0.5239
below_good,42,5,-412,-1,0.5264
below_good,42,10,-407,-1,0.5259
below_good,42,15,-402,-1,0.5307
below_good,42,20,-397,-1,0.5346
below_good,42,25,-392,-1,0.5334
below_good,42,30,-387,-1,0.5377
below_good,42,35,-382,-1,0.5375
below_good,42,40,-377,-1,0.5347
below_good,42,45,-372,-1,0.536
below_good,42,50,-367,-1,0.5458
below_good,42,55,-362,-1,0.5461
below_good,42,60,-357,-1,0.5465
below_good,42,65,-352,-1,0.5436
below_good,42,70,-347,-1,0.5478
below_good,42,75,-342,-1,0.541
below_good,42,80,-337,-1,0.5377
below_good,42,85,-332,-1,0.5376
below_good,42,90,-327,-1,0.5455
below_good,42,95,-322,-1,0.5479
below_good,42,100,-317,-1,0.5525
below_good,42,105,-312,-1,0.5611
below_good,42,110,-307,-1,0.5737
below_good,42,115,-302,-1,0.5665
below_good,42,120,-297,-1,0.5607
below_good,42,125,-292,-1,0.5525
below_good,42,130,-287,-1,0.5386
below_good,42,135,-282,-1,0.5247
below_good,42,140,-277,-1,0.5188
below_good,42,145,-272,-1,0.5085
below_good,42,150,-267,-1,0.5024
below_good,42,155,-262,-1,0.5087
below_good,42,160,-257,-1,0.5164
below_good,42,165,-252,-1,0.5275
below_good,42,170,-247,-1,0.5338
below_good,42,175,-242,-1,0.546
below_good,42,180,-237,-1,0.5476
below_good,42,185,-232,-1,0.5404
below_good,42,190,-227,-1,0.5352
below_good,42,195,-222,-1,0.5426
below_good,42,200,-217,-1,0.5458
below_good,42,205,-212,-1,0.5469
below_good,42,210,-207,-1,0.5472
below_good,42,215,-202,-1,0.5518
below_good,42,220,-197,-1,0.5524
below_good,42,225,-192,-1,0.5578
below_good,42,230,-187,-1,0.5528
below_good,42,235,-182,-1,0.563
below_good,42,240,-177,-1,0.5719
below_good,42,245,-172,-1,0.5657
below_good,42,250,-167,-1,0.5593
below_good,42,255,-162,-1,0.5564
below_good,42,260,-157,-1,0.5408
below_good,42,265,-152,-1,0.5319
below_good,42,270,-147,-1,0.5322
below_good,42,275,-142,-1,0.516
below_good,42,280,-137,-1,0.5189
below_good,42,285,-132,-1,0.5351
below_good,42,290,-127,-1,0.5319
below_good,42,295,-122,-1,0.5227
below_good,42,300,-117,-1,0.5263
below_good,42,305,-112,-1,0.5298
below_good,42,310,-107,-1,0.5312
below_good,42,315,-102,-1,0.5288
below_good,42,320,-97,-1,0.5359
below_good,42,325,-92,-1,0.556
below_good,42,330,-87,-1,0.5627
below_good,42,335,-82,-1,0.5627
below_good,42,340,-77,-1,0.5754
below_good,42,345,-72,-1,0.587
below_good,42,350,-67,-1,0.5716
below_good,42,355,-62,-1,0.5637
below_good,42,360,-57,-1,0.5642
below_good,42,365,-52,-1,0.5593
below_good,42,370,-47,-1,0.5368
below_good,42,375,-42,-1,0.5434
below_good,42,380,-37,-1,0.5464
below_good,42,385,-32,-1,0.5548
below_good,42,390,-27,-1,0.5554
below_good,42,395,-22,-1,0.5752
below_good,42,400,-17,-1,0.578
below_good,42,405,-12,-1,0.5889
below_good,42,410,-7,-1,0.5837
below_good,42,415,-2,-1,0.5902
below_good,42,420,3,-1,0.5973
below_good,43,0,-343,-1,0.5411
below_good,43,5,-338,-1,0.5401
below_good,43,10,-333,-1,0.5362
below_good,43,15,-328,-1,0.5391
below_good,43,20,-323,-1,0.5415
below_good,43,25,-318,-1,0.5536
below_good,43,30,-313,-1,0.569
below_good,43,35,-308,-1,0.5777
below_good,43,40,-303,-1,0.5757
below_good,43,45,-298,-1,0.5705
below_good,43,50,-293,-1,0.557
below_good,43,55,-288,-1,0.5469
below_good,43,60,-283,-1,0.5421
below_good,43,65,-278,-1,0.5364
below_good,43,70,-273,-1,0.528
below_good,43,75,-268,-1,0.5325
below_good,43,80,-263,-1,0.5315
below_good,43,85,-258,-1,0.5388
below_good,43,90,-253,-1,0.5482
below_good,43,95,-248,-1,0.5623
below_good,43,100,-243,-1,0.5727
below_good,43,105,-238,-1,0.5763
below_good,43,110,-233,-1,0.5877
below_good,43,115,-228,-1,0.5955
below_good,43,120,-223,-1,0.6051
below_good,43,125,-218,-1,0.5936
below_good,43,130,-213,-1,0.5878
below_good,43,135,-208,-1,0.5666
below_good,43,140,-203,-1,0.5508
below_good,43,145,-198,-1,0.5298
below_good,43,150,-193,-1,0.5279
below_good,43,155,-188,-1,0.5235
below_good,43,160,-183,-1,0.5193
below_good,43,165,-178,-1,0.5195
below_good,43,170,-173,-1,0.5259
below_good,43,175,-168,-1,0.5149
below_good,43,180,-163,-1,0.5042
below_good,43,185,-158,-1,0.4976
below_good,43,190,-153,-1,0.489
below_good,43,195,-148,-1,0.4743
below_good,43,200,-143,-1,0.4717
below_good,43,205,-138,-1,0.4656
below_good,43,210,-133,-1,0.4668
below_good,43,215,-128,-1,0.4788
below_good,43,220,-123,-1,0.49
below_good,43,225,-118,-1,0.5106
below_good,43,230,-113,-1,0.5243
below_good,43,235,-108,-1,0.5326
below_good,43,240,-103,-1,0.5314
below_good,43,245,-98,-1,0.5307
below_good,43,250,-93,-1,0.521
below_good,43,255,-88,-1,0.5271
below_good,43,260,-83,-1,0.5269
below_good,43,265,-78,-1,0.5349
below_good,43,270,-73,-1,0.5313
below_good,43,275,-68,-1,0.5384
below_good,43,280,-63,-1,0.5423
below_good,43,285,-58,-1,0.5406
below_good,43,290,-53,-1,0.5445
below_good,43,295,-48,-1,0.5524
below_good,43,300,-43,-1,0.5506
below_good,43,305,-38,-1,0.5574
below_good,43,310,-33,-1,0.5633
below_good,43,315,-28,-1,0.5642
below_good,43,320,-23,-1,0.5722
below_good,43,325,-18,-1,0.5758
below_good,43,330,-13,-1,0.5808
below_good,43,335,-8,-1,0.592
below_good,43,340,-3,-1,0.5891
below_good,43,345,2,-1,0.5915
below_good,43,350,7,-1,0.601
below_good,45,0,-473,-1,0.5451
below_good,45,5,-468,-1,0.5441
below_good,45,10,-463,-1,0.5518
below_good,45,15,-458,-1,0.5475
below_good,45,20,-453,-1,0.5539
below_good,45,25,-448,-1,0.5578
below_good,45,30,-443,-1,0.5593
below_good,45,35,-438,-1,0.5471
below_good,45,40,-433,-1,0.5473
below_good,45,45,-428,-1,0.5388
below_good,45,50,-423,-1,0.5418
below_good,45,55,-418,-1,0.5402
below_good,45,60,-413,-1,0.5643
below_good,45,65,-408,-1,0.5702
below_good,45,70,-403,-1,0.568
below_good,45,75,-398,-1,0.5612
below_good,45,80,-393,-1,0.5639
below_good,45,85,-388,-1,0.5446
below_good,45,90,-383,-1,0.5448
below_good,45,95,-378,-1,0.5369
below_good,45,100,-373,-1,0.5376
below_good,45,105,-368,-1,0.5406
below_good,45,110,-363,-1,0.5392
below_good,45,115,-358,-1,0.5332
below_good,45,120,-353,-1,0.5388
below_good,45,125,-348,-1,0.55
below_good,45,130,-343,-1,0.5531
below_good,45,135,-338,-1,0.5514
below_good,45,140,-333,-1,0.5555
below_good,45,145,-328,-1,0.5614
below_good,45,150,-323,-1,0.543
below_good,45,155,-318,-1,0.5338
below_good,45,160,-313,-1,0.5272
below_good,45,165,-308,-1,0.5259
below_good,45,170,-303,-1,0.5292
below_good,45,175,-298,-1,0.5366
below_good,45,180,-293,-1,0.5377
below_good,45,185,-288,-1,0.5534
below_good,45,190,-283,-1,0.5499
below_good,45,195,-278,-1,0.5362
below_good,45,200,-273,-1,0.5325
below_good,45,205,-268,-1,0.5288
below_good,45,210,-263,-1,0.5195
below_good,45,215,-258,-1,0.5254
below_good,45,220,-253,-1,0.5328
below_good,45,225,-248,-1,0.5393
below_good,45,230,-243,-1,0.5457
below_good,45,235,-238,-1,0.5495
below_good,45,240,-233,-1,0.5466
below_good,45,245,-228,-1,0.5451
below_good,45,250,-223,-1,0.5457
below_good,45,255,-218,-1,0.546
below_good,45,260,-213,-1,0.5457
below_good,45,265,-208,-1,0.5522
below_good,45,270,-203,-1,0.5548
below_good,45,275,-198,-1,0.5558
below_good,45,280,-193,-1,0.5404
below_good,45,285,-188,-1,0.5341
below_good,45,290,-183,-1,0.5234
below_good,45,295,-178,-1,0.5112
below_good,45,300,-173,-1,0.4943
below_good,45,305,-168,-1,0.4935
below_good,45,310,-163,-1,0.4928
below_good,45,315,-158,-1,0.4936
below_good,45,320,-153,-1,0.5058
below_good,45,325,-148,-1,0.5169
below_good,45,330,-143,-1,0.4944
below_good,45,335,-138,-1,0.4812
below_good,45,340,-133,-1,0.4688
below_good,45,345,-128,-1,0.4253
below_good,45,350,-123,-1,0.3879
below_good,45,355,-118,-1,0.359
below_good,45,360,-113,-1,0.3301
below_good,45,365,-108,-1,0.3309
below_good,45,370,-103,-1,0.3682
below_good,45,375,-98,-1,0.3913
below_good,45,380,-93,-1,0.4463
below_good,45,385,-88,-1,0.4797
below_good,45,390,-83,-1,0.4301
below_good,45,395,-78,-1,0.3616
below_good,45,400,-73,-1,0.3646
below_good,45,405,-68,-1,0.3423
below_good,45,410,-63,-1,0.3062
below_good,45,415,-58,-1,0.3293
below_good,45,420,-53,-1,0.3704
below_good,45,425,-48,-1,0.3657
below_good,45,430,-43,-1,0.3734
below_good,45,435,-38,-1,0.3933
below_good,45,440,-33,-1,0.4339
below_good,45,445,-28,-1,0.4338
below_good,45,450,-23,-1,0.4326
below_good,45,455,-18,-1,0.4513
below_good,45,460,-13,-1,0.4915
below_good,45,465,-8,-1,0.4869
below_good,45,470,-3,-1,0.5183
below_good,47,0,-430,-1,0.5254
below_good,47,5,-425,-1,0.5263
below_good,47,10,-420,-1,0.525
below_good,47,15,-415,-1,0.5248
below_good,47,20,-410,-1,0.5314
below_good,47,25,-405,-1,0.534
below_good,47,30,-400,-1,0.5372
below_good,47,35,-395,-1,0.5337
below_good,47,40,-390,-1,0.5372
below_good,47,45,-385,-1,0.5352
below_good,47,50,-380,-1,0.5437
below_good,47,55,-375,-1,0.5455
below_good,47,60,-370,-1,0.556
below_good,47,65,-365,-1,0.5594
below_good,47,70,-360,-1,0.5571
below_good,47,75,-355,-1,0.5512
below_good,47,80,-350,-1,0.5522
below_good,47,85,-345,-1,0.5511
below_good,47,90,-340,-1,0.5537
below_good,47,95,-335,-1,0.5655
below_good,47,100,-330,-1,0.5736
below_good,47,105,-325,-1,0.5744
below_good,47,110,-320,-1,0.5858
below_good,47,115,-315,-1,0.5884
below_good,47,120,-310,-1,0.5784
below_good,47,125,-305,-1,0.5737
below_good,47,130,-300,-1,0.5676
below_good,47,135,-295,-1,0.5542
below_good,47,140,-290,-1,0.5533
below_good,47,145,-285,-1,0.5487
below_good,47,150,-280,-1,0.5383
below_good,47,155,-275,-1,0.5318
below_good,47,160,-270,-1,0.5298
below_good,47,165,-265,-1,0.5232
below_good,47,170,-260,-1,0.5253
below_good,47,175,-255,-1,0.5197
below_good,47,180,-250,-1,0.4725
below_good,47,185,-245,-1,0.4351
below_good,47,190,-240,-1,0.4147
below_good,47,195,-235,-1,0.3815
below_good,47,200,-230,-1,0.3583
below_good,47,205,-225,-1,0.3552
below_good,47,210,-220,-1,0.332
below_good,47,215,-215,-1,0.3235
below_good,47,220,-210,-1,0.3344
below_good,47,225,-205,-1,0.3651
below_good,47,230,-200,-1,0.3841
below_good,47,235,-195,-1,0.3866
below_good,47,240,-190,-1,0.3594
below_good,47,245,-185,-1,0.3251
below_good,47,250,-180,-1,0.2692
below_good,47,255,-175,-1,0.2657
below_good,47,260,-170,-1,0.2853
below_good,47,265,-165,-1,0.2878
below_good,47,270,-160,-1,0.29
below_good,47,275,-155,-1,0.2872
below_good,47,280,-150,-1,0.296
below_good,47,285,-145,-1,0.2763
below_good,47,290,-140,-1,0.2688
below_good,47,295,-135,-1,0.2754
below_good,47,300,-130,-1,0.2788
below_good,47,305,-125,-1,0.2557
below_good,47,310,-120,-1,0.2704
below_good,47,315,-115,-1,0.2791
below_good,47,320,-110,-1,0.2742
below_good,47,325,-105,-1,0.2853
below_good,47,330,-100,-1,0.308
below_good,47,335,-95,-1,0.3104
below_good,47,340,-90,-1,0.3004
below_good,47,345,-85,-1,0.2842
below_good,47,350,-80,-1,0.2613
below_good,47,355,-75,-1,0.2653
below_good,47,360,-70,-1,0.2788
below_good,47,365,-65,-1,0.2994
below_good,47,370,-60,-1,0.3252
below_good,47,375,-55,-1,0.3649
below_good,47,380,-50,-1,0.3653
below_good,47,385,-45,-1,0.3697
below_good,47,390,-40,-1,0.3843
below_good,47,395,-35,-1,0.4279
below_good,47,400,-30,-1,0.4544
below_good,47,405,-25,-1,0.4651
below_good,47,410,-20,-1,0.4945
below_good,47,415,-15,-1,0.5285
below_good,47,420,-10,-1,0.5439
below_good,47,425,-5,-1,0.5492
below_good,47,430,0,-1,0.5787
below_good,47,435,5,-1,0.5853
below_good,50,0,-330,-1,0.5323
below_good,50,5,-325,-1,0.5401
below_good,50,10,-320,-1,0.5403
below_good,50,15,-315,-1,0.5378
below_good,50,20,-310,-1,0.5386
below_good,50,25,-305,-1,0.5411
below_good,50,30,-300,-1,0.5363
below_good,50,35,-295,-1,0.5386
below_good,50,40,-290,-1,0.5351
below_good,50,45,-285,-1,0.5347
below_good,50,50,-280,-1,0.5343
below_good,50,55,-275,-1,0.5402
below_good,50,60,-270,-1,0.5399
below_good,50,65,-265,-1,0.5453
below_good,50,70,-260,-1,0.5485
below_good,50,75,-255,-1,0.5508
below_good,50,80,-250,-1,0.5477
below_good,50,85,-245,-1,0.5503
below_good,50,90,-240,-1,0.5451
below_good,50,95,-235,-1,0.5427
below_good,50,100,-230,-1,0.5174
below_good,50,105,-225,-1,0.4962
below_good,50,110,-220,-1,0.4889
below_good,50,115,-215,-1,0.4858
below_good,50,120,-210,-1,0.4867
below_good,50,125,-205,-1,0.5101
below_good,50,130,-200,-1,0.5301
below_good,50,135,-195,-1,0.537
below_good,50,140,-190,-1,0.5457
below_good,50,145,-185,-1,0.5513
below_good,50,150,-180,-1,0.545
below_good,50,155,-175,-1,0.5438
below_good,50,160,-170,-1,0.5378
below_good,50,165,-165,-1,0.5444
below_good,50,170,-160,-1,0.549
below_good,50,175,-155,-1,0.5487
below_good,50,180,-150,-1,0.5475
below_good,50,185,-145,-1,0.5441
below_good,50,190,-140,-1,0.5327
below_good,50,195,-135,-1,0.5158
below_good,50,200,-130,-1,0.525
below_good,50,205,-125,-1,0.5263
below_good,50,210,-120,-1,0.5299
below_good,50,215,-115,-1,0.5282
below_good,50,220,-110,-1,0.5258
below_good,50,225,-105,-1,0.5224
below_good,50,230,-100,-1,0.515
below_good,50,235,-95,-1,0.505
below_good,50,240,-90,-1,0.5127
below_good,50,245,-85,-1,0.5229
below_good,50,250,-80,-1,0.5305
below_good,50,255,-75,-1,0.5377
below_good,50,260,-70,-1,0.5491
below_good,50,265,-65,-1,0.5476
below_good,50,270,-60,-1,0.5649
below_good,50,275,-55,-1,0.5605
below_good,50,280,-50,-1,0.5628
below_good,50,285,-45,-1,0.5666
below_good,50,290,-40,-1,0.5684
below_good,50,295,-35,-1,0.565
below_good,50,300,-30,-1,0.5721
below_good,50,305,-25,-1,0.5777
below_good,50,310,-20,-1,0.5869
below_good,50,315,-15,-1,0.5922
below_good,50,320,-10,-1,0.5976
below_good,50,325,-5,-1,0.5979
below_good,50,330,0,-1,0.6054
below_good,52,0,-411,-1,0.5412
below_good,52,5,-406,-1,0.541
below_good,52,10,-401,-1,0.5387
below_good,52,15,-396,-1,0.541
below_good,52,20,-391,-1,0.5376
below_good,52,25,-386,-1,0.5432
below_good,52,30,-381,-1,0.5431
below_good,52,35,-376,-1,0.5498
below_good,52,40,-371,-1,0.5426
below_good,52,45,-366,-1,0.5452
below_good,52,50,-361,-1,0.541
below_good,52,55,-356,-1,0.5404
below_good,52,60,-351,-1,0.5284
below_good,52,65,-346,-1,0.5223
below_good,52,70,-341,-1,0.5173
below_good,52,75,-336,-1,0.5153
below_good,52,80,-331,-1,0.5223
below_good,52,85,-326,-1,0.5372
below_good,52,90,-321,-1,0.5494
below_good,52,95,-316,-1,0.5551
below_good,52,100,-311,-1,0.5659
below_good,52,105,-306,-1,0.5703
below_good,52,110,-301,-1,0.5625
below_good,52,115,-296,-1,0.5577
below_good,52,120,-291,-1,0.5474
below_good,52,125,-286,-1,0.535
below_good,52,130,-281,-1,0.5208
below_good,52,135,-276,-1,0.5174
below_good,52,140,-271,-1,0.5243
below_good,52,145,-266,-1,0.5294
below_good,52,150,-261,-1,0.5361
below_good,52,155,-256,-1,0.5359
below_good,52,160,-251,-1,0.5379
below_good,52,165,-246,-1,0.5385
below_good,52,170,-241,-1,0.5482
below_good,52,175,-236,-1,0.5493
below_good,52,180,-231,-1,0.5608
below_good,52,185,-226,-1,0.5574
below_good,52,190,-221,-1,0.5522
below_good,52,195,-216,-1,0.5415
below_good,52,200,-211,-1,0.5352
below_good,52,205,-206,-1,0.5214
below_good,52,210,-201,-1,0.5176
below_good,52,215,-196,-1,0.5103
below_good,52,220,-191,-1,0.5115
below_good,52,225,-186,-1,0.5071
below_good,52,230,-181,-1,0.5099
below_good,52,235,-176,-1,0.5198
below_good,52,240,-171,-1,0.5332
below_good,52,245,-166,-1,0.5433
below_good,52,250,-161,-1,0.5387
below_good,52,255,-156,-1,0.5392
below_good,52,260,-151,-1,0.5408
below_good,52,265,-146,-1,0.5364
below_good,52,270,-141,-1,0.5304
below_good,52,275,-136,-1,0.5421
below_good,52,280,-131,-1,0.5493
below_good,52,285,-126,-1,0.5488
below_good,52,290,-121,-1,0.5476
below_good,52,295,-116,-1,0.5432
below_good,52,300,-111,-1,0.5457
below_good,52,305,-106,-1,0.5379
below_good,52,310,-101,-1,0.5282
below_good,52,315,-96,-1,0.5217
below_good,52,320,-91,-1,0.5121
below_good,52,325,-86,-1,0.4993
below_good,52,330,-81,-1,0.4881
below_good,52,335,-76,-1,0.4886
below_good,52,340,-71,-1,0.4939
below_good,52,345,-66,-1,0.4958
below_good,52,350,-61,-1,0.5068
below_good,52,355,-56,-1,0.5139
below_good,52,360,-51,-1,0.5182
below_good,52,365,-46,-1,0.5222
below_good,52,370,-41,-1,0.5229
below_good,52,375,-36,-1,0.5138
below_good,52,380,-31,-1,0.5258
below_good,52,385,-26,-1,0.5252
below_good,52,390,-21,-1,0.5133
below_good,52,395,-16,-1,0.5186
below_good,52,400,-11,-1,0.5377
below_good,52,405,-6,-1,0.5313
below_good,52,410,-1,-1,0.5338
below_good,53,0,-437,-1,0.539
below_good,53,5,-432,-1,0.5388
below_good,53,10,-427,-1,0.535
below_good,53,15,-422,-1,0.5369
below_good,53,20,-417,-1,0.5335
below_good,53,25,-412,-1,0.5431
below_good,53,30,-407,-1,0.5565
below_good,53,35,-402,-1,0.5624
below_good,53,40,-397,-1,0.5611
below_good,53,45,-392,-1,0.5695
below_good,53,50,-387,-1,0.5644
below_good,53,55,-382,-1,0.5525
below_good,53,60,-377,-1,0.5539
below_good,53,65,-372,-1,0.5511
below_good,53,70,-367,-1,0.5444
below_good,53,75,-362,-1,0.5442
below_good,53,80,-357,-1,0.5438
below_good,53,85,-352,-1,0.5414
below_good,53,90,-347,-1,0.5459
below_good,53,95,-342,-1,0.5409
below_good,53,100,-337,-1,0.5374
below_good,53,105,-332,-1,0.5335
below_good,53,110,-327,-1,0.5336
below_good,53,115,-322,-1,0.5237
below_good,53,120,-317,-1,0.5189
below_good,53,125,-312,-1,0.5181
below_good,53,130,-307,-1,0.5222
below_good,53,135,-302,-1,0.519
below_good,53,140,-297,-1,0.5234
below_good,53,145,-292,-1,0.5432
below_good,53,150,-287,-1,0.5466
below_good,53,155,-282,-1,0.5474
below_good,53,160,-277,-1,0.5442
below_good,53,165,-272,-1,0.5469
below_good,53,170,-267,-1,0.5358
below_good,53,175,-262,-1,0.5353
below_good,53,180,-257,-1,0.5219
below_good,53,185,-252,-1,0.5267
below_good,53,190,-247,-1,0.5256
below_good,53,195,-242,-1,0.516
below_good,53,200,-237,-1,0.5027
below_good,53,205,-232,-1,0.5009
below_good,53,210,-227,-1,0.4896
below_good,53,215,-222,-1,0.4799
below_good,53,220,-217,-1,0.4781
below_good,53,225,-212,-1,0.4842
below_good,53,230,-207,-1,0.4887
below_good,53,235,-202,-1,0.4836
below_good,53,240,-197,-1,0.4816
below_good,53,245,-192,-1,0.4876
below_good,53,250,-187,-1,0.4795
below_good,53,255,-182,-1,0.4858
below_good,53,260,-177,-1,0.5061
below_good,53,265,-172,-1,0.5254
below_good,53,270,-167,-1,0.5183
below_good,53,275,-162,-1,0.5274
below_good,53,280,-157,-1,0.5216
below_good,53,285,-152,-1,0.5097
below_good,53,290,-147,-1,0.5022
below_good,53,295,-142,-1,0.5023
below_good,53,300,-137,-1,0.4969
below_good,53,305,-132,-1,0.4917
below_good,53,310,-127,-1,0.4835
below_good,53,315,-122,-1,0.4798
below_good,53,320,-117,-1,0.4764
below_good,53,325,-112,-1,0.4754
below_good,53,330,-107,-1,0.4748
below_good,53,335,-102,-1,0.4825
below_good,53,340,-97,-1,0.4863
below_good,53,345,-92,-1,0.5021
below_good,53,350,-87,-1,0.5079
below_good,53,355,-82,-1,0.5274
below_good,53,360,-77,-1,0.5302
below_good,53,365,-72,-1,0.5393
below_good,53,370,-67,-1,0.54
below_good,53,375,-62,-1,0.5439
below_good,53,380,-57,-1,0.5419
below_good,53,385,-52,-1,0.5464
below_good,53,390,-47,-1,0.5392
below_good,53,395,-42,-1,0.544
below_good,53,400,-37,-1,0.5457
below_good,53,405,-32,-1,0.5311
below_good,53,410,-27,-1,0.5309
below_good,53,415,-22,-1,0.5281
below_good,53,420,-17,-1,0.5314
below_good,53,425,-12,-1,0.547
below_good,53,430,-7,-1,0.567
below_good,53,435,-2,-1,0.5754
below_good,53,440,3,-1,0.5901
below_good,55,0,-347,-1,0.5228
below_good,55,5,-342,-1,0.5237
below_good,55,10,-337,-1,0.5254
below_good,55,15,-332,-1,0.5213
below_good,55,20,-327,-1,0.5165
below_good,55,25,-322,-1,0.5135
below_good,55,30,-317,-1,0.5092
below_good,55,35,-312,-1,0.5093
below_good,55,40,-307,-1,0.5204
below_good,55,45,-302,-1,0.5375
below_good,55,50,-297,-1,0.5451
below_good,55,55,-292,-1,0.5574
below_good,55,60,-287,-1,0.5697
below_good,55,65,-282,-1,0.5691
below_good,55,70,-277,-1,0.5636
below_good,55,75,-272,-1,0.5619
below_good,55,80,-267,-1,0.5607
below_good,55,85,-262,-1,0.5515
below_good,55,90,-257,-1,0.5419
below_good,55,95,-252,-1,0.5337
below_good,55,100,-247,-1,0.5372
below_good,55,105,-242,-1,0.5299
below_good,55,110,-237,-1,0.5225
below_good,55,115,-232,-1,0.5315
below_good,55,120,-227,-1,0.5367
below_good,55,125,-222,-1,0.5239
below_good,55,130,-217,-1,0.5267
below_good,55,135,-212,-1,0.5275
below_good,55,140,-207,-1,0.5234
below_good,55,145,-202,-1,0.5233
below_good,55,150,-197,-1,0.5214
below_good,55,155,-192,-1,0.5157
below_good,55,160,-187,-1,0.5084
below_good,55,165,-182,-1,0.5015
below_good,55,170,-177,-1,0.4909
below_good,55,175,-172,-1,0.4987
below_good,55,180,-167,-1,0.4921
below_good,55,185,-162,-1,0.497
below_good,55,190,-157,-1,0.492
below_good,55,195,-152,-1,0.4909
below_good,55,200,-147,-1,0.4942
below_good,55,205,-142,-1,0.5062
below_good,55,210,-137,-1,0.5105
below_good,55,215,-132,-1,0.5204
below_good,55,220,-127,-1,0.5288
below_good,55,225,-122,-1,0.5213
below_good,55,230,-117,-1,0.5081
below_good,55,235,-112,-1,0.4988
below_good,55,240,-107,-1,0.4867
below_good,55,245,-102,-1,0.4714
below_good,55,250,-97,-1,0.4628
below_good,55,255,-92,-1,0.4654
below_good,55,260,-87,-1,0.4893
below_good,55,265,-82,-1,0.5018
below_good,55,270,-77,-1,0.5242
below_good,55,275,-72,-1,0.5464
below_good,55,280,-67,-1,0.5602
below_good,55,285,-62,-1,0.5461
below_good,55,290,-57,-1,0.5579
below_good,55,295,-52,-1,0.5549
below_good,55,300,-47,-1,0.5568
below_good,55,305,-42,-1,0.5603
below_good,55,310,-37,-1,0.5698
below_good,55,315,-32,-1,0.5673
below_good,55,320,-27,-1,0.5746
below_good,55,325,-22,-1,0.5654
below_good,55,330,-17,-1,0.5599
below_good,55,335,-12,-1,0.5656
below_good,55,340,-7,-1,0.5666
below_good,55,345,-2,-1,0.5646
below_good,56,0,-347,1,0.5281
below_good,56,5,-342,1,0.5324
below_good,56,10,-337,1,0.5268
below_good,56,15,-332,1,0.5321
below_good,56,20,-327,1,0.5334
below_good,56,25,-322,1,0.5322
below_good,56,30,-317,1,0.53
below_good,56,35,-312,1,0.5302
below_good,56,40,-307,1,0.5357
below_good,56,45,-302,1,0.5353
below_good,56,50,-297,1,0.5437
below_good,56,55,-292,1,0.5471
below_good,56,60,-287,1,0.5588
below_good,56,65,-282,1,0.5597
below_good,56,70,-277,1,0.5686
below_good,56,75,-272,1,0.5764
below_good,56,80,-267,1,0.5842
below_good,56,85,-262,1,0.5779
below_good,56,90,-257,1,0.5673
below_good,56,95,-252,1,0.5609
below_good,56,100,-247,1,0.548
below_good,56,105,-242,1,0.5391
below_good,56,110,-237,1,0.5398
below_good,56,115,-232,1,0.5406
below_good,56,120,-227,1,0.5422
below_good,56,125,-222,1,0.5332
below_good,56,130,-217,1,0.5304
below_good,56,135,-212,1,0.5372
below_good,56,140,-207,1,0.5386
below_good,56,145,-202,1,0.5318
below_good,56,150,-197,1,0.5459
below_good,56,155,-192,1,0.5474
below_good,56,160,-187,1,0.5408
below_good,56,165,-182,1,0.5387
below_good,56,170,-177,1,0.5422
below_good,56,175,-172,1,0.5367
below_good,56,180,-167,1,0.544
below_good,56,185,-162,1,0.5535
below_good,56,190,-157,1,0.5658
below_good,56,195,-152,1,0.5589
below_good,56,200,-147,1,0.556
below_good,56,205,-142,1,0.5489
below_good,56,210,-137,1,0.5337
below_good,56,215,-132,1,0.5224
below_good,56,220,-127,1,0.5332
below_good,56,225,-122,1,0.5333
below_good,56,230,-117,1,0.5239
below_good,56,235,-112,1,0.5218
below_good,56,240,-107,1,0.5241
below_good,56,245,-102,1,0.5188
below_good,56,250,-97,1,0.5119
below_good,56,255,-92,1,0.5185
below_good,56,260,-87,1,0.5249
below_good,56,265,-82,1,0.5209
below_good,56,270,-77,1,0.5125
below_good,56,275,-72,1,0.5145
below_good,56,280,-67,1,0.5177
below_good,56,285,-62,1,0.5273
below_good,56,290,-57,1,0.5421
below_good,56,295,-52,1,0.5507
below_good,56,300,-47,1,0.5605
below_good,56,305,-42,1,0.5628
below_good,56,310,-37,1,0.559
below_good,56,315,-32,1,0.5503
below_good,56,320,-27,1,0.5532
below_good,56,325,-22,1,0.5626
below_good,56,330,-17,1,0.5685
below_good,56,335,-12,1,0.5794
below_good,56,340,-7,1,0.5814
below_good,56,345,-2,1,0.5939
below_good,56,350,3,1,0.5911
below_good,56,355,8,1,0.5887
below_good,56,360,13,1,0.5787
below_good,56,365,18,1,0.5804
below_good,56,370,23,1,0.5703
below_good,57,0,-341,-1,0.5411
below_good,57,5,-336,-1,0.5404
below_good,57,10,-331,-1,0.5402
below_good,57,15,-326,-1,0.5474
below_good,57,20,-321,-1,0.5468
below_good,57,25,-316,-1,0.557
below_good,57,30,-311,-1,0.5628
below_good,57,35,-306,-1,0.5788
below_good,57,40,-301,-1,0.5719
below_good,57,45,-296,-1,0.5708
below_good,57,50,-291,-1,0.5644
below_good,57,55,-286,-1,0.5669
below_good,57,60,-281,-1,0.5504
below_good,57,65,-276,-1,0.5482
below_good,57,70,-271,-1,0.5468
below_good,57,75,-266,-1,0.557
below_good,57,80,-261,-1,0.5533
below_good,57,85,-256,-1,0.5652
below_good,57,90,-251,-1,0.5678
below_good,57,95,-246,-1,0.5806
below_good,57,100,-241,-1,0.5733
below_good,57,105,-236,-1,0.5757
below_good,57,110,-231,-1,0.5634
below_good,57,115,-226,-1,0.5545
below_good,57,120,-221,-1,0.5449
below_good,57,125,-216,-1,0.5401
below_good,57,130,-211,-1,0.5259
below_good,57,135,-206,-1,0.5213
below_good,57,140,-201,-1,0.5249
below_good,57,145,-196,-1,0.5277
below_good,57,150,-191,-1,0.5302
below_good,57,155,-186,-1,0.5312
below_good,57,160,-181,-1,0.5418
below_good,57,165,-176,-1,0.5522
below_good,57,170,-171,-1,0.5535
below_good,57,175,-166,-1,0.5484
below_good,57,180,-161,-1,0.5518
below_good,57,185,-156,-1,0.5571
below_good,57,190,-151,-1,0.5583
below_good,57,195,-146,-1,0.553
below_good,57,200,-141,-1,0.566
below_good,57,205,-136,-1,0.5721
below_good,57,210,-131,-1,0.5668
below_good,57,215,-126,-1,0.5592
below_good,57,220,-121,-1,0.5604
below_good,57,225,-116,-1,0.5464
below_good,57,230,-111,-1,0.5473
below_good,57,235,-106,-1,0.5481
below_good,57,240,-101,-1,0.548
below_good,57,245,-96,-1,0.5398
below_good,57,250,-91,-1,0.5396
below_good,57,255,-86,-1,0.5196
below_good,57,260,-81,-1,0.505
below_good,57,265,-76,-1,0.4991
below_good,57,270,-71,-1,0.5116
below_good,57,275,-66,-1,0.5129
below_good,57,280,-61,-1,0.5286
below_good,57,285,-56,-1,0.5438
below_good,57,290,-51,-1,0.5498
below_good,57,295,-46,-1,0.5425
below_good,57,300,-41,-1,0.5616
below_good,57,305,-36,-1,0.5791
below_good,57,310,-31,-1,0.5811
below_good,57,315,-26,-1,0.5831
below_good,57,320,-21,-1,0.6001
below_good,57,325,-16,-1,0.5951
below_good,57,330,-11,-1,0.6002
below_good,57,335,-6,-1,0.602
below_good,57,340,-1,-1,0.598
below_good,57,345,4,-1,0.5872
below_good,57,350,9,-1,0.5804
below_good,57,355,14,-1,0.5548
below_good,57,360,19,-1,0.5532
below_good,57,365,24,-1,0.5594
below_good,57,370,29,-1,0.5561
below_good,59,0,-527,-1,0.5083
below_good,59,5,-522,-1,0.5142
below_good,59,10,-517,-1,0.5189
below_good,59,15,-512,-1,0.5191
below_good,59,20,-507,-1,0.5256
below_good,59,25,-502,-1,0.5427
below_good,59,30,-497,-1,0.5509
below_good,59,35,-492,-1,0.5493
below_good,59,40,-487,-1,0.545
below_good,59,45,-482,-1,0.5412
below_good,59,50,-477,-1,0.5212
below_good,59,55,-472,-1,0.5054
below_good,59,60,-467,-1,0.5062
below_good,59,65,-462,-1,0.4991
below_good,59,70,-457,-1,0.4838
below_good,59,75,-452,-1,0.4849
below_good,59,80,-447,-1,0.4915
below_good,59,85,-442,-1,0.4979
below_good,59,90,-437,-1,0.5181
below_good,59,95,-432,-1,0.5436
below_good,59,100,-427,-1,0.5612
below_good,59,105,-422,-1,0.5703
below_good,59,110,-417,-1,0.5755
below_good,59,115,-412,-1,0.5691
below_good,59,120,-407,-1,0.5556
below_good,59,125,-402,-1,0.5325
below_good,59,130,-397,-1,0.5212
below_good,59,135,-392,-1,0.5063
below_good,59,140,-387,-1,0.4943
below_good,59,145,-382,-1,0.5051
below_good,59,150,-377,-1,0.5176
below_good,59,155,-372,-1,0.5148
below_good,59,160,-367,-1,0.5206
below_good,59,165,-362,-1,0.533
below_good,59,170,-357,-1,0.5235
below_good,59,175,-352,-1,0.5201
below_good,59,180,-347,-1,0.5205
below_good,59,185,-342,-1,0.5199
below_good,59,190,-337,-1,0.5302
below_good,59,195,-332,-1,0.5367
below_good,59,200,-327,-1,0.5521
below_good,59,205,-322,-1,0.5718
below_good,59,210,-317,-1,0.572
below_good,59,215,-312,-1,0.5626
below_good,59,220,-307,-1,0.5753
below_good,59,225,-302,-1,0.5617
below_good,59,230,-297,-1,0.5494
below_good,59,235,-292,-1,0.5529
below_good,59,240,-287,-1,0.5583
below_good,59,245,-282,-1,0.5412
below_good,59,250,-277,-1,0.5413
below_good,59,255,-272,-1,0.5358
below_good,59,260,-267,-1,0.5285
below_good,59,265,-262,-1,0.5131
below_good,59,270,-257,-1,0.5143
below_good,59,275,-252,-1,0.5116
below_good,59,280,-247,-1,0.5017
below_good,59,285,-242,-1,0.4725
below_good,59,290,-237,-1,0.4657
below_good,59,295,-232,-1,0.438
below_good,59,300,-227,-1,0.4127
below_good,59,305,-222,-1,0.3914
below_good,59,310,-217,-1,0.3877
below_good,59,315,-212,-1,0.354
below_good,59,320,-207,-1,0.3176
below_good,59,325,-202,-1,0.287
below_good,59,330,-197,-1,0.2579
below_good,59,335,-192,-1,0.224
below_good,59,340,-187,-1,0.2114
below_good,59,345,-182,-1,0.2225
below_good,59,350,-177,-1,0.2402
below_good,59,355,-172,-1,0.2348
below_good,59,360,-167,-1,0.2533
below_good,59,365,-162,-1,0.2406
below_good,59,370,-157,-1,0.2341
below_good,59,375,-152,-1,0.2212
below_good,59,380,-147,-1,0.251
below_good,59,385,-142,-1,0.2547
below_good,59,390,-137,-1,0.2666
below_good,59,395,-132,-1,0.2804
below_good,59,400,-127,-1,0.274
below_good,59,405,-122,-1,0.2634
below_good,59,410,-117,-1,0.2648
below_good,59,415,-112,-1,0.2826
below_good,59,420,-107,-1,0.2626
below_good,59,425,-102,-1,0.2395
below_good,59,430,-97,-1,0.2128
below_good,59,435,-92,-1,0.1733
below_good,59,440,-87,-1,0.1439
below_good,59,445,-82,-1,0.1369
below_good,59,450,-77,-1,0.1384
below_good,59,455,-72,-1,0.146
below_good,59,460,-67,-1,0.1694
below_good,59,465,-62,-1,0.1945
below_good,59,470,-57,-1,0.2072
below_good,59,475,-52,-1,0.2618
below_good,59,480,-47,-1,0.3206
below_good,59,485,-42,-1,0.3377
below_good,59,490,-37,-1,0.364
below_good,59,495,-32,-1,0.3993
below_good,59,500,-27,-1,0.3856
below_good,59,505,-22,-1,0.3496
below_good,59,510,-17,-1,0.3723
below_good,59,515,-12,-1,0.3969
below_good,59,520,-7,-1,0.3926
below_good,59,525,-2,-1,0.4319
below_good,59,530,3,-1,0.478
below_good,59,535,8,-1,0.4927
below_good,59,540,13,-1,0.474
below_good,61,0,-313,-1,0.5205
below_good,61,5,-308,-1,0.5243
below_good,61,10,-303,-1,0.5263
below_good,61,15,-298,-1,0.5237
below_good,61,20,-293,-1,0.5331
below_good,61,25,-288,-1,0.5357
below_good,61,30,-283,-1,0.5261
below_good,61,35,-278,-1,0.5257
below_good,61,40,-273,-1,0.528
below_good,61,45,-268,-1,0.5301
below_good,61,50,-263,-1,0.5368
below_good,61,55,-258,-1,0.5459
below_good,61,60,-253,-1,0.5492
below_good,61,65,-248,-1,0.5574
below_good,61,70,-243,-1,0.5636
below_good,61,75,-238,-1,0.5583
below_good,61,80,-233,-1,0.5676
below_good,61,85,-228,-1,0.5814
below_good,61,90,-223,-1,0.588
below_good,61,95,-218,-1,0.5697
below_good,61,100,-213,-1,0.5603
below_good,61,105,-208,-1,0.5551
below_good,61,110,-203,-1,0.5301
below_good,61,115,-198,-1,0.511
below_good,61,120,-193,-1,0.5171
below_good,61,125,-188,-1,0.5167
below_good,61,130,-183,-1,0.4987
below_good,61,135,-178,-1,0.4953
below_good,61,140,-173,-1,0.4882
below_good,61,145,-168,-1,0.475
below_good,61,150,-163,-1,0.468
below_good,61,155,-158,-1,0.4697
below_good,61,160,-153,-1,0.4614
below_good,61,165,-148,-1,0.451
below_good,61,170,-143,-1,0.4472
below_good,61,175,-138,-1,0.4495
below_good,61,180,-133,-1,0.4633
below_good,61,185,-128,-1,0.4905
below_good,61,190,-123,-1,0.52
below_good,61,195,-118,-1,0.5402
below_good,61,200,-113,-1,0.5461
below_good,61,205,-108,-1,0.547
below_good,61,210,-103,-1,0.5449
below_good,61,215,-98,-1,0.5371
below_good,61,220,-93,-1,0.5313
below_good,61,225,-88,-1,0.5407
below_good,61,230,-83,-1,0.5411
below_good,61,235,-78,-1,0.5311
below_good,61,240,-73,-1,0.5377
below_good,61,245,-68,-1,0.5338
below_good,61,250,-63,-1,0.531
below_good,61,255,-58,-1,0.5202
below_good,61,260,-53,-1,0.5298
below_good,61,265,-48,-1,0.5297
below_good,61,270,-43,-1,0.5468
below_good,61,275,-38,-1,0.5508
below_good,61,280,-33,-1,0.5503
below_good,61,285,-28,-1,0.5501
below_good,61,290,-23,-1,0.541
below_good,61,295,-18,-1,0.5297
below_good,61,300,-13,-1,0.537
below_good,61,305,-8,-1,0.5597
below_good,61,310,-3,-1,0.5621
below_good,61,315,2,-1,0.5577
below_good,61,320,7,-1,0.5576
below_good,61,325,12,-1,0.5539
below_good,61,330,17,-1,0.532
below_good,61,335,22,-1,0.5148
below_good,61,340,27,-1,0.5233
below_good,61,345,32,-1,0.52
below_good,61,350,37,-1,0.4985
below_good,62,0,,-1,0.5398
below_good,62,5,,-1,0.5382
below_good,62,10,,-1,0.5376
below_good,62,15,,-1,0.5439
below_good,62,20,,-1,0.5472
below_good,62,25,,-1,0.5505
below_good,62,30,,-1,0.5511
below_good,62,35,,-1,0.5536
below_good,62,40,,-1,0.5501
below_good,62,45,,-1,0.5444
below_good,62,50,,-1,0.5411
below_good,62,55,,-1,0.5431
below_good,62,60,,-1,0.5347
below_good,62,65,,-1,0.5331
below_good,62,70,,-1,0.5363
below_good,62,75,,-1,0.5426
below_good,62,80,,-1,0.5427
below_good,62,85,,-1,0.5493
below_good,62,90,,-1,0.5528
below_good,62,95,,-1,0.5474
below_good,62,100,,-1,0.5409
below_good,62,105,,-1,0.5438
below_good,62,110,,-1,0.5455
below_good,62,115,,-1,0.541
below_good,62,120,,-1,0.5427
below_good,62,125,,-1,0.5388
below_good,62,130,,-1,0.5303
below_good,62,135,,-1,0.5322
below_good,62,140,,-1,0.5356
below_good,62,145,,-1,0.5369
below_good,62,150,,-1,0.5439
below_good,62,155,,-1,0.5512
below_good,62,160,,-1,0.5356
below_good,62,165,,-1,0.5252
below_good,62,170,,-1,0.5222
below_good,62,175,,-1,0.5063
below_good,62,180,,-1,0.5001
below_good,62,185,,-1,0.5114
below_good,62,190,,-1,0.517
below_good,62,195,,-1,0.5134
below_good,62,200,,-1,0.5261
below_good,62,205,,-1,0.5303
below_good,62,210,,-1,0.5252
below_good,62,215,,-1,0.521
below_good,62,220,,-1,0.5144
below_good,62,225,,-1,0.5176
below_good,62,230,,-1,0.5023
below_good,62,235,,-1,0.5094
below_good,62,240,,-1,0.5106
below_good,62,245,,-1,0.5164
below_good,62,250,,-1,0.507
below_good,62,255,,-1,0.5228
below_good,62,260,,-1,0.5215
below_good,62,265,,-1,0.528
below_good,62,270,,-1,0.5272
below_good,62,275,,-1,0.5151
below_good,62,280,,-1,0.5077
below_good,62,285,,-1,0.4984
below_good,62,290,,-1,0.4853
below_good,62,295,,-1,0.4813
below_good,62,300,,-1,0.4989
below_good,62,305,,-1,0.497
below_good,62,310,,-1,0.4816
below_good,62,315,,-1,0.4657
below_good,62,320,,-1,0.4625
below_good,62,325,,-1,0.4251
below_good,62,330,,-1,0.4079
below_good,62,335,,-1,0.4066
below_good,62,340,,-1,0.3763
below_good,62,345,,-1,0.3355
below_good,62,350,,-1,0.3411
below_good,62,355,,-1,0.313
below_good,62,360,,-1,0.2821
below_good,62,365,,-1,0.2802
below_good,62,370,,-1,0.2788
below_good,62,375,,-1,0.2581
below_good,62,380,,-1,0.2579
below_good,62,385,,-1,0.2781
below_good,62,390,,-1,0.2819
below_good,62,395,,-1,0.2846
below_good,62,400,,-1,0.3017
below_good,62,405,,-1,0.3082
below_good,62,410,,-1,0.2869
below_good,62,415,,-1,0.3046
below_good,62,420,,-1,0.3196
below_good,62,425,,-1,0.3084
below_good,62,430,,-1,0.3143
below_good,62,435,,-1,0.3334
below_good,62,440,,-1,0.3269
below_good,62,445,,-1,0.3307
below_good,62,450,,-1,0.3468
below_good,62,455,,-1,0.3381
below_good,62,460,,-1,0.3184
below_good,62,465,,-1,0.3262
below_good,62,470,,-1,0.3209
below_good,62,475,,-1,0.3
below_good,62,480,,-1,0.317
below_good,62,485,,-1,0.3333
below_good,62,490,,-1,0.32
below_good,62,495,,-1,0.3028
below_good,62,500,,-1,0.315
below_good,62,505,,-1,0.2926
below_good,62,510,,-1,0.2776
below_good,62,515,,-1,0.2869
below_good,62,520,,-1,0.3025
below_good,62,525,,-1,0.2953
below_good,63,0,-515,-1,0.5392
below_good,63,5,-510,-1,0.5391
below_good,63,10,-505,-1,0.5394
below_good,63,15,-500,-1,0.5431
below_good,63,20,-495,-1,0.5456
below_good,63,25,-490,-1,0.5618
below_good,63,30,-485,-1,0.5744
below_good,63,35,-480,-1,0.5902
below_good,63,40,-475,-1,0.6037
below_good,63,45,-470,-1,0.6003
below_good,63,50,-465,-1,0.5877
below_good,63,55,-460,-1,0.5779
below_good,63,60,-455,-1,0.5631
below_good,63,65,-450,-1,0.5474
below_good,63,70,-445,-1,0.5451
below_good,63,75,-440,-1,0.5397
below_good,63,80,-435,-1,0.5433
below_good,63,85,-430,-1,0.5451
below_good,63,90,-425,-1,0.5525
below_good,63,95,-420,-1,0.5532
below_good,63,100,-415,-1,0.5559
below_good,63,105,-410,-1,0.5516
below_good,63,110,-405,-1,0.5496
below_good,63,115,-400,-1,0.54
below_good,63,120,-395,-1,0.5345
below_good,63,125,-390,-1,0.521
below_good,63,130,-385,-1,0.5282
below_good,63,135,-380,-1,0.5289
below_good,63,140,-375,-1,0.5237
below_good,63,145,-370,-1,0.5269
below_good,63,150,-365,-1,0.5326
below_good,63,155,-360,-1,0.5139
below_good,63,160,-355,-1,0.5044
below_good,63,165,-350,-1,0.5058
below_good,63,170,-345,-1,0.5016
below_good,63,175,-340,-1,0.5056
below_good,63,180,-335,-1,0.5117
below_good,63,185,-330,-1,0.5162
below_good,63,190,-325,-1,0.5152
below_good,63,195,-320,-1,0.5086
below_good,63,200,-315,-1,0.5103
below_good,63,205,-310,-1,0.4986
below_good,63,210,-305,-1,0.4957
below_good,63,215,-300,-1,0.4815
below_good,63,220,-295,-1,0.4853
below_good,63,225,-290,-1,0.4807
below_good,63,230,-285,-1,0.4829
below_good,63,235,-280,-1,0.4746
below_good,63,240,-275,-1,0.4779
below_good,63,245,-270,-1,0.4729
below_good,63,250,-265,-1,0.4737
below_good,63,255,-260,-1,0.4819
below_good,63,260,-255,-1,0.4948
below_good,63,265,-250,-1,0.5117
below_good,63,270,-245,-1,0.5255
below_good,63,275,-240,-1,0.5389
below_good,63,280,-235,-1,0.5472
below_good,63,285,-230,-1,0.5514
below_good,63,290,-225,-1,0.5539
below_good,63,295,-220,-1,0.5572
below_good,63,300,-215,-1,0.5555
below_good,63,305,-210,-1,0.5536
below_good,63,310,-205,-1,0.5532
below_good,63,315,-200,-1,0.5386
below_good,63,320,-195,-1,0.5325
below_good,63,325,-190,-1,0.524
below_good,63,330,-185,-1,0.5218
below_good,63,335,-180,-1,0.5158
below_good,63,340,-175,-1,0.5244
below_good,63,345,-170,-1,0.5217
below_good,63,350,-165,-1,0.5161
below_good,63,355,-160,-1,0.5166
below_good,63,360,-155,-1,0.4996
below_good,63,365,-150,-1,0.4946
below_good,63,370,-145,-1,0.486
below_good,63,375,-140,-1,0.4758
below_good,63,380,-135,-1,0.4624
below_good,63,385,-130,-1,0.4785
below_good,63,390,-125,-1,0.465
below_good,63,395,-120,-1,0.4647
below_good,63,400,-115,-1,0.4717
below_good,63,405,-110,-1,0.4737
below_good,63,410,-105,-1,0.4623
below_good,63,415,-100,-1,0.4633
below_good,63,420,-95,-1,0.4722
below_good,63,425,-90,-1,0.4951
below_good,63,430,-85,-1,0.5019
below_good,63,435,-80,-1,0.515
below_good,63,440,-75,-1,0.5292
below_good,63,445,-70,-1,0.5408
below_good,63,450,-65,-1,0.5372
below_good,63,455,-60,-1,0.5438
below_good,63,460,-55,-1,0.5575
below_good,63,465,-50,-1,0.5633
below_good,63,470,-45,-1,0.5628
below_good,63,475,-40,-1,0.5619
below_good,63,480,-35,-1,0.5698
below_good,63,485,-30,-1,0.5743
below_good,63,490,-25,-1,0.5844
below_good,63,495,-20,-1,0.5968
below_good,63,500,-15,-1,0.6025
below_good,63,505,-10,-1,0.6111
below_good,63,510,-5,-1,0.6109
below_good,63,515,0,-1,0.6168
below_good,63,520,5,-1,0.6134
below_good,64,0,-470,-1,0.5371
below_good,64,5,-465,-1,0.5376
below_good,64,10,-460,-1,0.542
below_good,64,15,-455,-1,0.5377
below_good,64,20,-450,-1,0.541
below_good,64,25,-445,-1,0.5501
below_good,64,30,-440,-1,0.5599
below_good,64,35,-435,-1,0.5683
below_good,64,40,-430,-1,0.5696
below_good,64,45,-425,-1,0.5704
below_good,64,50,-420,-1,0.5554
below_good,64,55,-415,-1,0.5373
below_good,64,60,-410,-1,0.5244
below_good,64,65,-405,-1,0.5235
below_good,64,70,-400,-1,0.5219
below_good,64,75,-395,-1,0.526
below_good,64,80,-390,-1,0.5372
below_good,64,85,-385,-1,0.5496
below_good,64,90,-380,-1,0.5521
below_good,64,95,-375,-1,0.5599
below_good,64,100,-370,-1,0.5705
below_good,64,105,-365,-1,0.5688
below_good,64,110,-360,-1,0.5619
below_good,64,115,-355,-1,0.5654
below_good,64,120,-350,-1,0.5549
below_good,64,125,-345,-1,0.5443
below_good,64,130,-340,-1,0.5347
below_good,64,135,-335,-1,0.5312
below_good,64,140,-330,-1,0.5207
below_good,64,145,-325,-1,0.521
below_good,64,150,-320,-1,0.5288
below_good,64,155,-315,-1,0.5469
below_good,64,160,-310,-1,0.5416
below_good,64,165,-305,-1,0.5365
below_good,64,170,-300,-1,0.5273
below_good,64,175,-295,-1,0.5159
below_good,64,180,-290,-1,0.4987
below_good,64,185,-285,-1,0.4862
below_good,64,190,-280,-1,0.4935
below_good,64,195,-275,-1,0.5013
below_good,64,200,-270,-1,0.5031
below_good,64,205,-265,-1,0.5004
below_good,64,210,-260,-1,0.5165
below_good,64,215,-255,-1,0.5137
below_good,64,220,-250,-1,0.5054
below_good,64,225,-245,-1,0.505
below_good,64,230,-240,-1,0.518
below_good,64,235,-235,-1,0.5137
below_good,64,240,-230,-1,0.504
below_good,64,245,-225,-1,0.5035
below_good,64,250,-220,-1,0.4973
below_good,64,255,-215,-1,0.4815
below_good,64,260,-210,-1,0.478
below_good,64,265,-205,-1,0.4774
below_good,64,270,-200,-1,0.4805
below_good,64,275,-195,-1,0.4874
below_good,64,280,-190,-1,0.5002
below_good,64,285,-185,-1,0.5022
below_good,64,290,-180,-1,0.4994
below_good,64,295,-175,-1,0.5007
below_good,64,300,-170,-1,0.5026
below_good,64,305,-165,-1,0.5019
below_good,64,310,-160,-1,0.4887
below_good,64,315,-155,-1,0.4969
below_good,64,320,-150,-1,0.4955
below_good,64,325,-145,-1,0.4843
below_good,64,330,-140,-1,0.4672
below_good,64,335,-135,-1,0.4746
below_good,64,340,-130,-1,0.4795
below_good,64,345,-125,-1,0.4799
below_good,64,350,-120,-1,0.4808
below_good,64,355,-115,-1,0.4879
below_good,64,360,-110,-1,0.5131
below_good,64,365,-105,-1,0.5234
below_good,64,370,-100,-1,0.5426
below_good,64,375,-95,-1,0.5617
below_good,64,380,-90,-1,0.576
below_good,64,385,-85,-1,0.567
below_good,64,390,-80,-1,0.5636
below_good,64,395,-75,-1,0.5557
below_good,64,400,-70,-1,0.5617
below_good,64,405,-65,-1,0.5561
below_good,64,410,-60,-1,0.5431
below_good,64,415,-55,-1,0.5453
below_good,64,420,-50,-1,0.5346
below_good,64,425,-45,-1,0.5257
below_good,64,430,-40,-1,0.5289
below_good,64,435,-35,-1,0.5366
below_good,64,440,-30,-1,0.5316
below_good,64,445,-25,-1,0.5493
below_good,64,450,-20,-1,0.5525
below_good,64,455,-15,-1,0.5738
below_good,64,460,-10,-1,0.5948
below_good,64,465,-5,-1,0.6089
below_good,64,470,0,-1,0.6096
below_good,64,475,5,-1,0.6188
below_good,64,480,10,-1,0.6088
below_good,65,0,-376,-1,0.5348
below_good,65,5,-371,-1,0.5348
below_good,65,10,-366,-1,0.5466
below_good,65,15,-361,-1,0.5487
below_good,65,20,-356,-1,0.5491
below_good,65,25,-351,-1,0.5448
below_good,65,30,-346,-1,0.5487
below_good,65,35,-341,-1,0.5385
below_good,65,40,-336,-1,0.5297
below_good,65,45,-331,-1,0.5292
below_good,65,50,-326,-1,0.5392
below_good,65,55,-321,-1,0.5415
below_good,65,60,-316,-1,0.5468
below_good,65,65,-311,-1,0.5563
below_good,65,70,-306,-1,0.5586
below_good,65,75,-301,-1,0.5594
below_good,65,80,-296,-1,0.5501
below_good,65,85,-291,-1,0.5419
below_good,65,90,-286,-1,0.5347
below_good,65,95,-281,-1,0.5365
below_good,65,100,-276,-1,0.5273
below_good,65,105,-271,-1,0.542
below_good,65,110,-266,-1,0.5373
below_good,65,115,-261,-1,0.5404
below_good,65,120,-256,-1,0.5236
below_good,65,125,-251,-1,0.5291
below_good,65,130,-246,-1,0.5194
below_good,65,135,-241,-1,0.5343
below_good,65,140,-236,-1,0.5298
below_good,65,145,-231,-1,0.5443
below_good,65,150,-226,-1,0.545
below_good,65,155,-221,-1,0.5441
below_good,65,160,-216,-1,0.5257
below_good,65,165,-211,-1,0.5202
below_good,65,170,-206,-1,0.5136
below_good,65,175,-201,-1,0.503
below_good,65,180,-196,-1,0.4934
below_good,65,185,-191,-1,0.4927
below_good,65,190,-186,-1,0.4916
below_good,65,195,-181,-1,0.4861
below_good,65,200,-176,-1,0.4863
below_good,65,205,-171,-1,0.4925
below_good,65,210,-166,-1,0.5088
below_good,65,215,-161,-1,0.5242
below_good,65,220,-156,-1,0.5311
below_good,65,225,-151,-1,0.5407
below_good,65,230,-146,-1,0.5432
below_good,65,235,-141,-1,0.5344
below_good,65,240,-136,-1,0.5279
below_good,65,245,-131,-1,0.5372
below_good,65,250,-126,-1,0.5501
below_good,65,255,-121,-1,0.5493
below_good,65,260,-116,-1,0.5552
below_good,65,265,-111,-1,0.5592
below_good,65,270,-106,-1,0.558
below_good,65,275,-101,-1,0.5435
below_good,65,280,-96,-1,0.551
below_good,65,285,-91,-1,0.5496
below_good,65,290,-86,-1,0.5463
below_good,65,295,-81,-1,0.5403
below_good,65,300,-76,-1,0.535
below_good,65,305,-71,-1,0.5165
below_good,65,310,-66,-1,0.5106
below_good,65,315,-61,-1,0.5087
below_good,65,320,-56,-1,0.5097
below_good,65,325,-51,-1,0.5144
below_good,65,330,-46,-1,0.5223
below_good,65,335,-41,-1,0.5293
below_good,65,340,-36,-1,0.5311
below_good,65,345,-31,-1,0.5293
below_good,65,350,-26,-1,0.541
below_good,65,355,-21,-1,0.5465
below_good,65,360,-16,-1,0.5549
below_good,65,365,-11,-1,0.5714
below_good,65,370,-6,-1,0.574
below_good,65,375,-1,-1,0.5654
below_good,65,380,4,-1,0.5646
below_good,65,385,9,-1,0.5501
below_good,65,390,14,-1,0.5221
below_good,65,395,19,-1,0.5159
below_good,65,400,24,-1,0.506
below_good,65,405,29,-1,0.4945
below_good,65,410,34,-1,0.496
below_good,65,415,39,-1,0.5127
below_good,65,420,44,-1,0.5131
below_good,65,425,49,-1,0.5274
below_good,65,430,54,-1,0.5393
below_good,65,435,59,-1,0.5453
below_good,66,0,-370,-1,0.5101
below_good,66,5,-365,-1,0.5219
below_good,66,10,-360,-1,0.526
below_good,66,15,-355,-1,0.5316
below_good,66,20,-350,-1,0.5354
below_good,66,25,-345,-1,0.5315
below_good,66,30,-340,-1,0.5236
below_good,66,35,-335,-1,0.5124
below_good,66,40,-330,-1,0.5084
below_good,66,45,-325,-1,0.5164
below_good,66,50,-320,-1,0.5342
below_good,66,55,-315,-1,0.5366
below_good,66,60,-310,-1,0.5557
below_good,66,65,-305,-1,0.5561
below_good,66,70,-300,-1,0.5548
below_good,66,75,-295,-1,0.553
below_good,66,80,-290,-1,0.56
below_good,66,85,-285,-1,0.5626
below_good,66,90,-280,-1,0.5666
below_good,66,95,-275,-1,0.5611
below_good,66,100,-270,-1,0.5581
below_good,66,105,-265,-1,0.5519
below_good,66,110,-260,-1,0.543
below_good,66,115,-255,-1,0.5365
below_good,66,120,-250,-1,0.5359
below_good,66,125,-245,-1,0.5218
below_good,66,130,-240,-1,0.5216
below_good,66,135,-235,-1,0.5223
below_good,66,140,-230,-1,0.523
below_good,66,145,-225,-1,0.5126
below_good,66,150,-220,-1,0.5151
below_good,66,155,-215,-1,0.5125
below_good,66,160,-210,-1,0.5053
below_good,66,165,-205,-1,0.4992
below_good,66,170,-200,-1,0.5034
below_good,66,175,-195,-1,0.4959
below_good,66,180,-190,-1,0.4856
below_good,66,185,-185,-1,0.4761
below_good,66,190,-180,-1,0.4719
below_good,66,195,-175,-1,0.454
below_good,66,200,-170,-1,0.4489
below_good,66,205,-165,-1,0.4529
below_good,66,210,-160,-1,0.4553
below_good,66,215,-155,-1,0.4587
below_good,66,220,-150,-1,0.4925
below_good,66,225,-145,-1,0.5134
below_good,66,230,-140,-1,0.5278
below_good,66,235,-135,-1,0.542
below_good,66,240,-130,-1,0.5525
below_good,66,245,-125,-1,0.5426
below_good,66,250,-120,-1,0.5355
below_good,66,255,-115,-1,0.5299
below_good,66,260,-110,-1,0.5251
below_good,66,265,-105,-1,0.5237
below_good,66,270,-100,-1,0.5268
below_good,66,275,-95,-1,0.5307
below_good,66,280,-90,-1,0.527
below_good,66,285,-85,-1,0.5281
below_good,66,290,-80,-1,0.5302
below_good,66,295,-75,-1,0.5322
below_good,66,300,-70,-1,0.5356
below_good,66,305,-65,-1,0.5382
below_good,66,310,-60,-1,0.5401
below_good,66,315,-55,-1,0.5394
below_good,66,320,-50,-1,0.5387
below_good,66,325,-45,-1,0.5549
below_good,66,330,-40,-1,0.5689
below_good,66,335,-35,-1,0.5741
below_good,66,340,-30,-1,0.58
below_good,66,345,-25,-1,0.5808
below_good,66,350,-20,-1,0.5729
below_good,66,355,-15,-1,0.5809
below_good,66,360,-10,-1,0.5874
below_good,66,365,-5,-1,0.5797
below_good,66,370,0,-1,0.5713
below_good,66,375,5,-1,0.5673
below_good,66,380,10,-1,0.547
below_good,66,385,15,-1,0.5295
below_good,66,390,20,-1,0.5344
below_good,66,395,25,-1,0.5124
below_good,66,400,30,-1,0.5053
below_good,66,405,35,-1,0.4844
below_good,66,410,40,-1,0.48
below_good,66,415,45,-1,0.4746
below_good,66,420,50,-1,0.4937
below_good,66,425,55,-1,0.4931
below_good,66,430,60,-1,0.5161
below_good,66,435,65,-1,0.5289
below_good,66,440,70,-1,0.5384
below_good,66,445,75,-1,0.5486
below_good,66,450,80,-1,0.5576
below_good,67,0,,-1,0.5428
below_good,67,5,,-1,0.5368
below_good,67,10,,-1,0.5379
below_good,67,15,,-1,0.5451
below_good,67,20,,-1,0.5401
below_good,67,25,,-1,0.5405
below_good,67,30,,-1,0.5394
below_good,67,35,,-1,0.5357
below_good,67,40,,-1,0.5287
below_good,67,45,,-1,0.5368
below_good,67,50,,-1,0.5419
below_good,67,55,,-1,0.5555
below_good,67,60,,-1,0.5664
below_good,67,65,,-1,0.5805
below_good,67,70,,-1,0.5799
below_good,67,75,,-1,0.5931
below_good,67,80,,-1,0.6016
below_good,67,85,,-1,0.6081
below_good,67,90,,-1,0.5967
below_good,67,95,,-1,0.5921
below_good,67,100,,-1,0.574
below_good,67,105,,-1,0.5588
below_good,67,110,,-1,0.5294
below_good,67,115,,-1,0.5134
below_good,67,120,,-1,0.5102
below_good,67,125,,-1,0.5056
below_good,67,130,,-1,0.4881
below_good,67,135,,-1,0.4951
below_good,67,140,,-1,0.5092
below_good,67,145,,-1,0.5158
below_good,67,150,,-1,0.5276
below_good,67,155,,-1,0.544
below_good,67,160,,-1,0.5569
below_good,67,165,,-1,0.5674
below_good,67,170,,-1,0.5585
below_good,67,175,,-1,0.5501
below_good,67,180,,-1,0.5566
below_good,67,185,,-1,0.557
below_good,67,190,,-1,0.5433
below_good,67,195,,-1,0.5475
below_good,67,200,,-1,0.5509
below_good,67,205,,-1,0.5392
below_good,67,210,,-1,0.5364
below_good,67,215,,-1,0.5372
below_good,67,220,,-1,0.5259
below_good,67,225,,-1,0.5238
below_good,67,230,,-1,0.5317
below_good,67,235,,-1,0.5264
below_good,67,240,,-1,0.5171
below_good,67,245,,-1,0.5248
below_good,67,250,,-1,0.5118
below_good,67,255,,-1,0.5009
below_good,67,260,,-1,0.498
below_good,67,265,,-1,0.4972
below_good,67,270,,-1,0.4912
below_good,67,275,,-1,0.4735
below_good,67,280,,-1,0.4612
below_good,67,285,,-1,0.4455
below_good,67,290,,-1,0.4451
below_good,67,295,,-1,0.4077
below_good,67,300,,-1,0.3829
below_good,67,305,,-1,0.3488
below_good,67,310,,-1,0.2994
below_good,67,315,,-1,0.2529
below_good,67,320,,-1,0.2378
below_good,67,325,,-1,0.231
below_good,67,330,,-1,0.2209
below_good,67,335,,-1,0.2239
below_good,67,340,,-1,0.2233
below_good,67,345,,-1,0.23
below_good,67,350,,-1,0.2319
below_good,67,355,,-1,0.2366
below_good,67,360,,-1,0.2485
below_good,67,365,,-1,0.2457
below_good,67,370,,-1,0.25
below_good,67,375,,-1,0.2581
below_good,67,380,,-1,0.2614
below_good,67,385,,-1,0.2706
below_good,67,390,,-1,0.2879
below_good,67,395,,-1,0.2903
below_good,67,400,,-1,0.2855
below_good,67,405,,-1,0.2921
below_good,67,410,,-1,0.2965
below_good,67,415,,-1,0.2945
below_good,67,420,,-1,0.2909
below_good,67,425,,-1,0.2898
below_good,67,430,,-1,0.3049
below_good,67,435,,-1,0.2939
below_good,67,440,,-1,0.2831
below_good,67,445,,-1,0.2717
below_good,67,450,,-1,0.2986
below_good,67,455,,-1,0.2999
below_good,67,460,,-1,0.3197
below_good,67,465,,-1,0.3421
below_good,67,470,,-1,0.3673
below_good,67,475,,-1,0.3612
below_good,67,480,,-1,0.3209
below_good,67,485,,-1,0.2974
below_good,67,490,,-1,0.2562
below_good,67,495,,-1,0.2231
below_good,67,500,,-1,0.1991
below_good,67,505,,-1,0.2036
below_good,67,510,,-1,0.1879
below_good,67,515,,-1,0.1857
below_good,67,520,,-1,0.2317
below_good,67,525,,-1,0.2553
below_good,67,530,,-1,0.2786
below_good,67,535,,-1,0.3248
below_good,67,540,,-1,0.37
below_good,67,545,,-1,0.3426
below_good,67,550,,-1,0.327
below_good,67,555,,-1,0.326
below_good,67,560,,-1,0.3108
below_good,67,565,,-1,0.3073
below_good,67,570,,-1,0.3298
below_good,67,575,,-1,0.346
below_good,67,580,,-1,0.3587
below_good,68,0,-453,-1,0.5412
below_good,68,5,-448,-1,0.5409
below_good,68,10,-443,-1,0.5398
below_good,68,15,-438,-1,0.5438
below_good,68,20,-433,-1,0.5428
below_good,68,25,-428,-1,0.556
below_good,68,30,-423,-1,0.5741
below_good,68,35,-418,-1,0.5808
below_good,68,40,-413,-1,0.5769
below_good,68,45,-408,-1,0.5786
below_good,68,50,-403,-1,0.5681
below_good,68,55,-398,-1,0.5432
below_good,68,60,-393,-1,0.5313
below_good,68,65,-388,-1,0.5219
below_good,68,70,-383,-1,0.5216
below_good,68,75,-378,-1,0.5247
below_good,68,80,-373,-1,0.5367
below_good,68,85,-368,-1,0.5467
below_good,68,90,-363,-1,0.5594
below_good,68,95,-358,-1,0.5609
below_good,68,100,-353,-1,0.5528
below_good,68,105,-348,-1,0.5516
below_good,68,110,-343,-1,0.5413
below_good,68,115,-338,-1,0.532
below_good,68,120,-333,-1,0.5242
below_good,68,125,-328,-1,0.5346
below_good,68,130,-323,-1,0.5169
below_good,68,135,-318,-1,0.5135
below_good,68,140,-313,-1,0.5123
below_good,68,145,-308,-1,0.5029
below_good,68,150,-303,-1,0.501
below_good,68,155,-298,-1,0.5071
below_good,68,160,-293,-1,0.4935
below_good,68,165,-288,-1,0.4875
below_good,68,170,-283,-1,0.4911
below_good,68,175,-278,-1,0.4794
below_good,68,180,-273,-1,0.4809
below_good,68,185,-268,-1,0.4845
below_good,68,190,-263,-1,0.476
below_good,68,195,-258,-1,0.4806
below_good,68,200,-253,-1,0.4717
below_good,68,205,-248,-1,0.4716
below_good,68,210,-243,-1,0.4749
below_good,68,215,-238,-1,0.489
below_good,68,220,-233,-1,0.4981
below_good,68,225,-228,-1,0.5046
below_good,68,230,-223,-1,0.5117
below_good,68,235,-218,-1,0.5163
below_good,68,240,-213,-1,0.5048
below_good,68,245,-208,-1,0.4841
below_good,68,250,-203,-1,0.4801
below_good,68,255,-198,-1,0.4714
below_good,68,260,-193,-1,0.464
below_good,68,265,-188,-1,0.4725
below_good,68,270,-183,-1,0.471
below_good,68,275,-178,-1,0.4715
below_good,68,280,-173,-1,0.4719
below_good,68,285,-168,-1,0.4861
below_good,68,290,-163,-1,0.4949
below_good,68,295,-158,-1,0.5228
below_good,68,300,-153,-1,0.5244
below_good,68,305,-148,-1,0.5184
below_good,68,310,-143,-1,0.5101
below_good,68,315,-138,-1,0.4985
below_good,68,320,-133,-1,0.4817
below_good,68,325,-128,-1,0.4786
below_good,68,330,-123,-1,0.4829
below_good,68,335,-118,-1,0.4971
below_good,68,340,-113,-1,0.5042
below_good,68,345,-108,-1,0.4981
below_good,68,350,-103,-1,0.5112
below_good,68,355,-98,-1,0.5199
below_good,68,360,-93,-1,0.513
below_good,68,365,-88,-1,0.5113
below_good,68,370,-83,-1,0.5191
below_good,68,375,-78,-1,0.5107
below_good,68,380,-73,-1,0.5076
below_good,68,385,-68,-1,0.5035
below_good,68,390,-63,-1,0.4927
below_good,68,395,-58,-1,0.4903
below_good,68,400,-53,-1,0.4904
below_good,68,405,-48,-1,0.4876
below_good,68,410,-43,-1,0.4913
below_good,68,415,-38,-1,0.4979
below_good,68,420,-33,-1,0.4987
below_good,68,425,-28,-1,0.5063
below_good,68,430,-23,-1,0.5139
below_good,68,435,-18,-1,0.5196
below_good,68,440,-13,-1,0.5393
below_good,68,445,-8,-1,0.5444
below_good,68,450,-3,-1,0.5257
below_good,68,455,2,-1,0.4708
below_good,68,460,7,-1,0.398
below_good,68,465,12,-1,0.3116
below_good,68,470,17,-1,0.2552
below_good,68,475,22,-1,0.2254
below_good,68,480,27,-1,0.2162
below_good,68,485,32,-1,0.2243
below_good,68,490,37,-1,0.2499
below_good,68,495,42,-1,0.2406
below_good,68,500,47,-1,0.2206
below_good,68,505,52,-1,0.2114
below_good,68,510,57,-1,0.2108
below_good,68,515,62,-1,0.1913
below_good,68,520,67,-1,0.1898
below_good,68,525,72,-1,0.205
below_good,68,530,77,-1,0.2174
below_good,68,535,82,-1,0.2262
below_good,68,540,87,-1,0.2395
below_good,68,545,92,-1,0.2536
below_good,68,550,97,-1,0.2498
below_good,68,555,102,-1,0.2539
below_good,68,560,107,-1,0.2526
below_good,68,565,112,-1,0.2594
below_good,68,570,117,-1,0.2609
below_good,68,575,122,-1,0.261
below_good,68,580,127,-1,0.266
below_good,68,585,132,-1,0.2595
below_good,68,590,137,-1,0.2471
below_good,68,595,142,-1,0.2628
below_good,68,600,147,-1,0.2921
below_good,68,605,152,-1,0.3235
below_good,68,610,157,-1,0.335
below_good,68,615,162,-1,0.3574
below_good,68,620,167,-1,0.3432
below_good,68,625,172,-1,0.3573
below_good,68,630,177,-1,0.3455
below_good,68,635,182,-1,0.3659
below_good,68,640,187,-1,0.3806
below_good,69,0,,-1,0.5413
below_good,69,5,,-1,0.5364
below_good,69,10,,-1,0.5473
below_good,69,15,,-1,0.5545
below_good,69,20,,-1,0.555
below_good,69,25,,-1,0.5634
below_good,69,30,,-1,0.5646
below_good,69,35,,-1,0.561
below_good,69,40,,-1,0.5547
below_good,69,45,,-1,0.5533
below_good,69,50,,-1,0.5493
below_good,69,55,,-1,0.5523
below_good,69,60,,-1,0.5527
below_good,69,65,,-1,0.5584
below_good,69,70,,-1,0.5645
below_good,69,75,,-1,0.568
below_good,69,80,,-1,0.5765
below_good,69,85,,-1,0.5829
below_good,69,90,,-1,0.5806
below_good,69,95,,-1,0.5766
below_good,69,100,,-1,0.5733
below_good,69,105,,-1,0.5649
below_good,69,110,,-1,0.558
below_good,69,115,,-1,0.5561
below_good,69,120,,-1,0.5553
below_good,69,125,,-1,0.5477
below_good,69,130,,-1,0.5392
below_good,69,135,,-1,0.5312
below_good,69,140,,-1,0.5151
below_good,69,145,,-1,0.5017
below_good,69,150,,-1,0.5053
below_good,69,155,,-1,0.5086
below_good,69,160,,-1,0.5049
below_good,69,165,,-1,0.5225
below_good,69,170,,-1,0.5359
below_good,69,175,,-1,0.5426
below_good,69,180,,-1,0.5467
below_good,69,185,,-1,0.5527
below_good,69,190,,-1,0.5478
below_good,69,195,,-1,0.5377
below_good,69,200,,-1,0.5288
below_good,69,205,,-1,0.5326
below_good,69,210,,-1,0.5404
below_good,69,215,,-1,0.5403
below_good,69,220,,-1,0.5447
below_good,69,225,,-1,0.5475
below_good,69,230,,-1,0.5411
below_good,69,235,,-1,0.5257
below_good,69,240,,-1,0.5214
below_good,69,245,,-1,0.5293
below_good,69,250,,-1,0.5238
below_good,69,255,,-1,0.5224
below_good,69,260,,-1,0.5311
below_good,69,265,,-1,0.519
below_good,69,270,,-1,0.5054
below_good,69,275,,-1,0.5057
below_good,69,280,,-1,0.5108
below_good,69,285,,-1,0.5033
below_good,69,290,,-1,0.5163
below_good,69,295,,-1,0.5294
below_good,69,300,,-1,0.5304
below_good,69,305,,-1,0.5317
below_good,69,310,,-1,0.5417
below_good,69,315,,-1,0.5385
below_good,69,320,,-1,0.5426
below_good,69,325,,-1,0.5482
below_good,69,330,,-1,0.5557
below_good,69,335,,-1,0.5534
below_good,69,340,,-1,0.5652
below_good,69,345,,-1,0.5563
below_good,69,350,,-1,0.5657
below_good,69,355,,-1,0.5577
below_good,69,360,,-1,0.548
below_good,69,365,,-1,0.543
below_good,69,370,,-1,0.5534
below_good,69,375,,-1,0.536
below_good,69,380,,-1,0.5309
below_good,69,385,,-1,0.5468
below_good,69,390,,-1,0.5492
below_good,69,395,,-1,0.5334
below_good,70,0,-423,1,0.5443
below_good,70,5,-418,1,0.5437
below_good,70,10,-413,1,0.5385
below_good,70,15,-408,1,0.5518
below_good,70,20,-403,1,0.5493
below_good,70,25,-398,1,0.5503
below_good,70,30,-393,1,0.5525
below_good,70,35,-388,1,0.5543
below_good,70,40,-383,1,0.5467
below_good,70,45,-378,1,0.5559
below_good,70,50,-373,1,0.5675
below_good,70,55,-368,1,0.5767
below_good,70,60,-363,1,0.5855
below_good,70,65,-358,1,0.5804
below_good,70,70,-353,1,0.5805
below_good,70,75,-348,1,0.576
below_good,70,80,-343,1,0.5739
below_good,70,85,-338,1,0.5793
below_good,70,90,-333,1,0.5884
below_good,70,95,-328,1,0.5828
below_good,70,100,-323,1,0.5754
below_good,70,105,-318,1,0.5637
below_good,70,110,-313,1,0.554
below_good,70,115,-308,1,0.5523
below_good,70,120,-303,1,0.5471
below_good,70,125,-298,1,0.5421
below_good,70,130,-293,1,0.5453
below_good,70,135,-288,1,0.5366
below_good,70,140,-283,1,0.5292
below_good,70,145,-278,1,0.5213
below_good,70,150,-273,1,0.5174
below_good,70,155,-268,1,0.5014
below_good,70,160,-263,1,0.5071
below_good,70,165,-258,1,0.5002
below_good,70,170,-253,1,0.476
below_good,70,175,-248,1,0.4579
below_good,70,180,-243,1,0.4639
below_good,70,185,-238,1,0.4477
below_good,70,190,-233,1,0.4455
below_good,70,195,-228,1,0.4745
below_good,70,200,-223,1,0.4835
below_good,70,205,-218,1,0.4748
below_good,70,210,-213,1,0.4797
below_good,70,215,-208,1,0.4818
below_good,70,220,-203,1,0.4817
below_good,70,225,-198,1,0.4875
below_good,70,230,-193,1,0.4918
below_good,70,235,-188,1,0.4834
below_good,70,240,-183,1,0.4727
below_good,70,245,-178,1,0.4558
below_good,70,250,-173,1,0.4472
below_good,70,255,-168,1,0.4471
below_good,70,260,-163,1,0.4479
below_good,70,265,-158,1,0.4497
below_good,70,270,-153,1,0.4764
below_good,70,275,-148,1,0.499
below_good,70,280,-143,1,0.5099
below_good,70,285,-138,1,0.5345
below_good,70,290,-133,1,0.5457
below_good,70,295,-128,1,0.5182
below_good,70,300,-123,1,0.5179
below_good,70,305,-118,1,0.5078
below_good,70,310,-113,1,0.4876
below_good,70,315,-108,1,0.4779
below_good,70,320,-103,1,0.4897
below_good,70,325,-98,1,0.4687
below_good,70,330,-93,1,0.4634
below_good,70,335,-88,1,0.4636
below_good,70,340,-83,1,0.4706
below_good,70,345,-78,1,0.472
below_good,70,350,-73,1,0.4732
below_good,70,355,-68,1,0.4763
below_good,70,360,-63,1,0.4931
below_good,70,365,-58,1,0.4941
below_good,70,370,-53,1,0.4989
below_good,70,375,-48,1,0.5189
below_good,70,380,-43,1,0.5446
below_good,70,385,-38,1,0.5436
below_good,70,390,-33,1,0.5505
below_good,70,395,-28,1,0.5546
below_good,70,400,-23,1,0.5545
below_good,70,405,-18,1,0.5499
below_good,70,410,-13,1,0.5633
below_good,70,415,-8,1,0.5707
below_good,70,420,-3,1,0.5877
below_good,70,425,2,1,0.5767
below_good,70,430,7,1,0.5704
below_good,70,435,12,1,0.5619
below_good,70,440,17,1,0.5564
below_good,70,445,22,1,0.5329
below_good,71,0,,-1,0.5355
below_good,71,5,,-1,0.538
below_good,71,10,,-1,0.537
below_good,71,15,,-1,0.5372
below_good,71,20,,-1,0.5336
below_good,71,25,,-1,0.5448
below_good,71,30,,-1,0.5416
below_good,71,35,,-1,0.5392
below_good,71,40,,-1,0.5373
below_good,71,45,,-1,0.5375
below_good,71,50,,-1,0.5357
below_good,71,55,,-1,0.5394
below_good,71,60,,-1,0.5545
below_good,71,65,,-1,0.5625
below_good,71,70,,-1,0.5638
below_good,71,75,,-1,0.5667
below_good,71,80,,-1,0.5704
below_good,71,85,,-1,0.567
below_good,71,90,,-1,0.5679
below_good,71,95,,-1,0.5652
below_good,71,100,,-1,0.5528
below_good,71,105,,-1,0.5497
below_good,71,110,,-1,0.5364
below_good,71,115,,-1,0.5269
below_good,71,120,,-1,0.5203
below_good,71,125,,-1,0.5173
below_good,71,130,,-1,0.5171
below_good,71,135,,-1,0.525
below_good,71,140,,-1,0.5267
below_good,71,145,,-1,0.5326
below_good,71,150,,-1,0.5343
below_good,71,155,,-1,0.5297
below_good,71,160,,-1,0.5242
below_good,71,165,,-1,0.5219
below_good,71,170,,-1,0.5134
below_good,71,175,,-1,0.52
below_good,71,180,,-1,0.5162
below_good,71,185,,-1,0.5171
below_good,71,190,,-1,0.5181
below_good,71,195,,-1,0.5321
below_good,71,200,,-1,0.5404
below_good,71,205,,-1,0.5539
below_good,71,210,,-1,0.5553
below_good,71,215,,-1,0.5565
below_good,71,220,,-1,0.5584
below_good,71,225,,-1,0.5573
below_good,71,230,,-1,0.549
below_good,71,235,,-1,0.5458
below_good,71,240,,-1,0.5468
below_good,71,245,,-1,0.5401
below_good,71,250,,-1,0.5332
below_good,71,255,,-1,0.5326
below_good,71,260,,-1,0.5416
below_good,71,265,,-1,0.5419
below_good,71,270,,-1,0.5382
below_good,71,275,,-1,0.537
below_good,71,280,,-1,0.5381
below_good,71,285,,-1,0.5304
below_good,71,290,,-1,0.5255
below_good,71,295,,-1,0.5416
below_good,71,300,,-1,0.5452
below_good,71,305,,-1,0.5439
below_good,71,310,,-1,0.5451
below_good,71,315,,-1,0.5364
below_good,71,320,,-1,0.5294
below_good,71,325,,-1,0.5202
below_good,71,330,,-1,0.5198
below_good,71,335,,-1,0.5212
below_good,71,340,,-1,0.5333
below_good,71,345,,-1,0.5246
below_good,72,0,-350,-1,0.5127
below_good,72,5,-345,-1,0.5181
below_good,72,10,-340,-1,0.5223
below_good,72,15,-335,-1,0.5269
below_good,72,20,-330,-1,0.5303
below_good,72,25,-325,-1,0.541
below_good,72,30,-320,-1,0.5419
below_good,72,35,-315,-1,0.5322
below_good,72,40,-310,-1,0.5309
below_good,72,45,-305,-1,0.5303
below_good,72,50,-300,-1,0.5279
below_good,72,55,-295,-1,0.5255
below_good,72,60,-290,-1,0.5272
below_good,72,65,-285,-1,0.5293
below_good,72,70,-280,-1,0.537
below_good,72,75,-275,-1,0.5409
below_good,72,80,-270,-1,0.5371
below_good,72,85,-265,-1,0.5451
below_good,72,90,-260,-1,0.531
below_good,72,95,-255,-1,0.5138
below_good,72,100,-250,-1,0.5074
below_good,72,105,-245,-1,0.5142
below_good,72,110,-240,-1,0.5142
below_good,72,115,-235,-1,0.5225
below_good,72,120,-230,-1,0.537
below_good,72,125,-225,-1,0.5411
below_good,72,130,-220,-1,0.5433
below_good,72,135,-215,-1,0.5417
below_good,72,140,-210,-1,0.5563
below_good,72,145,-205,-1,0.5594
below_good,72,150,-200,-1,0.5567
below_good,72,155,-195,-1,0.5594
below_good,72,160,-190,-1,0.5664
below_good,72,165,-185,-1,0.5656
below_good,72,170,-180,-1,0.5551
below_good,72,175,-175,-1,0.5591
below_good,72,180,-170,-1,0.5613
below_good,72,185,-165,-1,0.5573
below_good,72,190,-160,-1,0.5543
below_good,72,195,-155,-1,0.5571
below_good,72,200,-150,-1,0.5539
below_good,72,205,-145,-1,0.5423
below_good,72,210,-140,-1,0.5323
below_good,72,215,-135,-1,0.5256
below_good,72,220,-130,-1,0.5239
below_good,72,225,-125,-1,0.5134
below_good,72,230,-120,-1,0.5116
below_good,72,235,-115,-1,0.5198
below_good,72,240,-110,-1,0.5186
below_good,72,245,-105,-1,0.5111
below_good,72,250,-100,-1,0.5141
below_good,72,255,-95,-1,0.5275
below_good,72,260,-90,-1,0.5264
below_good,72,265,-85,-1,0.5327
below_good,72,270,-80,-1,0.5434
below_good,72,275,-75,-1,0.5498
below_good,72,280,-70,-1,0.5467
below_good,72,285,-65,-1,0.5426
below_good,72,290,-60,-1,0.5245
below_good,72,295,-55,-1,0.5217
below_good,72,300,-50,-1,0.5299
below_good,72,305,-45,-1,0.5348
below_good,72,310,-40,-1,0.5461
below_good,72,315,-35,-1,0.5594
below_good,72,320,-30,-1,0.5568
below_good,72,325,-25,-1,0.556
below_good,72,330,-20,-1,0.5525
below_good,72,335,-15,-1,0.5363
below_good,72,340,-10,-1,0.545
below_good,72,345,-5,-1,0.5497
below_good,72,350,0,-1,0.5504
below_good,72,355,5,-1,0.5522
below_good,72,360,10,-1,0.5721
below_good,73,0,-860,-1,0.5155
below_good,73,5,-855,-1,0.5295
below_good,73,10,-850,-1,0.527
below_good,73,15,-845,-1,0.5323
below_good,73,20,-840,-1,0.5415
below_good,73,25,-835,-1,0.5386
below_good,73,30,-830,-1,0.5337
below_good,73,35,-825,-1,0.5322
below_good,73,40,-820,-1,0.5309
below_good,73,45,-815,-1,0.517
below_good,73,50,-810,-1,0.5224
below_good,73,55,-805,-1,0.5159
below_good,73,60,-800,-1,0.5161
below_good,73,65,-795,-1,0.5103
below_good,73,70,-790,-1,0.5258
below_good,73,75,-785,-1,0.5351
below_good,73,80,-780,-1,0.5499
below_good,73,85,-775,-1,0.5555
below_good,73,90,-770,-1,0.5647
below_good,73,95,-765,-1,0.5625
below_good,73,100,-760,-1,0.5547
below_good,73,105,-755,-1,0.5513
below_good,73,110,-750,-1,0.5642
below_good,73,115,-745,-1,0.567
below_good,73,120,-740,-1,0.5688
below_good,73,125,-735,-1,0.5517
below_good,73,130,-730,-1,0.5267
below_good,73,135,-725,-1,0.5023
below_good,73,140,-720,-1,0.4885
below_good,73,145,-715,-1,0.4813
below_good,73,150,-710,-1,0.486
below_good,73,155,-705,-1,0.4976
below_good,73,160,-700,-1,0.4887
below_good,73,165,-695,-1,0.4851
below_good,73,170,-690,-1,0.478
below_good,73,175,-685,-1,0.4851
below_good,73,180,-680,-1,0.4794
below_good,73,185,-675,-1,0.4836
below_good,73,190,-670,-1,0.4684
below_good,73,195,-665,-1,0.4599
below_good,73,200,-660,-1,0.4438
below_good,73,205,-655,-1,0.4395
below_good,73,210,-650,-1,0.4318
below_good,73,215,-645,-1,0.4605
below_good,73,220,-640,-1,0.4796
below_good,73,225,-635,-1,0.489
below_good,73,230,-630,-1,0.5077
below_good,73,235,-625,-1,0.5333
below_good,73,240,-620,-1,0.5248
below_good,73,245,-615,-1,0.5081
below_good,73,250,-610,-1,0.5013
below_good,73,255,-605,-1,0.4927
below_good,73,260,-600,-1,0.4788
below_good,73,265,-595,-1,0.4669
below_good,73,270,-590,-1,0.4705
below_good,73,275,-585,-1,0.4607
below_good,73,280,-580,-1,0.446
below_good,73,285,-575,-1,0.4473
below_good,73,290,-570,-1,0.4639
below_good,73,295,-565,-1,0.4741
below_good,73,300,-560,-1,0.4949
below_good,73,305,-555,-1,0.5068
below_good,73,310,-550,-1,0.5096
below_good,73,315,-545,-1,0.5072
below_good,73,320,-540,-1,0.502
below_good,73,325,-535,-1,0.4977
below_good,73,330,-530,-1,0.491
below_good,73,335,-525,-1,0.4797
below_good,73,340,-520,-1,0.46
below_good,73,345,-515,-1,0.4599
below_good,73,350,-510,-1,0.4454
below_good,73,355,-505,-1,0.443
below_good,73,360,-500,-1,0.4378
below_good,73,365,-495,-1,0.4401
below_good,73,370,-490,-1,0.4221
below_good,73,375,-485,-1,0.4138
below_good,73,380,-480,-1,0.4063
below_good,73,385,-475,-1,0.4184
below_good,73,390,-470,-1,0.4288
below_good,73,395,-465,-1,0.4407
below_good,73,400,-460,-1,0.455
below_good,73,405,-455,-1,0.4617
below_good,73,410,-450,-1,0.4504
below_good,73,415,-445,-1,0.447
below_good,73,420,-440,-1,0.4372
below_good,73,425,-435,-1,0.4476
below_good,73,430,-430,-1,0.4459
below_good,73,435,-425,-1,0.4556
below_good,73,440,-420,-1,0.4619
below_good,73,445,-415,-1,0.4727
below_good,73,450,-410,-1,0.4607
below_good,73,455,-405,-1,0.4612
below_good,73,460,-400,-1,0.4681
below_good,73,465,-395,-1,0.4703
below_good,73,470,-390,-1,0.4796
below_good,73,475,-385,-1,0.488
below_good,73,480,-380,-1,0.4994
below_good,73,485,-375,-1,0.4929
below_good,73,490,-370,-1,0.4932
below_good,73,495,-365,-1,0.4843
below_good,73,500,-360,-1,0.4731
below_good,73,505,-355,-1,0.4681
below_good,73,510,-350,-1,0.4578
below_good,73,515,-345,-1,0.4448
below_good,73,520,-340,-1,0.4426
below_good,73,525,-335,-1,0.44
below_good,73,530,-330,-1,0.427
below_good,73,535,-325,-1,0.4243
below_good,73,540,-320,-1,0.4142
below_good,73,545,-315,-1,0.4064
below_good,73,550,-310,-1,0.411
below_good,73,555,-305,-1,0.4087
below_good,73,560,-300,-1,0.4113
below_good,73,565,-295,-1,0.4066
below_good,73,570,-290,-1,0.403
below_good,73,575,-285,-1,0.4013
below_good,73,580,-280,-1,0.4031
below_good,73,585,-275,-1,0.3891
below_good,73,590,-270,-1,0.3863
below_good,73,595,-265,-1,0.3968
below_good,73,600,-260,-1,0.385
below_good,73,605,-255,-1,0.3892
below_good,73,610,-250,-1,0.406
below_good,73,615,-245,-1,0.4217
below_good,73,620,-240,-1,0.4076
below_good,73,625,-235,-1,0.4192
below_good,73,630,-230,-1,0.4198
below_good,73,635,-225,-1,0.4192
below_good,73,640,-220,-1,0.4128
below_good,73,645,-215,-1,0.4154
below_good,73,650,-210,-1,0.4036
below_good,73,655,-205,-1,0.3938
below_good,73,660,-200,-1,0.3872
below_good,73,665,-195,-1,0.3701
below_good,73,670,-190,-1,0.3631
below_good,73,675,-185,-1,0.3617
below_good,73,680,-180,-1,0.3601
below_good,73,685,-175,-1,0.3523
below_good,73,690,-170,-1,0.3669
below_good,73,695,-165,-1,0.3721
below_good,73,700,-160,-1,0.38
below_good,73,705,-155,-1,0.3921
below_good,73,710,-150,-1,0.3998
below_good,73,715,-145,-1,0.4015
below_good,73,720,-140,-1,0.4129
below_good,73,725,-135,-1,0.4028
below_good,73,730,-130,-1,0.3893
below_good,73,735,-125,-1,0.3844
below_good,73,740,-120,-1,0.3673
below_good,73,745,-115,-1,0.3485
below_good,73,750,-110,-1,0.3513
below_good,73,755,-105,-1,0.3527
below_good,73,760,-100,-1,0.3586
below_good,73,765,-95,-1,0.386
below_good,73,770,-90,-1,0.4002
below_good,73,775,-85,-1,0.4181
below_good,73,780,-80,-1,0.4472
below_good,73,785,-75,-1,0.4713
below_good,73,790,-70,-1,0.4937
below_good,73,795,-65,-1,0.5142
below_good,73,800,-60,-1,0.5313
below_good,73,805,-55,-1,0.5364
below_good,73,810,-50,-1,0.5371
below_good,73,815,-45,-1,0.5357
below_good,73,820,-40,-1,0.5404
below_good,73,825,-35,-1,0.5521
below_good,73,830,-30,-1,0.5571
below_good,73,835,-25,-1,0.5608
below_good,73,840,-20,-1,0.5598
below_good,73,845,-15,-1,0.5674
below_good,73,850,-10,-1,0.5657
below_good,73,855,-5,-1,0.5689
below_good,73,860,0,-1,0.5757
below_good,73,865,5,-1,0.5844
below_good,74,0,-409,-1,0.5397
below_good,74,5,-404,-1,0.5387
below_good,74,10,-399,-1,0.5353
below_good,74,15,-394,-1,0.5356
below_good,74,20,-389,-1,0.5283
below_good,74,25,-384,-1,0.5396
below_good,74,30,-379,-1,0.5484
below_good,74,35,-374,-1,0.5518
below_good,74,40,-369,-1,0.5428
below_good,74,45,-364,-1,0.5434
below_good,74,50,-359,-1,0.5333
below_good,74,55,-354,-1,0.5255
below_good,74,60,-349,-1,0.5263
below_good,74,65,-344,-1,0.5385
below_good,74,70,-339,-1,0.546
below_good,74,75,-334,-1,0.5581
below_good,74,80,-329,-1,0.5581
below_good,74,85,-324,-1,0.564
below_good,74,90,-319,-1,0.5643
below_good,74,95,-314,-1,0.5702
below_good,74,100,-309,-1,0.5612
below_good,74,105,-304,-1,0.5674
below_good,74,110,-299,-1,0.5687
below_good,74,115,-294,-1,0.5751
below_good,74,120,-289,-1,0.5766
below_good,74,125,-284,-1,0.5778
below_good,74,130,-279,-1,0.5653
below_good,74,135,-274,-1,0.5522
below_good,74,140,-269,-1,0.5401
below_good,74,145,-264,-1,0.533
below_good,74,150,-259,-1,0.5191
below_good,74,155,-254,-1,0.5152
below_good,74,160,-249,-1,0.5234
below_good,74,165,-244,-1,0.5156
below_good,74,170,-239,-1,0.5045
below_good,74,175,-234,-1,0.5178
below_good,74,180,-229,-1,0.5265
below_good,74,185,-224,-1,0.5191
below_good,74,190,-219,-1,0.5197
below_good,74,195,-214,-1,0.5222
below_good,74,200,-209,-1,0.5178
below_good,74,205,-204,-1,0.5117
below_good,74,210,-199,-1,0.5046
below_good,74,215,-194,-1,0.4996
below_good,74,220,-189,-1,0.505
below_good,74,225,-184,-1,0.5061
below_good,74,230,-179,-1,0.5125
below_good,74,235,-174,-1,0.5154
below_good,74,240,-169,-1,0.5345
below_good,74,245,-164,-1,0.5348
below_good,74,250,-159,-1,0.5305
below_good,74,255,-154,-1,0.5289
below_good,74,260,-149,-1,0.5337
below_good,74,265,-144,-1,0.5206
below_good,74,270,-139,-1,0.5066
below_good,74,275,-134,-1,0.5108
below_good,74,280,-129,-1,0.5095
below_good,74,285,-124,-1,0.5107
below_good,74,290,-119,-1,0.5124
below_good,74,295,-114,-1,0.52
below_good,74,300,-109,-1,0.512
below_good,74,305,-104,-1,0.5078
below_good,74,310,-99,-1,0.4985
below_good,74,315,-94,-1,0.496
below_good,74,320,-89,-1,0.4968
below_good,74,325,-84,-1,0.506
below_good,74,330,-79,-1,0.5116
below_good,74,335,-74,-1,0.5264
below_good,74,340,-69,-1,0.5417
below_good,74,345,-64,-1,0.546
below_good,74,350,-59,-1,0.5512
below_good,74,355,-54,-1,0.5554
below_good,74,360,-49,-1,0.5493
below_good,74,365,-44,-1,0.5503
below_good,74,370,-39,-1,0.5579
below_good,74,375,-34,-1,0.5556
below_good,74,380,-29,-1,0.5621
below_good,74,385,-24,-1,0.5759
below_good,74,390,-19,-1,0.5753
below_good,74,395,-14,-1,0.5789
below_good,74,400,-9,-1,0.591
below_good,74,405,-4,-1,0.5937
below_good,74,410,1,-1,0.5937
below_good,75,0,,-1,0.525
below_good,75,5,,-1,0.5253
below_good,75,10,,-1,0.5288
below_good,75,15,,-1,0.5426
below_good,75,20,,-1,0.5522
below_good,75,25,,-1,0.5376
below_good,75,30,,-1,0.5421
below_good,75,35,,-1,0.5479
below_good,75,40,,-1,0.5459
below_good,75,45,,-1,0.5328
below_good,75,50,,-1,0.5444
below_good,75,55,,-1,0.5369
below_good,75,60,,-1,0.5351
below_good,75,65,,-1,0.5417
below_good,75,70,,-1,0.5603
below_good,75,75,,-1,0.5696
below_good,75,80,,-1,0.5872
below_good,75,85,,-1,0.5957
below_good,75,90,,-1,0.5943
below_good,75,95,,-1,0.5807
below_good,75,100,,-1,0.5756
below_good,75,105,,-1,0.5686
below_good,75,110,,-1,0.5536
below_good,75,115,,-1,0.5337
below_good,75,120,,-1,0.5364
below_good,75,125,,-1,0.5321
below_good,75,130,,-1,0.5315
below_good,75,135,,-1,0.5347
below_good,75,140,,-1,0.5274
below_good,75,145,,-1,0.5319
below_good,75,150,,-1,0.5356
below_good,75,155,,-1,0.528
below_good,75,160,,-1,0.5203
below_good,75,165,,-1,0.5377
below_good,75,170,,-1,0.5308
below_good,75,175,,-1,0.5228
below_good,75,180,,-1,0.5274
below_good,75,185,,-1,0.5338
below_good,75,190,,-1,0.5322
below_good,75,195,,-1,0.5255
below_good,75,200,,-1,0.5185
below_good,75,205,,-1,0.5033
below_good,75,210,,-1,0.4762
below_good,75,215,,-1,0.4488
below_good,75,220,,-1,0.4203
below_good,75,225,,-1,0.3883
below_good,75,230,,-1,0.3676
below_good,75,235,,-1,0.3634
below_good,75,240,,-1,0.3504
below_good,75,245,,-1,0.3787
below_good,75,250,,-1,0.4143
below_good,75,255,,-1,0.4337
below_good,75,260,,-1,0.4607
below_good,75,265,,-1,0.4936
below_good,75,270,,-1,0.5061
below_good,75,275,,-1,0.5018
below_good,75,280,,-1,0.517
below_good,75,285,,-1,0.5047
below_good,75,290,,-1,0.5148
below_good,75,295,,-1,0.5169
below_good,75,300,,-1,0.5327
below_good,75,305,,-1,0.5182
below_good,75,310,,-1,0.5204
below_good,75,315,,-1,0.5096
below_good,75,320,,-1,0.498
below_good,76,0,-409,-1,0.544
below_good,76,5,-404,-1,0.5425
below_good,76,10,-399,-1,0.5433
below_good,76,15,-394,-1,0.5419
below_good,76,20,-389,-1,0.5411
below_good,76,25,-384,-1,0.5414
below_good,76,30,-379,-1,0.5542
below_good,76,35,-374,-1,0.5519
below_good,76,40,-369,-1,0.5542
below_good,76,45,-364,-1,0.549
below_good,76,50,-359,-1,0.5474
below_good,76,55,-354,-1,0.5313
below_good,76,60,-349,-1,0.5266
below_good,76,65,-344,-1,0.527
below_good,76,70,-339,-1,0.5346
below_good,76,75,-334,-1,0.5421
below_good,76,80,-329,-1,0.5352
below_good,76,85,-324,-1,0.54
below_good,76,90,-319,-1,0.5287
below_good,76,95,-314,-1,0.5106
below_good,76,100,-309,-1,0.504
below_good,76,105,-304,-1,0.5132
below_good,76,110,-299,-1,0.5121
below_good,76,115,-294,-1,0.5197
below_good,76,120,-289,-1,0.5481
below_good,76,125,-284,-1,0.5635
below_good,76,130,-279,-1,0.5636
below_good,76,135,-274,-1,0.5656
below_good,76,140,-269,-1,0.5605
below_good,76,145,-264,-1,0.5329
below_good,76,150,-259,-1,0.5197
below_good,76,155,-254,-1,0.5124
below_good,76,160,-249,-1,0.5071
below_good,76,165,-244,-1,0.5018
below_good,76,170,-239,-1,0.5069
below_good,76,175,-234,-1,0.5042
below_good,76,180,-229,-1,0.5097
below_good,76,185,-224,-1,0.511
below_good,76,190,-219,-1,0.5269
below_good,76,195,-214,-1,0.5299
below_good,76,200,-209,-1,0.5347
below_good,76,205,-204,-1,0.5473
below_good,76,210,-199,-1,0.5576
below_good,76,215,-194,-1,0.5529
below_good,76,220,-189,-1,0.5657
below_good,76,225,-184,-1,0.5735
below_good,76,230,-179,-1,0.5679
below_good,76,235,-174,-1,0.5686
below_good,76,240,-169,-1,0.5636
below_good,76,245,-164,-1,0.5609
below_good,76,250,-159,-1,0.5451
below_good,76,255,-154,-1,0.5352
below_good,76,260,-149,-1,0.52
below_good,76,265,-144,-1,0.5141
below_good,76,270,-139,-1,0.5078
below_good,76,275,-134,-1,0.5203
below_good,76,280,-129,-1,0.5195
below_good,76,285,-124,-1,0.5252
below_good,76,290,-119,-1,0.5308
below_good,76,295,-114,-1,0.5344
below_good,76,300,-109,-1,0.5261
below_good,76,305,-104,-1,0.5235
below_good,76,310,-99,-1,0.5247
below_good,76,315,-94,-1,0.5259
below_good,76,320,-89,-1,0.5226
below_good,76,325,-84,-1,0.5275
below_good,76,330,-79,-1,0.5547
below_good,76,335,-74,-1,0.5675
below_good,76,340,-69,-1,0.5756
below_good,76,345,-64,-1,0.5795
below_good,76,350,-59,-1,0.5826
below_good,76,355,-54,-1,0.558
below_good,76,360,-49,-1,0.557
below_good,76,365,-44,-1,0.5576
below_good,76,370,-39,-1,0.5559
below_good,76,375,-34,-1,0.5594
below_good,76,380,-29,-1,0.5739
below_good,76,385,-24,-1,0.5706
below_good,76,390,-19,-1,0.5714
below_good,76,395,-14,-1,0.5875
below_good,76,400,-9,-1,0.5954
below_good,76,405,-4,-1,0.6001
below_good,76,410,1,-1,0.6093
below_good,77,0,,-1,0.5303
below_good,77,5,,-1,0.5316
below_good,77,10,,-1,0.5337
below_good,77,15,,-1,0.541
below_good,77,20,,-1,0.5397
below_good,77,25,,-1,0.5423
below_good,77,30,,-1,0.5489
below_good,77,35,,-1,0.5517
below_good,77,40,,-1,0.5507
below_good,77,45,,-1,0.5642
below_good,77,50,,-1,0.5626
below_good,77,55,,-1,0.5622
below_good,77,60,,-1,0.5567
below_good,77,65,,-1,0.5525
below_good,77,70,,-1,0.549
below_good,77,75,,-1,0.557
below_good,77,80,,-1,0.5617
below_good,77,85,,-1,0.5737
below_good,77,90,,-1,0.5862
below_good,77,95,,-1,0.5866
below_good,77,100,,-1,0.5782
below_good,77,105,,-1,0.5688
below_good,77,110,,-1,0.5619
below_good,77,115,,-1,0.5461
below_good,77,120,,-1,0.5438
below_good,77,125,,-1,0.54
below_good,77,130,,-1,0.5398
below_good,77,135,,-1,0.5371
below_good,77,140,,-1,0.5335
below_good,77,145,,-1,0.5151
below_good,77,150,,-1,0.5011
below_good,77,155,,-1,0.4928
below_good,77,160,,-1,0.4864
below_good,77,165,,-1,0.487
below_good,77,170,,-1,0.5062
below_good,77,175,,-1,0.5302
below_good,77,180,,-1,0.5431
below_good,77,185,,-1,0.5526
below_good,77,190,,-1,0.5584
below_good,77,195,,-1,0.5555
below_good,77,200,,-1,0.5512
below_good,77,205,,-1,0.5474
below_good,77,210,,-1,0.5538
below_good,77,215,,-1,0.5548
below_good,77,220,,-1,0.5497
below_good,77,225,,-1,0.5483
below_good,77,230,,-1,0.54
below_good,77,235,,-1,0.5269
below_good,77,240,,-1,0.532
below_good,77,245,,-1,0.5345
below_good,77,250,,-1,0.5317
below_good,77,255,,-1,0.5449
below_good,77,260,,-1,0.5422
below_good,77,265,,-1,0.5341
below_good,77,270,,-1,0.5432
below_good,77,275,,-1,0.5474
below_good,77,280,,-1,0.5524
below_good,77,285,,-1,0.5661
below_good,77,290,,-1,0.574
below_good,77,295,,-1,0.5792
below_good,77,300,,-1,0.5745
below_good,77,305,,-1,0.5569
below_good,77,310,,-1,0.5458
below_good,77,315,,-1,0.5465
below_good,77,320,,-1,0.5316
below_good,77,325,,-1,0.5293
below_good,77,330,,-1,0.5388
below_good,77,335,,-1,0.5414
below_good,77,340,,-1,0.525
below_good,77,345,,-1,0.5285
below_good,77,350,,-1,0.5316
below_good,77,355,,-1,0.5244
below_good,78,0,-400,-1,0.5432
below_good,78,5,-395,-1,0.5433
below_good,78,10,-390,-1,0.543
below_good,78,15,-385,-1,0.5432
below_good,78,20,-380,-1,0.5546
below_good,78,25,-375,-1,0.5603
below_good,78,30,-370,-1,0.5574
below_good,78,35,-365,-1,0.5554
below_good,78,40,-360,-1,0.5604
below_good,78,45,-355,-1,0.5431
below_good,78,50,-350,-1,0.5455
below_good,78,55,-345,-1,0.5532
below_good,78,60,-340,-1,0.5559
below_good,78,65,-335,-1,0.5654
below_good,78,70,-330,-1,0.553
below_good,78,75,-325,-1,0.5513
below_good,78,80,-320,-1,0.5486
below_good,78,85,-315,-1,0.5476
below_good,78,90,-310,-1,0.5372
below_good,78,95,-305,-1,0.5543
below_good,78,100,-300,-1,0.5466
below_good,78,105,-295,-1,0.5438
below_good,78,110,-290,-1,0.5378
below_good,78,115,-285,-1,0.5464
below_good,78,120,-280,-1,0.5481
below_good,78,125,-275,-1,0.5616
below_good,78,130,-270,-1,0.5712
below_good,78,135,-265,-1,0.5795
below_good,78,140,-260,-1,0.5516
below_good,78,145,-255,-1,0.5403
below_good,78,150,-250,-1,0.5284
below_good,78,155,-245,-1,0.5203
below_good,78,160,-240,-1,0.5087
below_good,78,165,-235,-1,0.5218
below_good,78,170,-230,-1,0.5237
below_good,78,175,-225,-1,0.5182
below_good,78,180,-220,-1,0.5079
below_good,78,185,-215,-1,0.509
below_good,78,190,-210,-1,0.5065
below_good,78,195,-205,-1,0.5153
below_good,78,200,-200,-1,0.5187
below_good,78,205,-195,-1,0.507
below_good,78,210,-190,-1,0.5063
below_good,78,215,-185,-1,0.4888
below_good,78,220,-180,-1,0.4602
below_good,78,225,-175,-1,0.4578
below_good,78,230,-170,-1,0.4711
below_good,78,235,-165,-1,0.4775
below_good,78,240,-160,-1,0.4994
below_good,78,245,-155,-1,0.5202
below_good,78,250,-150,-1,0.5147
below_good,78,255,-145,-1,0.5155
below_good,78,260,-140,-1,0.5053
below_good,78,265,-135,-1,0.5044
below_good,78,270,-130,-1,0.5012
below_good,78,275,-125,-1,0.5072
below_good,78,280,-120,-1,0.5011
below_good,78,285,-115,-1,0.5107
below_good,78,290,-110,-1,0.4997
below_good,78,295,-105,-1,0.4995
below_good,78,300,-100,-1,0.5006
below_good,78,305,-95,-1,0.5078
below_good,78,310,-90,-1,0.5164
below_good,78,315,-85,-1,0.5281
below_good,78,320,-80,-1,0.5331
below_good,78,325,-75,-1,0.5366
below_good,78,330,-70,-1,0.5386
below_good,78,335,-65,-1,0.5358
below_good,78,340,-60,-1,0.5312
below_good,78,345,-55,-1,0.5331
below_good,78,350,-50,-1,0.534
below_good,78,355,-45,-1,0.5425
below_good,78,360,-40,-1,0.5436
below_good,78,365,-35,-1,0.5571
below_good,78,370,-30,-1,0.5328
below_good,78,375,-25,-1,0.5352
below_good,78,380,-20,-1,0.5378
below_good,78,385,-15,-1,0.5424
below_good,78,390,-10,-1,0.5403
below_good,78,395,-5,-1,0.5577
below_good,78,400,0,-1,0.5504
below_good,78,405,5,-1,0.5427
below_good,78,410,10,-1,0.5259
below_good,78,415,15,-1,0.5117
below_good,78,420,20,-1,0.509
below_good,78,425,25,-1,0.5147
below_good,78,430,30,-1,0.518
below_good,78,435,35,-1,0.5252
below_good,78,440,40,-1,0.5281
below_good,78,445,45,-1,0.5388
below_good,78,450,50,-1,0.5372
below_good,81,0,,-1,0.5377
below_good,81,5,,-1,0.5387
below_good,81,10,,-1,0.5403
below_good,81,15,,-1,0.553
below_good,81,20,,-1,0.5503
below_good,81,25,,-1,0.5527
below_good,81,30,,-1,0.5469
below_good,81,35,,-1,0.5383
below_good,81,40,,-1,0.5382
below_good,81,45,,-1,0.536
below_good,81,50,,-1,0.5357
below_good,81,55,,-1,0.5473
below_good,81,60,,-1,0.5492
below_good,81,65,,-1,0.5522
below_good,81,70,,-1,0.5591
below_good,81,75,,-1,0.5575
below_good,81,80,,-1,0.5476
below_good,81,85,,-1,0.5543
below_good,81,90,,-1,0.5389
below_good,81,95,,-1,0.5356
below_good,81,100,,-1,0.5486
below_good,81,105,,-1,0.5445
below_good,81,110,,-1,0.5449
below_good,81,115,,-1,0.548
below_good,81,120,,-1,0.5513
below_good,81,125,,-1,0.5425
below_good,81,130,,-1,0.555
below_good,81,135,,-1,0.5462
below_good,81,140,,-1,0.5519
below_good,81,145,,-1,0.5549
below_good,81,150,,-1,0.5512
below_good,81,155,,-1,0.5577
below_good,81,160,,-1,0.5695
below_good,81,165,,-1,0.5665
below_good,81,170,,-1,0.5619
below_good,81,175,,-1,0.5598
below_good,81,180,,-1,0.5496
below_good,81,185,,-1,0.551
below_good,81,190,,-1,0.547
below_good,81,195,,-1,0.552
below_good,81,200,,-1,0.5603
below_good,81,205,,-1,0.5603
below_good,81,210,,-1,0.5523
below_good,81,215,,-1,0.5509
below_good,81,220,,-1,0.5341
below_good,81,225,,-1,0.521
below_good,81,230,,-1,0.5089
below_good,81,235,,-1,0.5065
below_good,81,240,,-1,0.5
below_good,81,245,,-1,0.4889
below_good,81,250,,-1,0.4558
below_good,81,255,,-1,0.4408
below_good,81,260,,-1,0.4209
below_good,81,265,,-1,0.3939
below_good,81,270,,-1,0.3935
below_good,81,275,,-1,0.3749
below_good,81,280,,-1,0.3422
below_good,81,285,,-1,0.3098
below_good,81,290,,-1,0.2915
below_good,81,295,,-1,0.2492
below_good,81,300,,-1,0.2487
below_good,81,305,,-1,0.2538
below_good,81,310,,-1,0.2764
below_good,81,315,,-1,0.2688
below_good,81,320,,-1,0.2752
below_good,81,325,,-1,0.2829
below_good,81,330,,-1,0.2923
below_good,81,335,,-1,0.2921
below_good,81,340,,-1,0.2946
below_good,81,345,,-1,0.2954
below_good,81,350,,-1,0.291
below_good,81,355,,-1,0.2909
below_good,81,360,,-1,0.2812
below_good,81,365,,-1,0.308
below_good,81,370,,-1,0.3234
below_good,81,375,,-1,0.3281
below_good,81,380,,-1,0.3374
below_good,81,385,,-1,0.3305
below_good,81,390,,-1,0.3021
below_good,81,395,,-1,0.2706
below_good,81,400,,-1,0.2522
below_good,81,405,,-1,0.2123
below_good,81,410,,-1,0.2074
below_good,81,415,,-1,0.201
below_good,81,420,,-1,0.2059
below_good,81,425,,-1,0.2031
below_good,81,430,,-1,0.2052
below_good,81,435,,-1,0.1807
below_good,81,440,,-1,0.1879
below_good,81,445,,-1,0.2012
below_good,81,450,,-1,0.2201
below_good,81,455,,-1,0.2376
below_good,81,460,,-1,0.2445
below_good,81,465,,-1,0.256
below_good,81,470,,-1,0.2596
below_good,81,475,,-1,0.2546
below_good,81,480,,-1,0.2713
below_good,81,485,,-1,0.2862
below_good,81,490,,-1,0.3064
below_good,81,495,,-1,0.3044
below_good,81,500,,-1,0.3243
below_good,81,505,,-1,0.3197
below_good,81,510,,-1,0.3533
below_good,81,515,,-1,0.3545
below_good,81,520,,-1,0.3714
below_good,81,525,,-1,0.3627
below_good,81,530,,-1,0.3698
below_good,81,535,,-1,0.355
below_good,81,540,,-1,0.3577
below_good,81,545,,-1,0.3375
below_good,81,550,,-1,0.3467
below_good,81,555,,-1,0.3435
below_good,83,0,-367,-1,0.5235
below_good,83,5,-362,-1,0.5263
below_good,83,10,-357,-1,0.5281
below_good,83,15,-352,-1,0.5317
below_good,83,20,-347,-1,0.5334
below_good,83,25,-342,-1,0.534
below_good,83,30,-337,-1,0.5339
below_good,83,35,-332,-1,0.5334
below_good,83,40,-327,-1,0.5392
below_good,83,45,-322,-1,0.5476
below_good,83,50,-317,-1,0.5526
below_good,83,55,-312,-1,0.5619
below_good,83,60,-307,-1,0.5691
below_good,83,65,-302,-1,0.5729
below_good,83,70,-297,-1,0.5727
below_good,83,75,-292,-1,0.5875
below_good,83,80,-287,-1,0.5961
below_good,83,85,-282,-1,0.5947
below_good,83,90,-277,-1,0.5845
below_good,83,95,-272,-1,0.5779
below_good,83,100,-267,-1,0.5602
below_good,83,105,-262,-1,0.5407
below_good,83,110,-257,-1,0.5397
below_good,83,115,-252,-1,0.5459
below_good,83,120,-247,-1,0.5514
below_good,83,125,-242,-1,0.5421
below_good,83,130,-237,-1,0.5451
below_good,83,135,-232,-1,0.5341
below_good,83,140,-227,-1,0.5266
below_good,83,145,-222,-1,0.5136
below_good,83,150,-217,-1,0.5056
below_good,83,155,-212,-1,0.4772
below_good,83,160,-207,-1,0.4497
below_good,83,165,-202,-1,0.4247
below_good,83,170,-197,-1,0.4114
below_good,83,175,-192,-1,0.3952
below_good,83,180,-187,-1,0.4022
below_good,83,185,-182,-1,0.4293
below_good,83,190,-177,-1,0.4512
below_good,83,195,-172,-1,0.4767
below_good,83,200,-167,-1,0.5048
below_good,83,205,-162,-1,0.5279
below_good,83,210,-157,-1,0.5474
below_good,83,215,-152,-1,0.5476
below_good,83,220,-147,-1,0.5436
below_good,83,225,-142,-1,0.5456
below_good,83,230,-137,-1,0.5361
below_good,83,235,-132,-1,0.5189
below_good,83,240,-127,-1,0.5341
below_good,83,245,-122,-1,0.5374
below_good,83,250,-117,-1,0.5378
below_good,83,255,-112,-1,0.5519
below_good,83,260,-107,-1,0.5505
below_good,83,265,-102,-1,0.5381
below_good,83,270,-97,-1,0.5327
below_good,83,275,-92,-1,0.5286
below_good,83,280,-87,-1,0.5181
below_good,83,285,-82,-1,0.5293
below_good,83,290,-77,-1,0.5263
below_good,83,295,-72,-1,0.5301
below_good,83,300,-67,-1,0.5291
below_good,83,305,-62,-1,0.5297
below_good,83,310,-57,-1,0.5379
below_good,83,315,-52,-1,0.5488
below_good,83,320,-47,-1,0.5543
below_good,83,325,-42,-1,0.5689
below_good,83,330,-37,-1,0.574
below_good,83,335,-32,-1,0.5695
below_good,83,340,-27,-1,0.573
below_good,83,345,-22,-1,0.5711
below_good,83,350,-17,-1,0.5607
below_good,83,355,-12,-1,0.5692
below_good,83,360,-7,-1,0.5702
below_good,83,365,-2,-1,0.5717
below_good,83,370,3,-1,0.576
below_good,85,0,-368,-1,0.5335
below_good,85,5,-363,-1,0.5344
below_good,85,10,-358,-1,0.5379
below_good,85,15,-353,-1,0.5425
below_good,85,20,-348,-1,0.5338
below_good,85,25,-343,-1,0.5309
below_good,85,30,-338,-1,0.5283
below_good,85,35,-333,-1,0.5253
below_good,85,40,-328,-1,0.5228
below_good,85,45,-323,-1,0.5315
below_good,85,50,-318,-1,0.5377
below_good,85,55,-313,-1,0.5424
below_good,85,60,-308,-1,0.5486
below_good,85,65,-303,-1,0.5469
below_good,85,70,-298,-1,0.5499
below_good,85,75,-293,-1,0.5489
below_good,85,80,-288,-1,0.5488
below_good,85,85,-283,-1,0.5451
below_good,85,90,-278,-1,0.5434
below_good,85,95,-273,-1,0.5389
below_good,85,100,-268,-1,0.5439
below_good,85,105,-263,-1,0.5466
below_good,85,110,-258,-1,0.542
below_good,85,115,-253,-1,0.5417
below_good,85,120,-248,-1,0.5419
below_good,85,125,-243,-1,0.5396
below_good,85,130,-238,-1,0.5378
below_good,85,135,-233,-1,0.5336
below_good,85,140,-228,-1,0.5393
below_good,85,145,-223,-1,0.539
below_good,85,150,-218,-1,0.5328
below_good,85,155,-213,-1,0.5287
below_good,85,160,-208,-1,0.5318
below_good,85,165,-203,-1,0.5269
below_good,85,170,-198,-1,0.5319
below_good,85,175,-193,-1,0.5217
below_good,85,180,-188,-1,0.5196
below_good,85,185,-183,-1,0.5229
below_good,85,190,-178,-1,0.5266
below_good,85,195,-173,-1,0.5169
below_good,85,200,-168,-1,0.5282
below_good,85,205,-163,-1,0.5267
below_good,85,210,-158,-1,0.5265
below_good,85,215,-153,-1,0.5254
below_good,85,220,-148,-1,0.5281
below_good,85,225,-143,-1,0.5329
below_good,85,230,-138,-1,0.5362
below_good,85,235,-133,-1,0.5382
below_good,85,240,-128,-1,0.5352
below_good,85,245,-123,-1,0.5264
below_good,85,250,-118,-1,0.5144
below_good,85,255,-113,-1,0.5089
below_good,85,260,-108,-1,0.4967
below_good,85,265,-103,-1,0.4659
below_good,85,270,-98,-1,0.4649
below_good,85,275,-93,-1,0.4614
below_good,85,280,-88,-1,0.4444
below_good,85,285,-83,-1,0.4271
below_good,85,290,-78,-1,0.4364
below_good,85,295,-73,-1,0.4197
below_good,85,300,-68,-1,0.4095
below_good,85,305,-63,-1,0.401
below_good,85,310,-58,-1,0.4113
below_good,85,315,-53,-1,0.4244
below_good,85,320,-48,-1,0.4373
below_good,85,325,-43,-1,0.4369
below_good,85,330,-38,-1,0.4606
below_good,85,335,-33,-1,0.476
below_good,85,340,-28,-1,0.4798
below_good,85,345,-23,-1,0.4872
below_good,85,350,-18,-1,0.4872
below_good,85,355,-13,-1,0.5002
below_good,85,360,-8,-1,0.4927
below_good,85,365,-3,-1,0.4895
below_good,85,370,2,-1,0.4883
below_good,86,0,-311,-1,0.544
below_good,86,5,-306,-1,0.5429
below_good,86,10,-301,-1,0.5422
below_good,86,15,-296,-1,0.5418
below_good,86,20,-291,-1,0.54
below_good,86,25,-286,-1,0.5447
below_good,86,30,-281,-1,0.5498
below_good,86,35,-276,-1,0.5423
below_good,86,40,-271,-1,0.5285
below_good,86,45,-266,-1,0.5279
below_good,86,50,-261,-1,0.5254
below_good,86,55,-256,-1,0.5349
below_good,86,60,-251,-1,0.5489
below_good,86,65,-246,-1,0.5726
below_good,86,70,-241,-1,0.5791
below_good,86,75,-236,-1,0.5813
below_good,86,80,-231,-1,0.5649
below_good,86,85,-226,-1,0.5642
below_good,86,90,-221,-1,0.5651
below_good,86,95,-216,-1,0.5692
below_good,86,100,-211,-1,0.5729
below_good,86,105,-206,-1,0.562
below_good,86,110,-201,-1,0.5517
below_good,86,115,-196,-1,0.5372
below_good,86,120,-191,-1,0.5199
below_good,86,125,-186,-1,0.516
below_good,86,130,-181,-1,0.5271
below_good,86,135,-176,-1,0.5373
below_good,86,140,-171,-1,0.5361
below_good,86,145,-166,-1,0.5396
below_good,86,150,-161,-1,0.5423
below_good,86,155,-156,-1,0.5516
below_good,86,160,-151,-1,0.5479
below_good,86,165,-146,-1,0.5522
below_good,86,170,-141,-1,0.5602
below_good,86,175,-136,-1,0.5645
below_good,86,180,-131,-1,0.5581
below_good,86,185,-126,-1,0.573
below_good,86,190,-121,-1,0.58
below_good,86,195,-116,-1,0.5785
below_good,86,200,-111,-1,0.5707
below_good,86,205,-106,-1,0.5702
below_good,86,210,-101,-1,0.5516
below_good,86,215,-96,-1,0.5464
below_good,86,220,-91,-1,0.5469
below_good,86,225,-86,-1,0.5488
below_good,86,230,-81,-1,0.5476
below_good,86,235,-76,-1,0.551
below_good,86,240,-71,-1,0.5488
below_good,86,245,-66,-1,0.5443
below_good,86,250,-61,-1,0.545
below_good,86,255,-56,-1,0.5379
below_good,86,260,-51,-1,0.5476
below_good,86,265,-46,-1,0.5547
below_good,86,270,-41,-1,0.5518
below_good,86,275,-36,-1,0.5511
below_good,86,280,-31,-1,0.5731
below_good,86,285,-26,-1,0.5762
below_good,86,290,-21,-1,0.5818
below_good,86,295,-16,-1,0.5936
below_good,86,300,-11,-1,0.6077
below_good,86,305,-6,-1,0.5874
below_good,86,310,-1,-1,0.5763
below_good,86,315,4,-1,0.5576
below_good,86,320,9,-1,0.5467
below_good,86,325,14,-1,0.5264
below_good,86,330,19,-1,0.5317
below_good,87,0,-368,-1,0.5225
below_good,87,5,-363,-1,0.5246
below_good,87,10,-358,-1,0.5268
below_good,87,15,-353,-1,0.5344
below_good,87,20,-348,-1,0.5377
below_good,87,25,-343,-1,0.5294
below_good,87,30,-338,-1,0.5273
below_good,87,35,-333,-1,0.5254
below_good,87,40,-328,-1,0.5271
below_good,87,45,-323,-1,0.5355
below_good,87,50,-318,-1,0.5552
below_good,87,55,-313,-1,0.5725
below_good,87,60,-308,-1,0.5817
below_good,87,65,-303,-1,0.5758
below_good,87,70,-298,-1,0.5625
below_good,87,75,-293,-1,0.5468
below_good,87,80,-288,-1,0.5245
below_good,87,85,-283,-1,0.5091
below_good,87,90,-278,-1,0.5035
below_good,87,95,-273,-1,0.4999
below_good,87,100,-268,-1,0.4952
below_good,87,105,-263,-1,0.4944
below_good,87,110,-258,-1,0.4955
below_good,87,115,-253,-1,0.4941
below_good,87,120,-248,-1,0.4984
below_good,87,125,-243,-1,0.506
below_good,87,130,-238,-1,0.5213
below_good,87,135,-233,-1,0.5281
below_good,87,140,-228,-1,0.5267
below_good,87,145,-223,-1,0.5259
below_good,87,150,-218,-1,0.5198
below_good,87,155,-213,-1,0.5077
below_good,87,160,-208,-1,0.5015
below_good,87,165,-203,-1,0.5027
below_good,87,170,-198,-1,0.5023
below_good,87,175,-193,-1,0.5078
below_good,87,180,-188,-1,0.5151
below_good,87,185,-183,-1,0.5217
below_good,87,190,-178,-1,0.5266
below_good,87,195,-173,-1,0.5274
below_good,87,200,-168,-1,0.5192
below_good,87,205,-163,-1,0.5214
below_good,87,210,-158,-1,0.5263
below_good,87,215,-153,-1,0.5262
below_good,87,220,-148,-1,0.5219
below_good,87,225,-143,-1,0.5351
below_good,87,230,-138,-1,0.5312
below_good,87,235,-133,-1,0.5179
below_good,87,240,-128,-1,0.5165
below_good,87,245,-123,-1,0.5197
below_good,87,250,-118,-1,0.5092
below_good,87,255,-113,-1,0.5051
below_good,87,260,-108,-1,0.5041
below_good,87,265,-103,-1,0.5117
below_good,87,270,-98,-1,0.5195
below_good,87,275,-93,-1,0.5193
below_good,87,280,-88,-1,0.5234
below_good,87,285,-83,-1,0.5333
below_good,87,290,-78,-1,0.5328
below_good,87,295,-73,-1,0.5361
below_good,87,300,-68,-1,0.5427
below_good,87,305,-63,-1,0.5618
below_good,87,310,-58,-1,0.5683
below_good,87,315,-53,-1,0.569
below_good,87,320,-48,-1,0.574
below_good,87,325,-43,-1,0.5829
below_good,87,330,-38,-1,0.5703
below_good,87,335,-33,-1,0.5674
below_good,87,340,-28,-1,0.5724
below_good,87,345,-23,-1,0.5747
below_good,87,350,-18,-1,0.5858
below_good,87,355,-13,-1,0.6026
below_good,87,360,-8,-1,0.6181
below_good,87,365,-3,-1,0.6276
below_good,88,0,-351,-1,0.501
below_good,88,5,-346,-1,0.5076
below_good,88,10,-341,-1,0.5165
below_good,88,15,-336,-1,0.5238
below_good,88,20,-331,-1,0.533
below_good,88,25,-326,-1,0.5376
below_good,88,30,-321,-1,0.548
below_good,88,35,-316,-1,0.5447
below_good,88,40,-311,-1,0.5333
below_good,88,45,-306,-1,0.5328
below_good,88,50,-301,-1,0.5418
below_good,88,55,-296,-1,0.5344
below_good,88,60,-291,-1,0.5371
below_good,88,65,-286,-1,0.5492
below_good,88,70,-281,-1,0.5532
below_good,88,75,-276,-1,0.5575
below_good,88,80,-271,-1,0.5599
below_good,88,85,-266,-1,0.5617
below_good,88,90,-261,-1,0.561
below_good,88,95,-256,-1,0.5501
below_good,88,100,-251,-1,0.5398
below_good,88,105,-246,-1,0.539
below_good,88,110,-241,-1,0.5376
below_good,88,115,-236,-1,0.5289
below_good,88,120,-231,-1,0.5348
below_good,88,125,-226,-1,0.5341
below_good,88,130,-221,-1,0.536
below_good,88,135,-216,-1,0.5426
below_good,88,140,-211,-1,0.5622
below_good,88,145,-206,-1,0.5662
below_good,88,150,-201,-1,0.5777
below_good,88,155,-196,-1,0.5766
below_good,88,160,-191,-1,0.5709
below_good,88,165,-186,-1,0.5604
below_good,88,170,-181,-1,0.5625
below_good,88,175,-176,-1,0.5533
below_good,88,180,-171,-1,0.5477
below_good,88,185,-166,-1,0.5413
below_good,88,190,-161,-1,0.5421
below_good,88,195,-156,-1,0.5274
below_good,88,200,-151,-1,0.5194
below_good,88,205,-146,-1,0.5191
below_good,88,210,-141,-1,0.5261
below_good,88,215,-136,-1,0.5114
below_good,88,220,-131,-1,0.5138
below_good,88,225,-126,-1,0.5183
below_good,88,230,-121,-1,0.5129
below_good,88,235,-116,-1,0.5237
below_good,88,240,-111,-1,0.5333
below_good,88,245,-106,-1,0.5354
below_good,88,250,-101,-1,0.5355
below_good,88,255,-96,-1,0.5486
below_good,88,260,-91,-1,0.5331
below_good,88,265,-86,-1,0.5383
below_good,88,270,-81,-1,0.549
below_good,88,275,-76,-1,0.5536
below_good,88,280,-71,-1,0.5495
below_good,88,285,-66,-1,0.5495
below_good,88,290,-61,-1,0.542
below_good,88,295,-56,-1,0.5291
below_good,88,300,-51,-1,0.5186
below_good,88,305,-46,-1,0.5135
below_good,88,310,-41,-1,0.5077
below_good,88,315,-36,-1,0.5057
below_good,88,320,-31,-1,0.5051
below_good,88,325,-26,-1,0.509
below_good,88,330,-21,-1,0.5144
below_good,88,335,-16,-1,0.5181
below_good,88,340,-11,-1,0.5314
below_good,88,345,-6,-1,0.5388
below_good,88,350,-1,-1,0.5451
below_good,88,355,4,-1,0.546
below_good,88,360,9,-1,0.555
below_good,89,0,-371,-1,0.5386
below_good,89,5,-366,-1,0.5321
below_good,89,10,-361,-1,0.5394
below_good,89,15,-356,-1,0.5384
below_good,89,20,-351,-1,0.5446
below_good,89,25,-346,-1,0.5497
below_good,89,30,-341,-1,0.5528
below_good,89,35,-336,-1,0.549
below_good,89,40,-331,-1,0.554
below_good,89,45,-326,-1,0.5494
below_good,89,50,-321,-1,0.5409
below_good,89,55,-316,-1,0.542
below_good,89,60,-311,-1,0.5414
below_good,89,65,-306,-1,0.543
below_good,89,70,-301,-1,0.5491
below_good,89,75,-296,-1,0.5515
below_good,89,80,-291,-1,0.5485
below_good,89,85,-286,-1,0.5436
below_good,89,90,-281,-1,0.5388
below_good,89,95,-276,-1,0.5384
below_good,89,100,-271,-1,0.5346
below_good,89,105,-266,-1,0.5322
below_good,89,110,-261,-1,0.5331
below_good,89,115,-256,-1,0.5332
below_good,89,120,-251,-1,0.5365
below_good,89,125,-246,-1,0.5463
below_good,89,130,-241,-1,0.5501
below_good,89,135,-236,-1,0.5535
below_good,89,140,-231,-1,0.5491
below_good,89,145,-226,-1,0.5356
below_good,89,150,-221,-1,0.5082
below_good,89,155,-216,-1,0.4715
below_good,89,160,-211,-1,0.451
below_good,89,165,-206,-1,0.4313
below_good,89,170,-201,-1,0.421
below_good,89,175,-196,-1,0.4391
below_good,89,180,-191,-1,0.4674
below_good,89,185,-186,-1,0.47
below_good,89,190,-181,-1,0.4794
below_good,89,195,-176,-1,0.4753
below_good,89,200,-171,-1,0.4774
below_good,89,205,-166,-1,0.4844
below_good,89,210,-161,-1,0.5016
below_good,89,215,-156,-1,0.5086
below_good,89,220,-151,-1,0.5228
below_good,89,225,-146,-1,0.5234
below_good,89,230,-141,-1,0.5261
below_good,89,235,-136,-1,0.5191
below_good,89,240,-131,-1,0.5183
below_good,89,245,-126,-1,0.5177
below_good,89,250,-121,-1,0.5152
below_good,89,255,-116,-1,0.5096
below_good,89,260,-111,-1,0.5305
below_good,89,265,-106,-1,0.5387
below_good,89,270,-101,-1,0.5432
below_good,89,275,-96,-1,0.5457
below_good,89,280,-91,-1,0.5434
below_good,89,285,-86,-1,0.524
below_good,89,290,-81,-1,0.5194
below_good,89,295,-76,-1,0.5164
below_good,89,300,-71,-1,0.5167
below_good,89,305,-66,-1,0.524
below_good,89,310,-61,-1,0.5267
below_good,89,315,-56,-1,0.5259
below_good,89,320,-51,-1,0.5288
below_good,89,325,-46,-1,0.521
below_good,89,330,-41,-1,0.5242
below_good,89,335,-36,-1,0.5198
below_good,89,340,-31,-1,0.519
below_good,89,345,-26,-1,0.5104
below_good,89,350,-21,-1,0.5169
below_good,89,355,-16,-1,0.5252
below_good,89,360,-11,-1,0.5501
below_good,89,365,-6,-1,0.5584
below_good,89,370,-1,-1,0.5803
below_good,90,0,,-1,0.5038
below_good,90,5,,-1,0.5056
below_good,90,10,,-1,0.5061
below_good,90,15,,-1,0.5164
below_good,90,20,,-1,0.5119
below_good,90,25,,-1,0.5111
below_good,90,30,,-1,0.5057
below_good,90,35,,-1,0.4896
below_good,90,40,,-1,0.4763
below_good,90,45,,-1,0.4822
below_good,90,50,,-1,0.4775
below_good,90,55,,-1,0.4775
below_good,90,60,,-1,0.4909
below_good,90,65,,-1,0.4985
below_good,90,70,,-1,0.496
below_good,90,75,,-1,0.5165
below_good,90,80,,-1,0.52
below_good,90,85,,-1,0.5237
below_good,90,90,,-1,0.5259
below_good,90,95,,-1,0.5372
below_good,90,100,,-1,0.5231
below_good,90,105,,-1,0.5222
below_good,90,110,,-1,0.4935
below_good,90,115,,-1,0.4759
below_good,90,120,,-1,0.462
below_good,90,125,,-1,0.4479
below_good,90,130,,-1,0.4275
below_good,90,135,,-1,0.4383
below_good,90,140,,-1,0.4463
below_good,90,145,,-1,0.4442
below_good,90,150,,-1,0.4552
below_good,90,155,,-1,0.4745
below_good,90,160,,-1,0.4794
below_good,90,165,,-1,0.4671
below_good,90,170,,-1,0.4667
below_good,90,175,,-1,0.4598
below_good,90,180,,-1,0.4579
below_good,90,185,,-1,0.4659
below_good,90,190,,-1,0.4824
below_good,90,195,,-1,0.4881
below_good,90,200,,-1,0.5014
below_good,90,205,,-1,0.51
below_good,90,210,,-1,0.5157
below_good,90,215,,-1,0.5161
below_good,90,220,,-1,0.5047
below_good,90,225,,-1,0.501
below_good,90,230,,-1,0.5038
below_good,90,235,,-1,0.5028
below_good,90,240,,-1,0.5018
below_good,90,245,,-1,0.5114
below_good,90,250,,-1,0.5106
below_good,90,255,,-1,0.5083
below_good,90,260,,-1,0.5053
below_good,90,265,,-1,0.5007
below_good,90,270,,-1,0.4918
below_good,90,275,,-1,0.4913
below_good,90,280,,-1,0.4892
below_good,90,285,,-1,0.4882
below_good,90,290,,-1,0.4951
below_good,90,295,,-1,0.5132
below_good,90,300,,-1,0.5211
below_good,90,305,,-1,0.525
below_good,90,310,,-1,0.5263
below_good,90,315,,-1,0.4803
below_good,90,320,,-1,0.4374
below_good,90,325,,-1,0.4084
below_good,90,330,,-1,0.3584
below_good,90,335,,-1,0.3174
below_good,90,340,,-1,0.3359
below_good,90,345,,-1,0.356
below_good,90,350,,-1,0.351
below_good,90,355,,-1,0.3534
below_good,90,360,,-1,0.3555
below_good,90,365,,-1,0.345
below_good,90,370,,-1,0.324
below_good,90,375,,-1,0.3125
below_good,90,380,,-1,0.3288
below_good,90,385,,-1,0.3404
below_good,90,390,,-1,0.3403
below_good,90,395,,-1,0.3458
below_good,90,400,,-1,0.3483
below_good,90,405,,-1,0.3601
below_good,90,410,,-1,0.3674
below_good,90,415,,-1,0.393
below_good,90,420,,-1,0.4011
below_good,90,425,,-1,0.4081
below_good,90,430,,-1,0.3883
below_good,90,435,,-1,0.38
below_good,90,440,,-1,0.3503
below_good,90,445,,-1,0.3517
below_good,90,450,,-1,0.3508
below_good,90,455,,-1,0.3481
below_good,90,460,,-1,0.3627
below_good,90,465,,-1,0.3971
below_good,90,470,,-1,0.3786
below_good,90,475,,-1,0.3701
below_good,90,480,,-1,0.3622
below_good,90,485,,-1,0.3474
below_good,90,490,,-1,0.3433
below_good,90,495,,-1,0.3451
below_good,90,500,,-1,0.3653
below_good,90,505,,-1,0.3923
below_good,90,510,,-1,0.3954
below_good,90,515,,-1,0.3699
below_good,90,520,,-1,0.4021
below_good,90,525,,-1,0.4187
below_good,90,530,,-1,0.4222
below_good,90,535,,-1,0.4373
below_good,91,0,-383,-1,0.5401
below_good,91,5,-378,-1,0.535
below_good,91,10,-373,-1,0.5347
below_good,91,15,-368,-1,0.5361
below_good,91,20,-363,-1,0.5368
below_good,91,25,-358,-1,0.5557
below_good,91,30,-353,-1,0.5581
below_good,91,35,-348,-1,0.5589
below_good,91,40,-343,-1,0.5637
below_good,91,45,-338,-1,0.5565
below_good,91,50,-333,-1,0.5424
below_good,91,55,-328,-1,0.5467
below_good,91,60,-323,-1,0.5412
below_good,91,65,-318,-1,0.5212
below_good,91,70,-313,-1,0.5355
below_good,91,75,-308,-1,0.5395
below_good,91,80,-303,-1,0.5369
below_good,91,85,-298,-1,0.5428
below_good,91,90,-293,-1,0.5496
below_good,91,95,-288,-1,0.5379
below_good,91,100,-283,-1,0.5358
below_good,91,105,-278,-1,0.5243
below_good,91,110,-273,-1,0.4985
below_good,91,115,-268,-1,0.5061
below_good,91,120,-263,-1,0.5065
below_good,91,125,-258,-1,0.5025
below_good,91,130,-253,-1,0.5078
below_good,91,135,-248,-1,0.5299
below_good,91,140,-243,-1,0.5211
below_good,91,145,-238,-1,0.5087
below_good,91,150,-233,-1,0.4957
below_good,91,155,-228,-1,0.4951
below_good,91,160,-223,-1,0.4856
below_good,91,165,-218,-1,0.4875
below_good,91,170,-213,-1,0.4926
below_good,91,175,-208,-1,0.4979
below_good,91,180,-203,-1,0.4945
below_good,91,185,-198,-1,0.5127
below_good,91,190,-193,-1,0.5114
below_good,91,195,-188,-1,0.5215
below_good,91,200,-183,-1,0.5189
below_good,91,205,-178,-1,0.5253
below_good,91,210,-173,-1,0.5127
below_good,91,215,-168,-1,0.5079
below_good,91,220,-163,-1,0.5073
below_good,91,225,-158,-1,0.5135
below_good,91,230,-153,-1,0.5174
below_good,91,235,-148,-1,0.5215
below_good,91,240,-143,-1,0.5254
below_good,91,245,-138,-1,0.5192
below_good,91,250,-133,-1,0.5158
below_good,91,255,-128,-1,0.5058
below_good,91,260,-123,-1,0.5018
below_good,91,265,-118,-1,0.5034
below_good,91,270,-113,-1,0.4929
below_good,91,275,-108,-1,0.4915
below_good,91,280,-103,-1,0.5042
below_good,91,285,-98,-1,0.5075
below_good,91,290,-93,-1,0.5023
below_good,91,295,-88,-1,0.5095
below_good,91,300,-83,-1,0.5295
below_good,91,305,-78,-1,0.5223
below_good,91,310,-73,-1,0.5275
below_good,91,315,-68,-1,0.5509
below_good,91,320,-63,-1,0.5656
below_good,91,325,-58,-1,0.5524
below_good,91,330,-53,-1,0.5633
below_good,91,335,-48,-1,0.5559
below_good,91,340,-43,-1,0.5369
below_good,91,345,-38,-1,0.5182
below_good,91,350,-33,-1,0.5166
below_good,91,355,-28,-1,0.5062
below_good,91,360,-23,-1,0.5116
below_good,91,365,-18,-1,0.526
below_good,91,370,-13,-1,0.5473
below_good,91,375,-8,-1,0.5551
below_good,91,380,-3,-1,0.5631
below_good,91,385,2,-1,0.5714
below_good,92,0,,-1,0.5393
below_good,92,5,,-1,0.5378
below_good,92,10,,-1,0.536
below_good,92,15,,-1,0.539
below_good,92,20,,-1,0.5384
below_good,92,25,,-1,0.5385
below_good,92,30,,-1,0.5402
below_good,92,35,,-1,0.5453
below_good,92,40,,-1,0.5388
below_good,92,45,,-1,0.5272
below_good,92,50,,-1,0.5227
below_good,92,55,,-1,0.5271
below_good,92,60,,-1,0.5213
below_good,92,65,,-1,0.5281
below_good,92,70,,-1,0.5388
below_good,92,75,,-1,0.5494
below_good,92,80,,-1,0.5497
below_good,92,85,,-1,0.5529
below_good,92,90,,-1,0.5426
below_good,92,95,,-1,0.5368
below_good,92,100,,-1,0.5264
below_good,92,105,,-1,0.5228
below_good,92,110,,-1,0.5255
below_good,92,115,,-1,0.536
below_good,92,120,,-1,0.5467
below_good,92,125,,-1,0.5497
below_good,92,130,,-1,0.5472
below_good,92,135,,-1,0.5574
below_good,92,140,,-1,0.5541
below_good,92,145,,-1,0.5563
below_good,92,150,,-1,0.5586
below_good,92,155,,-1,0.5607
below_good,92,160,,-1,0.5374
below_good,92,165,,-1,0.5306
below_good,92,170,,-1,0.517
below_good,92,175,,-1,0.5069
below_good,92,180,,-1,0.4983
below_good,92,185,,-1,0.4997
below_good,92,190,,-1,0.5023
below_good,92,195,,-1,0.5079
below_good,92,200,,-1,0.5103
below_good,92,205,,-1,0.5147
below_good,92,210,,-1,0.5192
below_good,92,215,,-1,0.5253
below_good,92,220,,-1,0.5322
below_good,92,225,,-1,0.5372
below_good,92,230,,-1,0.5422
below_good,92,235,,-1,0.5444
below_good,92,240,,-1,0.535
below_good,92,245,,-1,0.5404
below_good,92,250,,-1,0.549
below_good,92,255,,-1,0.5512
below_good,92,260,,-1,0.5608
below_good,92,265,,-1,0.5768
below_good,92,270,,-1,0.5702
below_good,93,0,-386,-1,0.5351
below_good,93,5,-381,-1,0.5334
below_good,93,10,-376,-1,0.5349
below_good,93,15,-371,-1,0.5349
below_good,93,20,-366,-1,0.5349
below_good,93,25,-361,-1,0.5411
below_good,93,30,-356,-1,0.5383
below_good,93,35,-351,-1,0.5363
below_good,93,40,-346,-1,0.5369
below_good,93,45,-341,-1,0.5346
below_good,93,50,-336,-1,0.5351
below_good,93,55,-331,-1,0.5425
below_good,93,60,-326,-1,0.5445
below_good,93,65,-321,-1,0.5501
below_good,93,70,-316,-1,0.557
below_good,93,75,-311,-1,0.5525
below_good,93,80,-306,-1,0.5476
below_good,93,85,-301,-1,0.5433
below_good,93,90,-296,-1,0.532
below_good,93,95,-291,-1,0.5213
below_good,93,100,-286,-1,0.519
below_good,93,105,-281,-1,0.5205
below_good,93,110,-276,-1,0.5313
below_good,93,115,-271,-1,0.5383
below_good,93,120,-266,-1,0.5513
below_good,93,125,-261,-1,0.5499
below_good,93,130,-256,-1,0.5462
below_good,93,135,-251,-1,0.5395
below_good,93,140,-246,-1,0.5317
below_good,93,145,-241,-1,0.5213
below_good,93,150,-236,-1,0.5273
below_good,93,155,-231,-1,0.5324
below_good,93,160,-226,-1,0.5186
below_good,93,165,-221,-1,0.5195
below_good,93,170,-216,-1,0.5216
below_good,93,175,-211,-1,0.5191
below_good,93,180,-206,-1,0.5121
below_good,93,185,-201,-1,0.5248
below_good,93,190,-196,-1,0.5265
below_good,93,195,-191,-1,0.5312
below_good,93,200,-186,-1,0.5317
below_good,93,205,-181,-1,0.5446
below_good,93,210,-176,-1,0.5503
below_good,93,215,-171,-1,0.5448
below_good,93,220,-166,-1,0.5388
below_good,93,225,-161,-1,0.531
below_good,93,230,-156,-1,0.5187
below_good,93,235,-151,-1,0.5178
below_good,93,240,-146,-1,0.5207
below_good,93,245,-141,-1,0.5164
below_good,93,250,-136,-1,0.5148
below_good,93,255,-131,-1,0.5231
below_good,93,260,-126,-1,0.509
below_good,93,265,-121,-1,0.5155
below_good,93,270,-116,-1,0.519
below_good,93,275,-111,-1,0.5268
below_good,93,280,-106,-1,0.5254
below_good,93,285,-101,-1,0.5492
below_good,93,290,-96,-1,0.558
below_good,93,295,-91,-1,0.5681
below_good,93,300,-86,-1,0.5748
below_good,93,305,-81,-1,0.5763
below_good,93,310,-76,-1,0.565
below_good,93,315,-71,-1,0.5603
below_good,93,320,-66,-1,0.5578
below_good,93,325,-61,-1,0.5531
below_good,93,330,-56,-1,0.5506
below_good,93,335,-51,-1,0.5534
below_good,93,340,-46,-1,0.5608
below_good,93,345,-41,-1,0.5618
below_good,93,350,-36,-1,0.5583
below_good,93,355,-31,-1,0.5626
below_good,93,360,-26,-1,0.5619
below_good,93,365,-21,-1,0.5423
below_good,93,370,-16,-1,0.5197
below_good,93,375,-11,-1,0.5037
below_good,93,380,-6,-1,0.4818
below_good,93,385,-1,-1,0.4747
below_good,93,390,4,-1,0.4686
below_good,93,395,9,-1,0.4739
below_good,94,0,-376,-1,0.5379
below_good,94,5,-371,-1,0.5355
below_good,94,10,-366,-1,0.5405
below_good,94,15,-361,-1,0.539
below_good,94,20,-356,-1,0.5438
below_good,94,25,-351,-1,0.5471
below_good,94,30,-346,-1,0.55
below_good,94,35,-341,-1,0.5526
below_good,94,40,-336,-1,0.5595
below_good,94,45,-331,-1,0.5495
below_good,94,50,-326,-1,0.5502
below_good,94,55,-321,-1,0.5515
below_good,94,60,-316,-1,0.5469
below_good,94,65,-311,-1,0.5513
below_good,94,70,-306,-1,0.5402
below_good,94,75,-301,-1,0.542
below_good,94,80,-296,-1,0.5381
below_good,94,85,-291,-1,0.5394
below_good,94,90,-286,-1,0.5339
below_good,94,95,-281,-1,0.5416
below_good,94,100,-276,-1,0.534
below_good,94,105,-271,-1,0.5308
below_good,94,110,-266,-1,0.5201
below_good,94,115,-261,-1,0.5022
below_good,94,120,-256,-1,0.4996
below_good,94,125,-251,-1,0.4964
below_good,94,130,-246,-1,0.498
below_good,94,135,-241,-1,0.4965
below_good,94,140,-236,-1,0.4988
below_good,94,145,-231,-1,0.5077
below_good,94,150,-226,-1,0.5053
below_good,94,155,-221,-1,0.5035
below_good,94,160,-216,-1,0.5133
below_good,94,165,-211,-1,0.5135
below_good,94,170,-206,-1,0.5039
below_good,94,175,-201,-1,0.5115
below_good,94,180,-196,-1,0.5197
below_good,94,185,-191,-1,0.5249
below_good,94,190,-186,-1,0.5342
below_good,94,195,-181,-1,0.5373
below_good,94,200,-176,-1,0.5326
below_good,94,205,-171,-1,0.5208
below_good,94,210,-166,-1,0.5155
below_good,94,215,-161,-1,0.5133
below_good,94,220,-156,-1,0.5235
below_good,94,225,-151,-1,0.5231
below_good,94,230,-146,-1,0.5251
below_good,94,235,-141,-1,0.5245
below_good,94,240,-136,-1,0.5246
below_good,94,245,-131,-1,0.5144
below_good,94,250,-126,-1,0.5184
below_good,94,255,-121,-1,0.5169
below_good,94,260,-116,-1,0.5084
below_good,94,265,-111,-1,0.5139
below_good,94,270,-106,-1,0.5088
below_good,94,275,-101,-1,0.5051
below_good,94,280,-96,-1,0.5058
below_good,94,285,-91,-1,0.5115
below_good,94,290,-86,-1,0.5027
below_good,94,295,-81,-1,0.508
below_good,94,300,-76,-1,0.5234
below_good,94,305,-71,-1,0.5322
below_good,94,310,-66,-1,0.5378
below_good,94,315,-61,-1,0.5427
below_good,94,320,-56,-1,0.5503
below_good,94,325,-51,-1,0.5427
below_good,94,330,-46,-1,0.5406
below_good,94,335,-41,-1,0.5523
below_good,94,340,-36,-1,0.5604
below_good,94,345,-31,-1,0.5624
below_good,94,350,-26,-1,0.5699
below_good,94,355,-21,-1,0.581
below_good,94,360,-16,-1,0.5725
below_good,94,365,-11,-1,0.5834
below_good,94,370,-6,-1,0.5914
below_good,94,375,-1,-1,0.5952
below_good,95,0,-365,-1,0.5452
below_good,95,5,-360,-1,0.5427
below_good,95,10,-355,-1,0.5469
below_good,95,15,-350,-1,0.5414
below_good,95,20,-345,-1,0.5381
below_good,95,25,-340,-1,0.5408
below_good,95,30,-335,-1,0.5537
below_good,95,35,-330,-1,0.5554
below_good,95,40,-325,-1,0.5584
below_good,95,45,-320,-1,0.5573
below_good,95,50,-315,-1,0.5528
below_good,95,55,-310,-1,0.5319
below_good,95,60,-305,-1,0.521
below_good,95,65,-300,-1,0.5109
below_good,95,70,-295,-1,0.5121
below_good,95,75,-290,-1,0.5116
below_good,95,80,-285,-1,0.5249
below_good,95,85,-280,-1,0.5433
below_good,95,90,-275,-1,0.5527
below_good,95,95,-270,-1,0.5546
below_good,95,100,-265,-1,0.5608
below_good,95,105,-260,-1,0.5537
below_good,95,110,-255,-1,0.5382
below_good,95,115,-250,-1,0.5395
below_good,95,120,-245,-1,0.5319
below_good,95,125,-240,-1,0.5266
below_good,95,130,-235,-1,0.5185
below_good,95,135,-230,-1,0.5253
below_good,95,140,-225,-1,0.5292
below_good,95,145,-220,-1,0.5312
below_good,95,150,-215,-1,0.5303
below_good,95,155,-210,-1,0.552
below_good,95,160,-205,-1,0.5514
below_good,95,165,-200,-1,0.549
below_good,95,170,-195,-1,0.5453
below_good,95,175,-190,-1,0.5487
below_good,95,180,-185,-1,0.5334
below_good,95,185,-180,-1,0.5289
below_good,95,190,-175,-1,0.5307
below_good,95,195,-170,-1,0.5272
below_good,95,200,-165,-1,0.523
below_good,95,205,-160,-1,0.5262
below_good,95,210,-155,-1,0.5162
below_good,95,215,-150,-1,0.5037
below_good,95,220,-145,-1,0.5106
below_good,95,225,-140,-1,0.5103
below_good,95,230,-135,-1,0.4971
below_good,95,235,-130,-1,0.4943
below_good,95,240,-125,-1,0.479
below_good,95,245,-120,-1,0.4482
below_good,95,250,-115,-1,0.438
below_good,95,255,-110,-1,0.4422
below_good,95,260,-105,-1,0.4333
below_good,95,265,-100,-1,0.4338
below_good,95,270,-95,-1,0.4579
below_good,95,275,-90,-1,0.458
below_good,95,280,-85,-1,0.4568
below_good,95,285,-80,-1,0.4688
below_good,95,290,-75,-1,0.4819
below_good,95,295,-70,-1,0.4913
below_good,95,300,-65,-1,0.5079
below_good,95,305,-60,-1,0.5138
below_good,95,310,-55,-1,0.5251
below_good,95,315,-50,-1,0.5281
below_good,95,320,-45,-1,0.5252
below_good,95,325,-40,-1,0.4995
below_good,95,330,-35,-1,0.501
below_good,95,335,-30,-1,0.484
below_good,95,340,-25,-1,0.4843
below_good,95,345,-20,-1,0.4819
below_good,95,350,-15,-1,0.5041
below_good,95,355,-10,-1,0.5168
below_good,95,360,-5,-1,0.5222
below_good,95,365,0,-1,0.5253
below_good,95,370,5,-1,0.5351
below_good,95,375,10,-1,0.5348
below_good,96,0,-341,-1,0.5323
below_good,96,5,-336,-1,0.5322
below_good,96,10,-331,-1,0.5299
below_good,96,15,-326,-1,0.5333
below_good,96,20,-321,-1,0.5338
below_good,96,25,-316,-1,0.5418
below_good,96,30,-311,-1,0.5446
below_good,96,35,-306,-1,0.5396
below_good,96,40,-301,-1,0.5369
below_good,96,45,-296,-1,0.5425
below_good,96,50,-291,-1,0.5403
below_good,96,55,-286,-1,0.5433
below_good,96,60,-281,-1,0.5627
below_good,96,65,-276,-1,0.5783
below_good,96,70,-271,-1,0.5864
below_good,96,75,-266,-1,0.5872
below_good,96,80,-261,-1,0.5837
below_good,96,85,-256,-1,0.573
below_good,96,90,-251,-1,0.5607
below_good,96,95,-246,-1,0.5427
below_good,96,100,-241,-1,0.5315
below_good,96,105,-236,-1,0.5264
below_good,96,110,-231,-1,0.5326
below_good,96,115,-226,-1,0.5271
below_good,96,120,-221,-1,0.5301
below_good,96,125,-216,-1,0.5344
below_good,96,130,-211,-1,0.5309
below_good,96,135,-206,-1,0.5192
below_good,96,140,-201,-1,0.5142
below_good,96,145,-196,-1,0.5154
below_good,96,150,-191,-1,0.5214
below_good,96,155,-186,-1,0.5175
below_good,96,160,-181,-1,0.5164
below_good,96,165,-176,-1,0.5158
below_good,96,170,-171,-1,0.5165
below_good,96,175,-166,-1,0.5123
below_good,96,180,-161,-1,0.5251
below_good,96,185,-156,-1,0.5369
below_good,96,190,-151,-1,0.5458
below_good,96,195,-146,-1,0.5465
below_good,96,200,-141,-1,0.5449
below_good,96,205,-136,-1,0.5495
below_good,96,210,-131,-1,0.5425
below_good,96,215,-126,-1,0.5345
below_good,96,220,-121,-1,0.5274
below_good,96,225,-116,-1,0.5249
below_good,96,230,-111,-1,0.5077
below_good,96,235,-106,-1,0.5039
below_good,96,240,-101,-1,0.4995
below_good,96,245,-96,-1,0.5047
below_good,96,250,-91,-1,0.4977
below_good,96,255,-86,-1,0.5007
below_good,96,260,-81,-1,0.5067
below_good,96,265,-76,-1,0.5154
below_good,96,270,-71,-1,0.5151
below_good,96,275,-66,-1,0.5299
below_good,96,280,-61,-1,0.5438
below_good,96,285,-56,-1,0.5477
below_good,96,290,-51,-1,0.5532
below_good,96,295,-46,-1,0.5551
below_good,96,300,-41,-1,0.5626
below_good,96,305,-36,-1,0.5652
below_good,96,310,-31,-1,0.5762
below_good,96,315,-26,-1,0.5844
below_good,96,320,-21,-1,0.5971
below_good,96,325,-16,-1,0.6009
below_good,96,330,-11,-1,0.6138
below_good,96,335,-6,-1,0.6103
below_good,96,340,-1,-1,0.6138
below_good,96,345,4,-1,0.6183
below_good,97,0,-340,-1,0.5276
below_good,97,5,-335,-1,0.5289
below_good,97,10,-330,-1,0.5287
below_good,97,15,-325,-1,0.536
below_good,97,20,-320,-1,0.5343
below_good,97,25,-315,-1,0.5452
below_good,97,30,-310,-1,0.5522
below_good,97,35,-305,-1,0.5745
below_good,97,40,-300,-1,0.5708
below_good,97,45,-295,-1,0.5779
below_good,97,50,-290,-1,0.5711
below_good,97,55,-285,-1,0.5678
below_good,97,60,-280,-1,0.5566
below_good,97,65,-275,-1,0.5736
below_good,97,70,-270,-1,0.5729
below_good,97,75,-265,-1,0.5767
below_good,97,80,-260,-1,0.5824
below_good,97,85,-255,-1,0.58
below_good,97,90,-250,-1,0.5638
below_good,97,95,-245,-1,0.567
below_good,97,100,-240,-1,0.5585
below_good,97,105,-235,-1,0.5566
below_good,97,110,-230,-1,0.5665
below_good,97,115,-225,-1,0.565
below_good,97,120,-220,-1,0.5574
below_good,97,125,-215,-1,0.5585
below_good,97,130,-210,-1,0.5538
below_good,97,135,-205,-1,0.5258
below_good,97,140,-200,-1,0.5308
below_good,97,145,-195,-1,0.5315
below_good,97,150,-190,-1,0.5291
below_good,97,155,-185,-1,0.5299
below_good,97,160,-180,-1,0.5383
below_good,97,165,-175,-1,0.5221
below_good,97,170,-170,-1,0.5234
below_good,97,175,-165,-1,0.5227
below_good,97,180,-160,-1,0.525
below_good,97,185,-155,-1,0.5467
below_good,97,190,-150,-1,0.5619
below_good,97,195,-145,-1,0.5731
below_good,97,200,-140,-1,0.5763
below_good,97,205,-135,-1,0.5721
below_good,97,210,-130,-1,0.5598
below_good,97,215,-125,-1,0.5551
below_good,97,220,-120,-1,0.5446
below_good,97,225,-115,-1,0.5507
below_good,97,230,-110,-1,0.5518
below_good,97,235,-105,-1,0.5471
below_good,97,240,-100,-1,0.5466
below_good,97,245,-95,-1,0.5338
below_good,97,250,-90,-1,0.5262
below_good,97,255,-85,-1,0.5213
below_good,97,260,-80,-1,0.5179
below_good,97,265,-75,-1,0.5149
below_good,97,270,-70,-1,0.5319
below_good,97,275,-65,-1,0.539
below_good,97,280,-60,-1,0.5468
below_good,97,285,-55,-1,0.5566
below_good,97,290,-50,-1,0.5621
below_good,97,295,-45,-1,0.5591
below_good,97,300,-40,-1,0.5593
below_good,97,305,-35,-1,0.5639
below_good,97,310,-30,-1,0.5678
below_good,97,315,-25,-1,0.5768
below_good,97,320,-20,-1,0.5822
below_good,97,325,-15,-1,0.591
below_good,97,330,-10,-1,0.5989
below_good,97,335,-5,-1,0.602
below_good,97,340,0,-1,0.6059
below_good,97,345,5,-1,0.6188
below_good,98,0,-440,-1,0.5127
below_good,98,5,-435,-1,0.5202
below_good,98,10,-430,-1,0.522
below_good,98,15,-425,-1,0.5282
below_good,98,20,-420,-1,0.5368
below_good,98,25,-415,-1,0.5461
below_good,98,30,-410,-1,0.5362
below_good,98,35,-405,-1,0.5385
below_good,98,40,-400,-1,0.5311
below_good,98,45,-395,-1,0.5231
below_good,98,50,-390,-1,0.516
below_good,98,55,-385,-1,0.523
below_good,98,60,-380,-1,0.5215
below_good,98,65,-375,-1,0.5264
below_good,98,70,-370,-1,0.5356
below_good,98,75,-365,-1,0.5393
below_good,98,80,-360,-1,0.5407
below_good,98,85,-355,-1,0.549
below_good,98,90,-350,-1,0.55
below_good,98,95,-345,-1,0.5572
below_good,98,100,-340,-1,0.5621
below_good,98,105,-335,-1,0.5744
below_good,98,110,-330,-1,0.5766
below_good,98,115,-325,-1,0.579
below_good,98,120,-320,-1,0.5677
below_good,98,125,-315,-1,0.5604
below_good,98,130,-310,-1,0.5535
below_good,98,135,-305,-1,0.544
below_good,98,140,-300,-1,0.5427
below_good,98,145,-295,-1,0.5403
below_good,98,150,-290,-1,0.545
below_good,98,155,-285,-1,0.5448
below_good,98,160,-280,-1,0.5528
below_good,98,165,-275,-1,0.5503
below_good,98,170,-270,-1,0.5413
below_good,98,175,-265,-1,0.5294
below_good,98,180,-260,-1,0.5193
below_good,98,185,-255,-1,0.5075
below_good,98,190,-250,-1,0.5005
below_good,98,195,-245,-1,0.5101
below_good,98,200,-240,-1,0.5092
below_good,98,205,-235,-1,0.5095
below_good,98,210,-230,-1,0.5113
below_good,98,215,-225,-1,0.5096
below_good,98,220,-220,-1,0.493
below_good,98,225,-215,-1,0.4883
below_good,98,230,-210,-1,0.4887
below_good,98,235,-205,-1,0.4897
below_good,98,240,-200,-1,0.4965
below_good,98,245,-195,-1,0.5238
below_good,98,250,-190,-1,0.527
below_good,98,255,-185,-1,0.5308
below_good,98,260,-180,-1,0.5228
below_good,98,265,-175,-1,0.5123
below_good,98,270,-170,-1,0.5024
below_good,98,275,-165,-1,0.5095
below_good,98,280,-160,-1,0.5136
below_good,98,285,-155,-1,0.5245
below_good,98,290,-150,-1,0.5337
below_good,98,295,-145,-1,0.5224
below_good,98,300,-140,-1,0.5103
below_good,98,305,-135,-1,0.5003
below_good,98,310,-130,-1,0.4906
below_good,98,315,-125,-1,0.4889
below_good,98,320,-120,-1,0.5007
below_good,98,325,-115,-1,0.5155
below_good,98,330,-110,-1,0.5226
below_good,98,335,-105,-1,0.5262
below_good,98,340,-100,-1,0.5276
below_good,98,345,-95,-1,0.5248
below_good,98,350,-90,-1,0.5378
below_good,98,355,-85,-1,0.5499
below_good,98,360,-80,-1,0.5637
below_good,98,365,-75,-1,0.5717
below_good,98,370,-70,-1,0.5742
below_good,98,375,-65,-1,0.557
below_good,98,380,-60,-1,0.542
below_good,98,385,-55,-1,0.5295
below_good,98,390,-50,-1,0.5262
below_good,98,395,-45,-1,0.539
below_good,98,400,-40,-1,0.5443
below_good,98,405,-35,-1,0.5502
below_good,98,410,-30,-1,0.5607
below_good,98,415,-25,-1,0.5639
below_good,98,420,-20,-1,0.5616
below_good,98,425,-15,-1,0.5787
below_good,98,430,-10,-1,0.5927
below_good,98,435,-5,-1,0.5952
below_good,98,440,0,-1,0.6033
below_good,98,445,5,-1,0.6127
below_good,99,0,,-1,0.4768
below_good,99,5,,-1,0.4895
below_good,99,10,,-1,0.4925
below_good,99,15,,-1,0.4971
below_good,99,20,,-1,0.5186
below_good,99,25,,-1,0.5215
below_good,99,30,,-1,0.5246
below_good,99,35,,-1,0.5258
below_good,99,40,,-1,0.5348
below_good,99,45,,-1,0.5343
below_good,99,50,,-1,0.5402
below_good,99,55,,-1,0.5501
below_good,99,60,,-1,0.5581
below_good,99,65,,-1,0.5648
below_good,99,70,,-1,0.5713
below_good,99,75,,-1,0.5809
below_good,99,80,,-1,0.5641
below_good,99,85,,-1,0.5639
below_good,99,90,,-1,0.5585
below_good,99,95,,-1,0.5512
below_good,99,100,,-1,0.5396
below_good,99,105,,-1,0.5434
below_good,99,110,,-1,0.5388
below_good,99,115,,-1,0.5386
below_good,99,120,,-1,0.5419
below_good,99,125,,-1,0.5316
below_good,99,130,,-1,0.5421
below_good,99,135,,-1,0.5464
below_good,99,140,,-1,0.5508
below_good,99,145,,-1,0.5536
below_good,99,150,,-1,0.5661
below_good,99,155,,-1,0.5614
below_good,99,160,,-1,0.562
below_good,99,165,,-1,0.555
below_good,99,170,,-1,0.5562
below_good,99,175,,-1,0.558
below_good,99,180,,-1,0.5609
below_good,99,185,,-1,0.5688
below_good,99,190,,-1,0.5637
below_good,99,195,,-1,0.5492
below_good,99,200,,-1,0.5436
below_good,99,205,,-1,0.5352
below_good,99,210,,-1,0.5291
below_good,99,215,,-1,0.5366
below_good,99,220,,-1,0.5471
below_good,99,225,,-1,0.5448
below_good,99,230,,-1,0.545
below_good,99,235,,-1,0.527
below_good,99,240,,-1,0.5184
below_good,99,245,,-1,0.5098
below_good,99,250,,-1,0.513
below_good,99,255,,-1,0.5133
below_good,99,260,,-1,0.5088
below_good,99,265,,-1,0.4658
below_good,99,270,,-1,0.4442
below_good,99,275,,-1,0.4045
below_good,99,280,,-1,0.3733
below_good,99,285,,-1,0.3292
below_good,99,290,,-1,0.324
below_good,99,295,,-1,0.3211
below_good,99,300,,-1,0.3405
below_good,99,305,,-1,0.3331
below_good,99,310,,-1,0.3389
below_good,99,315,,-1,0.3448
below_good,99,320,,-1,0.3141
below_good,99,325,,-1,0.2811
below_good,99,330,,-1,0.265
below_good,99,335,,-1,0.267
below_good,99,340,,-1,0.2516
below_good,99,345,,-1,0.2714
below_good,99,350,,-1,0.2659
below_good,99,355,,-1,0.2615
below_good,99,360,,-1,0.2652
below_good,99,365,,-1,0.282
below_good,99,370,,-1,0.2857
below_good,99,375,,-1,0.3109
below_good,99,380,,-1,0.3224
below_good,99,385,,-1,0.3186
below_good,99,390,,-1,0.3066
below_good,99,395,,-1,0.3043
below_good,99,400,,-1,0.2959
below_good,99,405,,-1,0.3074
below_good,99,410,,-1,0.3103
below_good,99,415,,-1,0.3286
below_good,99,420,,-1,0.3273
below_good,99,425,,-1,0.3176
below_good,99,430,,-1,0.3074
below_good,99,435,,-1,0.3092
below_good,99,440,,-1,0.2871
below_good,99,445,,-1,0.2701
below_good,99,450,,-1,0.2663
below_good,99,455,,-1,0.2648
below_good,99,460,,-1,0.2638
below_good,99,465,,-1,0.2857
below_good,99,470,,-1,0.31
below_good,99,475,,-1,0.3233
below_good,99,480,,-1,0.3342
below_good,99,485,,-1,0.3557
below_good,99,490,,-1,0.3666
below_good,99,495,,-1,0.3769
below_good,99,500,,-1,0.3895
below_good,99,505,,-1,0.4065
below_good,100,0,-495,-1,0.5255
below_good,100,5,-490,-1,0.5265
below_good,100,10,-485,-1,0.5285
below_good,100,15,-480,-1,0.5278
below_good,100,20,-475,-1,0.5362
below_good,100,25,-470,-1,0.5436
below_good,100,30,-465,-1,0.5445
below_good,100,35,-460,-1,0.5443
below_good,100,40,-455,-1,0.5501
below_good,100,45,-450,-1,0.542
below_good,100,50,-445,-1,0.5371
below_good,100,55,-440,-1,0.5357
below_good,100,60,-435,-1,0.5319
below_good,100,65,-430,-1,0.5357
below_good,100,70,-425,-1,0.5269
below_good,100,75,-420,-1,0.5274
below_good,100,80,-415,-1,0.5294
below_good,100,85,-410,-1,0.5347
below_good,100,90,-405,-1,0.5244
below_good,100,95,-400,-1,0.5356
below_good,100,100,-395,-1,0.5277
below_good,100,105,-390,-1,0.5293
below_good,100,110,-385,-1,0.5246
below_good,100,115,-380,-1,0.5254
below_good,100,120,-375,-1,0.5243
below_good,100,125,-370,-1,0.5319
below_good,100,130,-365,-1,0.5268
below_good,100,135,-360,-1,0.5213
below_good,100,140,-355,-1,0.5289
below_good,100,145,-350,-1,0.5361
below_good,100,150,-345,-1,0.5398
below_good,100,155,-340,-1,0.5418
below_good,100,160,-335,-1,0.5554
below_good,100,165,-330,-1,0.5438
below_good,100,170,-325,-1,0.5432
below_good,100,175,-320,-1,0.5452
below_good,100,180,-315,-1,0.5433
below_good,100,185,-310,-1,0.543
below_good,100,190,-305,-1,0.5586
below_good,100,195,-300,-1,0.5587
below_good,100,200,-295,-1,0.5605
below_good,100,205,-290,-1,0.5659
below_good,100,210,-285,-1,0.5647
below_good,100,215,-280,-1,0.5526
below_good,100,220,-275,-1,0.5344
below_good,100,225,-270,-1,0.5277
below_good,100,230,-265,-1,0.5258
below_good,100,235,-260,-1,0.5143
below_good,100,240,-255,-1,0.5157
below_good,100,245,-250,-1,0.5311
below_good,100,250,-245,-1,0.5282
below_good,100,255,-240,-1,0.5264
below_good,100,260,-235,-1,0.5288
below_good,100,265,-230,-1,0.5246
below_good,100,270,-225,-1,0.514
below_good,100,275,-220,-1,0.5089
below_good,100,280,-215,-1,0.5028
below_good,100,285,-210,-1,0.5195
below_good,100,290,-205,-1,0.5354
below_good,100,295,-200,-1,0.5457
below_good,100,300,-195,-1,0.5562
below_good,100,305,-190,-1,0.5636
below_good,100,310,-185,-1,0.5569
below_good,100,315,-180,-1,0.4931
below_good,100,320,-175,-1,0.4292
below_good,100,325,-170,-1,0.3709
below_good,100,330,-165,-1,0.3142
below_good,100,335,-160,-1,0.2512
below_good,100,340,-155,-1,0.2621
below_good,100,345,-150,-1,0.269
below_good,100,350,-145,-1,0.2796
below_good,100,355,-140,-1,0.2846
below_good,100,360,-135,-1,0.2916
below_good,100,365,-130,-1,0.2812
below_good,100,370,-125,-1,0.2793
below_good,100,375,-120,-1,0.2828
below_good,100,380,-115,-1,0.2916
below_good,100,385,-110,-1,0.3124
below_good,100,390,-105,-1,0.3266
below_good,100,395,-100,-1,0.3256
below_good,100,400,-95,-1,0.3324
below_good,100,405,-90,-1,0.3451
below_good,100,410,-85,-1,0.3363
below_good,100,415,-80,-1,0.3287
below_good,100,420,-75,-1,0.3172
below_good,100,425,-70,-1,0.2958
below_good,100,430,-65,-1,0.2622
below_good,100,435,-60,-1,0.2532
below_good,100,440,-55,-1,0.2569
below_good,100,445,-50,-1,0.2821
below_good,100,450,-45,-1,0.3234
below_good,100,455,-40,-1,0.3566
below_good,100,460,-35,-1,0.3877
below_good,100,465,-30,-1,0.4072
below_good,100,470,-25,-1,0.4114
below_good,100,475,-20,-1,0.3762
below_good,100,480,-15,-1,0.3831
below_good,100,485,-10,-1,0.3949
below_good,100,490,-5,-1,0.3872
below_good,100,495,0,-1,0.4049
below_good,101,0,-399,-1,0.5434
below_good,101,5,-394,-1,0.5437
below_good,101,10,-389,-1,0.5477
below_good,101,15,-384,-1,0.5508
below_good,101,20,-379,-1,0.5403
below_good,101,25,-374,-1,0.5417
below_good,101,30,-369,-1,0.5368
below_good,101,35,-364,-1,0.5289
below_good,101,40,-359,-1,0.5256
below_good,101,45,-354,-1,0.5432
below_good,101,50,-349,-1,0.5517
below_good,101,55,-344,-1,0.5651
below_good,101,60,-339,-1,0.5685
below_good,101,65,-334,-1,0.576
below_good,101,70,-329,-1,0.565
below_good,101,75,-324,-1,0.5546
below_good,101,80,-319,-1,0.5481
below_good,101,85,-314,-1,0.5494
below_good,101,90,-309,-1,0.5467
below_good,101,95,-304,-1,0.5461
below_good,101,100,-299,-1,0.5562
below_good,101,105,-294,-1,0.5466
below_good,101,110,-289,-1,0.5371
below_good,101,115,-284,-1,0.5251
below_good,101,120,-279,-1,0.5185
below_good,101,125,-274,-1,0.5154
below_good,101,130,-269,-1,0.5133
below_good,101,135,-264,-1,0.5194
below_good,101,140,-259,-1,0.5282
below_good,101,145,-254,-1,0.5279
below_good,101,150,-249,-1,0.5228
below_good,101,155,-244,-1,0.5204
below_good,101,160,-239,-1,0.5194
below_good,101,165,-234,-1,0.5139
below_good,101,170,-229,-1,0.5182
below_good,101,175,-224,-1,0.5166
below_good,101,180,-219,-1,0.5268
below_good,101,185,-214,-1,0.5201
below_good,101,190,-209,-1,0.5226
below_good,101,195,-204,-1,0.5186
below_good,101,200,-199,-1,0.513
below_good,101,205,-194,-1,0.5127
below_good,101,210,-189,-1,0.5178
below_good,101,215,-184,-1,0.5107
below_good,101,220,-179,-1,0.4914
below_good,101,225,-174,-1,0.4805
below_good,101,230,-169,-1,0.4535
below_good,101,235,-164,-1,0.4417
below_good,101,240,-159,-1,0.4112
below_good,101,245,-154,-1,0.3998
below_good,101,250,-149,-1,0.3887
below_good,101,255,-144,-1,0.4025
below_good,101,260,-139,-1,0.4065
below_good,101,265,-134,-1,0.4408
below_good,101,270,-129,-1,0.4695
below_good,101,275,-124,-1,0.4933
below_good,101,280,-119,-1,0.5006
below_good,101,285,-114,-1,0.496
below_good,101,290,-109,-1,0.4944
below_good,101,295,-104,-1,0.5096
below_good,101,300,-99,-1,0.5132
below_good,101,305,-94,-1,0.5145
below_good,101,310,-89,-1,0.5159
below_good,101,315,-84,-1,0.5136
below_good,101,320,-79,-1,0.507
below_good,101,325,-74,-1,0.4994
below_good,101,330,-69,-1,0.5103
below_good,101,335,-64,-1,0.5336
below_good,101,340,-59,-1,0.5369
below_good,101,345,-54,-1,0.5394
below_good,101,350,-49,-1,0.5634
below_good,101,355,-44,-1,0.5561
below_good,101,360,-39,-1,0.5535
below_good,101,365,-34,-1,0.5636
below_good,101,370,-29,-1,0.5717
below_good,101,375,-24,-1,0.5651
below_good,101,380,-19,-1,0.5711
below_good,101,385,-14,-1,0.5716
below_good,101,390,-9,-1,0.5772
below_good,101,395,-4,-1,0.5719
below_good,101,400,1,-1,0.5689
below_good,101,405,6,-1,0.5764
below_good,101,410,11,-1,0.5794
below_good,102,0,,-1,0.545
below_good,102,5,,-1,0.5429
below_good,102,10,,-1,0.539
below_good,102,15,,-1,0.5415
below_good,102,20,,-1,0.5457
below_good,102,25,,-1,0.5527
below_good,102,30,,-1,0.5532
below_good,102,35,,-1,0.5548
below_good,102,40,,-1,0.5574
below_good,102,45,,-1,0.55
below_good,102,50,,-1,0.5467
below_good,102,55,,-1,0.553
below_good,102,60,,-1,0.5528
below_good,102,65,,-1,0.5476
below_good,102,70,,-1,0.5447
below_good,102,75,,-1,0.5361
below_good,102,80,,-1,0.5295
below_good,102,85,,-1,0.5327
below_good,102,90,,-1,0.5395
below_good,102,95,,-1,0.5378
below_good,102,100,,-1,0.5418
below_good,102,105,,-1,0.5397
below_good,102,110,,-1,0.5358
below_good,102,115,,-1,0.5357
below_good,102,120,,-1,0.5354
below_good,102,125,,-1,0.5334
below_good,102,130,,-1,0.5327
below_good,102,135,,-1,0.5312
below_good,102,140,,-1,0.5251
below_good,102,145,,-1,0.5423
below_good,102,150,,-1,0.5478
below_good,102,155,,-1,0.5413
below_good,102,160,,-1,0.5363
below_good,102,165,,-1,0.5294
below_good,102,170,,-1,0.5189
below_good,102,175,,-1,0.5103
below_good,102,180,,-1,0.512
below_good,102,185,,-1,0.5192
below_good,102,190,,-1,0.5154
below_good,102,195,,-1,0.5128
below_good,102,200,,-1,0.5073
below_good,102,205,,-1,0.4991
below_good,102,210,,-1,0.4831
below_good,102,215,,-1,0.4727
below_good,102,220,,-1,0.4589
below_good,102,225,,-1,0.4618
below_good,102,230,,-1,0.4711
below_good,102,235,,-1,0.4862
below_good,102,240,,-1,0.4962
below_good,102,245,,-1,0.5082
below_good,102,250,,-1,0.5134
below_good,102,255,,-1,0.52
below_good,102,260,,-1,0.5218
below_good,102,265,,-1,0.5285
below_good,102,270,,-1,0.5307
below_good,102,275,,-1,0.537
below_good,102,280,,-1,0.5346
below_good,102,285,,-1,0.5164
below_good,102,290,,-1,0.5139
below_good,102,295,,-1,0.515
below_good,102,300,,-1,0.5062
below_good,102,305,,-1,0.5001
below_good,102,310,,-1,0.5169
below_good,102,315,,-1,0.5182
below_good,102,320,,-1,0.5097
below_good,102,325,,-1,0.5025
below_good,102,330,,-1,0.5214
below_good,102,335,,-1,0.5282
below_good,102,340,,-1,0.5334
below_good,102,345,,-1,0.5416
below_good,102,350,,-1,0.5598
below_good,102,355,,-1,0.541
below_good,102,360,,-1,0.5127
below_good,102,365,,-1,0.4884
below_good,102,370,,-1,0.4751
below_good,102,375,,-1,0.4584
below_good,102,380,,-1,0.459
below_good,102,385,,-1,0.4859
below_good,102,390,,-1,0.5105
below_good,102,395,,-1,0.5227
below_good,102,400,,-1,0.5286
below_good,102,405,,-1,0.4966
below_good,102,410,,-1,0.4424
below_good,102,415,,-1,0.3971
below_good,102,420,,-1,0.3655
below_good,102,425,,-1,0.3515
below_good,102,430,,-1,0.379
below_good,102,435,,-1,0.4307
below_good,102,440,,-1,0.4637
below_good,102,445,,-1,0.4909
below_good,103,0,-430,-1,0.5403
below_good,103,5,-425,-1,0.5409
below_good,103,10,-420,-1,0.5494
below_good,103,15,-415,-1,0.5493
below_good,103,20,-410,-1,0.5531
below_good,103,25,-405,-1,0.5607
below_good,103,30,-400,-1,0.5447
below_good,103,35,-395,-1,0.5345
below_good,103,40,-390,-1,0.544
below_good,103,45,-385,-1,0.537
below_good,103,50,-380,-1,0.5328
below_good,103,55,-375,-1,0.5434
below_good,103,60,-370,-1,0.5491
below_good,103,65,-365,-1,0.5347
below_good,103,70,-360,-1,0.5421
below_good,103,75,-355,-1,0.5463
below_good,103,80,-350,-1,0.5508
below_good,103,85,-345,-1,0.5591
below_good,103,90,-340,-1,0.5513
below_good,103,95,-335,-1,0.5502
below_good,103,100,-330,-1,0.5451
below_good,103,105,-325,-1,0.5478
below_good,103,110,-320,-1,0.5299
below_good,103,115,-315,-1,0.5378
below_good,103,120,-310,-1,0.5259
below_good,103,125,-305,-1,0.5242
below_good,103,130,-300,-1,0.5194
below_good,103,135,-295,-1,0.5175
below_good,103,140,-290,-1,0.5135
below_good,103,145,-285,-1,0.5273
below_good,103,150,-280,-1,0.5359
below_good,103,155,-275,-1,0.5288
below_good,103,160,-270,-1,0.5263
below_good,103,165,-265,-1,0.5334
below_good,103,170,-260,-1,0.524
below_good,103,175,-255,-1,0.5193
below_good,103,180,-250,-1,0.5244
below_good,103,185,-245,-1,0.5335
below_good,103,190,-240,-1,0.532
below_good,103,195,-235,-1,0.5284
below_good,103,200,-230,-1,0.5132
below_good,103,205,-225,-1,0.5167
below_good,103,210,-220,-1,0.5067
below_good,103,215,-215,-1,0.4912
below_good,103,220,-210,-1,0.4829
below_good,103,225,-205,-1,0.4856
below_good,103,230,-200,-1,0.4736
below_good,103,235,-195,-1,0.4785
below_good,103,240,-190,-1,0.4904
below_good,103,245,-185,-1,0.5069
below_good,103,250,-180,-1,0.5111
below_good,103,255,-175,-1,0.5171
below_good,103,260,-170,-1,0.5262
below_good,103,265,-165,-1,0.5333
below_good,103,270,-160,-1,0.5224
below_good,103,275,-155,-1,0.534
below_good,103,280,-150,-1,0.5379
below_good,103,285,-145,-1,0.534
below_good,103,290,-140,-1,0.5255
below_good,103,295,-135,-1,0.5276
below_good,103,300,-130,-1,0.5126
below_good,103,305,-125,-1,0.5029
below_good,103,310,-120,-1,0.4941
below_good,103,315,-115,-1,0.4971
below_good,103,320,-110,-1,0.4962
below_good,103,325,-105,-1,0.4916
below_good,103,330,-100,-1,0.4962
below_good,103,335,-95,-1,0.4947
below_good,103,340,-90,-1,0.4866
below_good,103,345,-85,-1,0.4855
below_good,103,350,-80,-1,0.4838
below_good,103,355,-75,-1,0.487
below_good,103,360,-70,-1,0.4896
below_good,103,365,-65,-1,0.4972
below_good,103,370,-60,-1,0.507
below_good,103,375,-55,-1,0.5246
below_good,103,380,-50,-1,0.5227
below_good,103,385,-45,-1,0.5263
below_good,103,390,-40,-1,0.5248
below_good,103,395,-35,-1,0.4997
below_good,103,400,-30,-1,0.4915
below_good,103,405,-25,-1,0.5
below_good,103,410,-20,-1,0.5119
below_good,103,415,-15,-1,0.5289
below_good,103,420,-10,-1,0.563
below_good,103,425,-5,-1,0.5632
below_good,103,430,0,-1,0.5539
below_good,103,435,5,-1,0.5474
below_good,103,440,10,-1,0.5279
below_good,103,445,15,-1,0.4981
below_good,103,450,20,-1,0.4903
below_good,103,455,25,-1,0.494
below_good,103,460,30,-1,0.48
below_good,104,0,-397,-1,0.5257
below_good,104,5,-392,-1,0.5305
below_good,104,10,-387,-1,0.5335
below_good,104,15,-382,-1,0.5378
below_good,104,20,-377,-1,0.5375
below_good,104,25,-372,-1,0.5405
below_good,104,30,-367,-1,0.5337
below_good,104,35,-362,-1,0.5309
below_good,104,40,-357,-1,0.5242
below_good,104,45,-352,-1,0.5291
below_good,104,50,-347,-1,0.5293
below_good,104,55,-342,-1,0.5489
below_good,104,60,-337,-1,0.5602
below_good,104,65,-332,-1,0.5693
below_good,104,70,-327,-1,0.5753
below_good,104,75,-322,-1,0.5754
below_good,104,80,-317,-1,0.566
below_good,104,85,-312,-1,0.5663
below_good,104,90,-307,-1,0.566
below_good,104,95,-302,-1,0.5581
below_good,104,100,-297,-1,0.557
below_good,104,105,-292,-1,0.5507
below_good,104,110,-287,-1,0.5328
below_good,104,115,-282,-1,0.5273
below_good,104,120,-277,-1,0.5275
below_good,104,125,-272,-1,0.533
below_good,104,130,-267,-1,0.5298
below_good,104,135,-262,-1,0.5292
below_good,104,140,-257,-1,0.5204
below_good,104,145,-252,-1,0.5145
below_good,104,150,-247,-1,0.5072
below_good,104,155,-242,-1,0.5067
below_good,104,160,-237,-1,0.5078
below_good,104,165,-232,-1,0.5162
below_good,104,170,-227,-1,0.5083
below_good,104,175,-222,-1,0.4967
below_good,104,180,-217,-1,0.4903
below_good,104,185,-212,-1,0.4738
below_good,104,190,-207,-1,0.4636
below_good,104,195,-202,-1,0.4657
below_good,104,200,-197,-1,0.4795
below_good,104,205,-192,-1,0.4812
below_good,104,210,-187,-1,0.4842
below_good,104,215,-182,-1,0.483
below_good,104,220,-177,-1,0.4703
below_good,104,225,-172,-1,0.4539
below_good,104,230,-167,-1,0.4478
below_good,104,235,-162,-1,0.4571
below_good,104,240,-157,-1,0.4755
below_good,104,245,-152,-1,0.506
below_good,104,250,-147,-1,0.525
below_good,104,255,-142,-1,0.5396
below_good,104,260,-137,-1,0.5492
below_good,104,265,-132,-1,0.547
below_good,104,270,-127,-1,0.5238
below_good,104,275,-122,-1,0.5065
below_good,104,280,-117,-1,0.5006
below_good,104,285,-112,-1,0.4842
below_good,104,290,-107,-1,0.467
below_good,104,295,-102,-1,0.4829
below_good,104,300,-97,-1,0.4995
below_good,104,305,-92,-1,0.506
below_good,104,310,-87,-1,0.512
below_good,104,315,-82,-1,0.5216
below_good,104,320,-77,-1,0.5168
below_good,104,325,-72,-1,0.5165
below_good,104,330,-67,-1,0.5209
below_good,104,335,-62,-1,0.5321
below_good,104,340,-57,-1,0.5524
below_good,104,345,-52,-1,0.57
below_good,104,350,-47,-1,0.5726
below_good,104,355,-42,-1,0.5703
below_good,104,360,-37,-1,0.5719
below_good,104,365,-32,-1,0.5594
below_good,104,370,-27,-1,0.548
below_good,104,375,-22,-1,0.5405
below_good,104,380,-17,-1,0.539
below_good,104,385,-12,-1,0.5481
below_good,104,390,-7,-1,0.5488
below_good,104,395,-2,-1,0.5524
below_good,105,0,-398,-1,0.539
below_good,105,5,-393,-1,0.5382
below_good,105,10,-388,-1,0.5344
below_good,105,15,-383,-1,0.5342
below_good,105,20,-378,-1,0.5388
below_good,105,25,-373,-1,0.5517
below_good,105,30,-368,-1,0.5642
below_good,105,35,-363,-1,0.5692
below_good,105,40,-358,-1,0.5717
below_good,105,45,-353,-1,0.5639
below_good,105,50,-348,-1,0.5434
below_good,105,55,-343,-1,0.5272
below_good,105,60,-338,-1,0.5301
below_good,105,65,-333,-1,0.53
below_good,105,70,-328,-1,0.531
below_good,105,75,-323,-1,0.5484
below_good,105,80,-318,-1,0.5531
below_good,105,85,-313,-1,0.5499
below_good,105,90,-308,-1,0.5447
below_good,105,95,-303,-1,0.5456
below_good,105,100,-298,-1,0.5453
below_good,105,105,-293,-1,0.5497
below_good,105,110,-288,-1,0.5463
below_good,105,115,-283,-1,0.5527
below_good,105,120,-278,-1,0.5508
below_good,105,125,-273,-1,0.5375
below_good,105,130,-268,-1,0.5273
below_good,105,135,-263,-1,0.5273
below_good,105,140,-258,-1,0.5208
below_good,105,145,-253,-1,0.5069
below_good,105,150,-248,-1,0.5062
below_good,105,155,-243,-1,0.508
below_good,105,160,-238,-1,0.5077
below_good,105,165,-233,-1,0.5094
below_good,105,170,-228,-1,0.5211
below_good,105,175,-223,-1,0.5195
below_good,105,180,-218,-1,0.5162
below_good,105,185,-213,-1,0.5088
below_good,105,190,-208,-1,0.5083
below_good,105,195,-203,-1,0.5019
below_good,105,200,-198,-1,0.5027
below_good,105,205,-193,-1,0.5126
below_good,105,210,-188,-1,0.5161
below_good,105,215,-183,-1,0.5173
below_good,105,220,-178,-1,0.5166
below_good,105,225,-173,-1,0.5015
below_good,105,230,-168,-1,0.4871
below_good,105,235,-163,-1,0.4823
below_good,105,240,-158,-1,0.4624
below_good,105,245,-153,-1,0.4631
below_good,105,250,-148,-1,0.4852
below_good,105,255,-143,-1,0.4908
below_good,105,260,-138,-1,0.4985
below_good,105,265,-133,-1,0.5161
below_good,105,270,-128,-1,0.5257
below_good,105,275,-123,-1,0.5245
below_good,105,280,-118,-1,0.5216
below_good,105,285,-113,-1,0.5213
below_good,105,290,-108,-1,0.5099
below_good,105,295,-103,-1,0.5022
below_good,105,300,-98,-1,0.493
below_good,105,305,-93,-1,0.4849
below_good,105,310,-88,-1,0.4852
below_good,105,315,-83,-1,0.4913
below_good,105,320,-78,-1,0.4952
below_good,105,325,-73,-1,0.5122
below_good,105,330,-68,-1,0.526
below_good,105,335,-63,-1,0.5303
below_good,105,340,-58,-1,0.5414
below_good,105,345,-53,-1,0.5427
below_good,105,350,-48,-1,0.5443
below_good,105,355,-43,-1,0.5525
below_good,105,360,-38,-1,0.5543
below_good,105,365,-33,-1,0.5563
below_good,105,370,-28,-1,0.567
below_good,105,375,-23,-1,0.5685
below_good,105,380,-18,-1,0.5769
below_good,105,385,-13,-1,0.5856
below_good,105,390,-8,-1,0.5955
below_good,105,395,-3,-1,0.6002
below_good,106,0,,-1,0.5304
below_good,106,5,,-1,0.5325
below_good,106,10,,-1,0.533
below_good,106,15,,-1,0.5308
below_good,106,20,,-1,0.531
below_good,106,25,,-1,0.5234
below_good,106,30,,-1,0.5225
below_good,106,35,,-1,0.5098
below_good,106,40,,-1,0.5135
below_good,106,45,,-1,0.5194
below_good,106,50,,-1,0.5353
below_good,106,55,,-1,0.5497
below_good,106,60,,-1,0.5752
below_good,106,65,,-1,0.5854
below_good,106,70,,-1,0.5959
below_good,106,75,,-1,0.5839
below_good,106,80,,-1,0.5672
below_good,106,85,,-1,0.5604
below_good,106,90,,-1,0.5436
below_good,106,95,,-1,0.5199
below_good,106,100,,-1,0.5129
below_good,106,105,,-1,0.5124
below_good,106,110,,-1,0.5133
below_good,106,115,,-1,0.5262
below_good,106,120,,-1,0.5446
below_good,106,125,,-1,0.5479
below_good,106,130,,-1,0.5463
below_good,106,135,,-1,0.551
below_good,106,140,,-1,0.5549
below_good,106,145,,-1,0.5466
below_good,106,150,,-1,0.5528
below_good,106,155,,-1,0.5592
below_good,106,160,,-1,0.5325
below_good,106,165,,-1,0.5043
below_good,106,170,,-1,0.4988
below_good,106,175,,-1,0.4815
below_good,106,180,,-1,0.4589
below_good,106,185,,-1,0.4682
below_good,106,190,,-1,0.4662
below_good,106,195,,-1,0.447
below_good,106,200,,-1,0.4428
below_good,106,205,,-1,0.4298
below_good,106,210,,-1,0.4059
below_good,106,215,,-1,0.402
below_good,106,220,,-1,0.407
below_good,106,225,,-1,0.4142
below_good,106,230,,-1,0.4234
below_good,106,235,,-1,0.4098
below_good,106,240,,-1,0.4112
below_good,106,245,,-1,0.426
below_good,106,250,,-1,0.4377
below_good,106,255,,-1,0.4626
below_good,106,260,,-1,0.5003
below_good,106,265,,-1,0.5205
below_good,106,270,,-1,0.5156
below_good,106,275,,-1,0.5188
below_good,106,280,,-1,0.5199
below_good,106,285,,-1,0.5194
below_good,106,290,,-1,0.514
below_good,106,295,,-1,0.5158
below_good,106,300,,-1,0.5147
below_good,106,305,,-1,0.505
below_good,106,310,,-1,0.4827
below_good,106,315,,-1,0.459
below_good,106,320,,-1,0.4451
below_good,106,325,,-1,0.4067
below_good,106,330,,-1,0.382
below_good,106,335,,-1,0.3639
below_good,106,340,,-1,0.3515
below_good,106,345,,-1,0.3044
below_good,106,350,,-1,0.2903
below_good,106,355,,-1,0.2465
below_good,106,360,,-1,0.2371
below_good,106,365,,-1,0.2493
below_good,106,370,,-1,0.2843
below_good,106,375,,-1,0.2902
below_good,106,380,,-1,0.3164
below_good,106,385,,-1,0.3014
below_good,106,390,,-1,0.265
below_good,106,395,,-1,0.2496
below_good,106,400,,-1,0.2414
below_good,106,405,,-1,0.2384
below_good,106,410,,-1,0.2675
below_good,106,415,,-1,0.2745
below_good,106,420,,-1,0.2619
below_good,106,425,,-1,0.2685
below_good,106,430,,-1,0.2778
below_good,106,435,,-1,0.286
below_good,106,440,,-1,0.2824
below_good,106,445,,-1,0.2718
below_good,106,450,,-1,0.2395
below_good,106,455,,-1,0.2032
below_good,106,460,,-1,0.1558
below_good,106,465,,-1,0.1512
below_good,106,470,,-1,0.1605
below_good,106,475,,-1,0.186
below_good,106,480,,-1,0.1987
below_good,106,485,,-1,0.2059
below_good,106,490,,-1,0.212
below_good,106,495,,-1,0.2298
below_good,106,500,,-1,0.2086
below_good,106,505,,-1,0.2143
below_good,106,510,,-1,0.2266
below_good,106,515,,-1,0.2305
below_good,106,520,,-1,0.214
below_good,106,525,,-1,0.2144
below_good,106,530,,-1,0.1911
below_good,106,535,,-1,0.1792
below_good,106,540,,-1,0.1671
below_good,106,545,,-1,0.1619
below_good,106,550,,-1,0.1828
below_good,106,555,,-1,0.2002
below_good,106,560,,-1,0.2068
below_good,106,565,,-1,0.2117
below_good,106,570,,-1,0.2167
below_good,106,575,,-1,0.2105
below_good,106,580,,-1,0.1922
below_good,106,585,,-1,0.1918
below_good,106,590,,-1,0.1974
below_good,106,595,,-1,0.2139
below_good,106,600,,-1,0.1999
below_good,106,605,,-1,0.2147
below_good,106,610,,-1,0.1936
below_good,106,615,,-1,0.166
below_good,106,620,,-1,0.1271
below_good,106,625,,-1,0.149
below_good,106,630,,-1,0.1317
below_good,106,635,,-1,0.1408
below_good,106,640,,-1,0.1575
below_good,106,645,,-1,0.1902
below_good,106,650,,-1,0.1639
below_good,106,655,,-1,0.2189
below_good,106,660,,-1,0.2378
below_good,106,665,,-1,0.2466
below_good,106,670,,-1,0.2631
below_good,106,675,,-1,0.295
below_good,106,680,,-1,0.3045
below_good,106,685,,-1,0.3245
below_good,106,690,,-1,0.355
below_good,107,0,,-1,0.5018
below_good,107,5,,-1,0.5048
below_good,107,10,,-1,0.5157
below_good,107,15,,-1,0.5139
below_good,107,20,,-1,0.513
below_good,107,25,,-1,0.525
below_good,107,30,,-1,0.5244
below_good,107,35,,-1,0.5218
below_good,107,40,,-1,0.5328
below_good,107,45,,-1,0.5344
below_good,107,50,,-1,0.534
below_good,107,55,,-1,0.5418
below_good,107,60,,-1,0.5455
below_good,107,65,,-1,0.554
below_good,107,70,,-1,0.5591
below_good,107,75,,-1,0.5724
below_good,107,80,,-1,0.5748
below_good,107,85,,-1,0.57
below_good,107,90,,-1,0.5563
below_good,107,95,,-1,0.5523
below_good,107,100,,-1,0.5436
below_good,107,105,,-1,0.5434
below_good,107,110,,-1,0.5399
below_good,107,115,,-1,0.5347
below_good,107,120,,-1,0.5422
below_good,107,125,,-1,0.5426
below_good,107,130,,-1,0.5475
below_good,107,135,,-1,0.5522
below_good,107,140,,-1,0.5654
below_good,107,145,,-1,0.5677
below_good,107,150,,-1,0.5707
below_good,107,155,,-1,0.5626
below_good,107,160,,-1,0.5593
below_good,107,165,,-1,0.5478
below_good,107,170,,-1,0.5455
below_good,107,175,,-1,0.5365
below_good,107,180,,-1,0.5268
below_good,107,185,,-1,0.5273
below_good,107,190,,-1,0.5374
below_good,107,195,,-1,0.5362
below_good,107,200,,-1,0.538
below_good,107,205,,-1,0.5373
below_good,107,210,,-1,0.536
below_good,107,215,,-1,0.5272
below_good,107,220,,-1,0.5232
below_good,107,225,,-1,0.5169
below_good,107,230,,-1,0.5318
below_good,107,235,,-1,0.5438
below_good,107,240,,-1,0.5593
below_good,107,245,,-1,0.5513
below_good,107,250,,-1,0.5562
below_good,107,255,,-1,0.5498
below_good,107,260,,-1,0.5453
below_good,107,265,,-1,0.5268
below_good,107,270,,-1,0.4732
below_good,107,275,,-1,0.4018
below_good,107,280,,-1,0.3268
below_good,107,285,,-1,0.2688
below_good,107,290,,-1,0.217
below_good,107,295,,-1,0.2142
below_good,107,300,,-1,0.2391
below_good,107,305,,-1,0.2527
below_good,107,310,,-1,0.2408
below_good,107,315,,-1,0.2289
below_good,107,320,,-1,0.2262
below_good,107,325,,-1,0.2113
below_good,107,330,,-1,0.2363
below_good,107,335,,-1,0.2445
below_good,107,340,,-1,0.2505
below_good,107,345,,-1,0.2821
below_good,107,350,,-1,0.2914
below_good,107,355,,-1,0.2707
below_good,107,360,,-1,0.278
below_good,107,365,,-1,0.285
below_good,107,370,,-1,0.2861
below_good,107,375,,-1,0.2783
below_good,107,380,,-1,0.2683
below_good,107,385,,-1,0.2544
below_good,107,390,,-1,0.2529
below_good,107,395,,-1,0.237
below_good,107,400,,-1,0.2469
below_good,107,405,,-1,0.2603
below_good,107,410,,-1,0.2866
below_good,107,415,,-1,0.2841
below_good,107,420,,-1,0.2612
below_good,107,425,,-1,0.2413
below_good,107,430,,-1,0.2131
below_good,107,435,,-1,0.1761
below_good,107,440,,-1,0.1536
below_good,107,445,,-1,0.1493
below_good,107,450,,-1,0.168
below_good,107,455,,-1,0.1862
below_good,107,460,,-1,0.2017
below_good,107,465,,-1,0.236
below_good,107,470,,-1,0.2621
below_good,107,475,,-1,0.251
below_good,107,480,,-1,0.2528
below_good,107,485,,-1,0.2452
below_good,107,490,,-1,0.2492
below_good,107,495,,-1,0.2272
below_good,107,500,,-1,0.2222
below_good,107,505,,-1,0.2378
below_good,107,510,,-1,0.2353
below_good,107,515,,-1,0.2102
below_good,107,520,,-1,0.2099
below_good,107,525,,-1,0.2049
below_good,107,530,,-1,0.1727
below_good,107,535,,-1,0.1736
below_good,107,540,,-1,0.1822
below_good,107,545,,-1,0.2207
below_good,107,550,,-1,0.2402
below_good,107,555,,-1,0.2466
below_good,107,560,,-1,0.2692
below_good,107,565,,-1,0.272
below_good,107,570,,-1,0.2699
below_good,107,575,,-1,0.287
below_good,107,580,,-1,0.3214
below_good,107,585,,-1,0.3205
below_good,107,590,,-1,0.3228
below_good,107,595,,-1,0.3204
below_good,107,600,,-1,0.3258
below_good,107,605,,-1,0.3201
below_good,108,0,-436,-1,0.5356
below_good,108,5,-431,-1,0.5398
below_good,108,10,-426,-1,0.5508
below_good,108,15,-421,-1,0.554
below_good,108,20,-416,-1,0.5549
below_good,108,25,-411,-1,0.5512
below_good,108,30,-406,-1,0.5557
below_good,108,35,-401,-1,0.5457
below_good,108,40,-396,-1,0.5478
below_good,108,45,-391,-1,0.5477
below_good,108,50,-386,-1,0.5542
below_good,108,55,-381,-1,0.5511
below_good,108,60,-376,-1,0.5496
below_good,108,65,-371,-1,0.5459
below_good,108,70,-366,-1,0.5553
below_good,108,75,-361,-1,0.544
below_good,108,80,-356,-1,0.5437
below_good,108,85,-351,-1,0.5382
below_good,108,90,-346,-1,0.5348
below_good,108,95,-341,-1,0.5258
below_good,108,100,-336,-1,0.5294
below_good,108,105,-331,-1,0.5281
below_good,108,110,-326,-1,0.5459
below_good,108,115,-321,-1,0.5583
below_good,108,120,-316,-1,0.5461
below_good,108,125,-311,-1,0.5449
below_good,108,130,-306,-1,0.5421
below_good,108,135,-301,-1,0.5323
below_good,108,140,-296,-1,0.5209
below_good,108,145,-291,-1,0.5346
below_good,108,150,-286,-1,0.5345
below_good,108,155,-281,-1,0.5275
below_good,108,160,-276,-1,0.5201
below_good,108,165,-271,-1,0.5198
below_good,108,170,-266,-1,0.5229
below_good,108,175,-261,-1,0.529
below_good,108,180,-256,-1,0.5363
below_good,108,185,-251,-1,0.5426
below_good,108,190,-246,-1,0.5449
below_good,108,195,-241,-1,0.546
below_good,108,200,-236,-1,0.5363
below_good,108,205,-231,-1,0.5396
below_good,108,210,-226,-1,0.5458
below_good,108,215,-221,-1,0.5562
below_good,108,220,-216,-1,0.5416
below_good,108,225,-211,-1,0.5552
below_good,108,230,-206,-1,0.55
below_good,108,235,-201,-1,0.5443
below_good,108,240,-196,-1,0.5421
below_good,108,245,-191,-1,0.5463
below_good,108,250,-186,-1,0.5395
below_good,108,255,-181,-1,0.5436
below_good,108,260,-176,-1,0.5451
below_good,108,265,-171,-1,0.5345
below_good,108,270,-166,-1,0.5319
below_good,108,275,-161,-1,0.5232
below_good,108,280,-156,-1,0.5185
below_good,108,285,-151,-1,0.5159
below_good,108,290,-146,-1,0.5175
below_good,108,295,-141,-1,0.526
below_good,108,300,-136,-1,0.5319
below_good,108,305,-131,-1,0.535
below_good,108,310,-126,-1,0.5384
below_good,108,315,-121,-1,0.5372
below_good,108,320,-116,-1,0.5402
below_good,108,325,-111,-1,0.5358
below_good,108,330,-106,-1,0.5365
below_good,108,335,-101,-1,0.5491
below_good,108,340,-96,-1,0.562
below_good,108,345,-91,-1,0.5639
below_good,108,350,-86,-1,0.571
below_good,108,355,-81,-1,0.5833
below_good,108,360,-76,-1,0.5693
below_good,108,365,-71,-1,0.5534
below_good,108,370,-66,-1,0.5373
below_good,108,375,-61,-1,0.5387
below_good,108,380,-56,-1,0.5324
below_good,108,385,-51,-1,0.5298
below_good,108,390,-46,-1,0.5312
below_good,108,395,-41,-1,0.5401
below_good,108,400,-36,-1,0.5279
below_good,108,405,-31,-1,0.5184
below_good,108,410,-26,-1,0.5174
below_good,108,415,-21,-1,0.5286
below_good,108,420,-16,-1,0.541
below_good,108,425,-11,-1,0.569
below_good,108,430,-6,-1,0.5805
below_good,108,435,-1,-1,0.5878
below_good,108,440,4,-1,0.5806
below_good,108,445,9,-1,0.5664
below_good,108,450,14,-1,0.5364
below_good,108,455,19,-1,0.5285
below_good,108,460,24,-1,0.5337
below_good,108,465,29,-1,0.5374
below_good,108,470,34,-1,0.5414
below_good,108,475,39,-1,0.5636
below_good,110,0,,-1,0.5401
below_good,110,5,,-1,0.5428
below_good,110,10,,-1,0.5425
below_good,110,15,,-1,0.5539
below_good,110,20,,-1,0.5541
below_good,110,25,,-1,0.5559
below_good,110,30,,-1,0.5557
below_good,110,35,,-1,0.5622
below_good,110,40,,-1,0.5431
below_good,110,45,,-1,0.5392
below_good,110,50,,-1,0.5346
below_good,110,55,,-1,0.5376
below_good,110,60,,-1,0.5326
below_good,110,65,,-1,0.5362
below_good,110,70,,-1,0.5371
below_good,110,75,,-1,0.549
below_good,110,80,,-1,0.5469
below_good,110,85,,-1,0.5492
below_good,110,90,,-1,0.5588
below_good,110,95,,-1,0.5654
below_good,110,100,,-1,0.566
below_good,110,105,,-1,0.5721
below_good,110,110,,-1,0.5672
below_good,110,115,,-1,0.5542
below_good,110,120,,-1,0.5363
below_good,110,125,,-1,0.5136
below_good,110,130,,-1,0.4957
below_good,110,135,,-1,0.4957
below_good,110,140,,-1,0.4962
below_good,110,145,,-1,0.4995
below_good,110,150,,-1,0.5095
below_good,110,155,,-1,0.5166
below_good,110,160,,-1,0.5229
below_good,110,165,,-1,0.5355
below_good,110,170,,-1,0.5387
below_good,110,175,,-1,0.5492
below_good,110,180,,-1,0.5557
below_good,110,185,,-1,0.5608
below_good,110,190,,-1,0.5561
below_good,110,195,,-1,0.5628
below_good,110,200,,-1,0.5523
below_good,110,205,,-1,0.556
below_good,110,210,,-1,0.5453
below_good,110,215,,-1,0.538
below_good,110,220,,-1,0.5298
below_good,110,225,,-1,0.5336
below_good,110,230,,-1,0.5227
below_good,110,235,,-1,0.5242
below_good,110,240,,-1,0.5211
below_good,110,245,,-1,0.5197
below_good,110,250,,-1,0.5179
below_good,110,255,,-1,0.5055
below_good,110,260,,-1,0.494
below_good,110,265,,-1,0.491
below_good,110,270,,-1,0.4946
below_good,110,275,,-1,0.4924
below_good,110,280,,-1,0.4973
below_good,110,285,,-1,0.4859
below_good,110,290,,-1,0.4918
below_good,110,295,,-1,0.4815
below_good,110,300,,-1,0.4549
below_good,110,305,,-1,0.4256
below_good,110,310,,-1,0.4057
below_good,110,315,,-1,0.3842
below_good,110,320,,-1,0.3498
below_good,110,325,,-1,0.3273
below_good,110,330,,-1,0.3304
below_good,110,335,,-1,0.3627
below_good,110,340,,-1,0.363
below_good,110,345,,-1,0.3774
below_good,110,350,,-1,0.3873
below_good,110,355,,-1,0.3562
below_good,110,360,,-1,0.3337
below_good,110,365,,-1,0.3092
below_good,110,370,,-1,0.2949
below_good,110,375,,-1,0.2773
below_good,110,380,,-1,0.2945
below_good,110,385,,-1,0.2644
below_good,110,390,,-1,0.2635
below_good,110,395,,-1,0.2469
below_good,110,400,,-1,0.2514
below_good,110,405,,-1,0.2432
below_good,110,410,,-1,0.2359
below_good,110,415,,-1,0.2245
below_good,110,420,,-1,0.2337
below_good,110,425,,-1,0.25
below_good,110,430,,-1,0.2404
below_good,110,435,,-1,0.2516
below_good,110,440,,-1,0.2441
below_good,110,445,,-1,0.2452
below_good,110,450,,-1,0.2385
below_good,110,455,,-1,0.2616
below_good,110,460,,-1,0.2716
below_good,110,465,,-1,0.2796
below_good,110,470,,-1,0.2723
below_good,110,475,,-1,0.2401
below_good,110,480,,-1,0.1998
below_good,110,485,,-1,0.1721
below_good,110,490,,-1,0.1535
below_good,110,495,,-1,0.1546
below_good,110,500,,-1,0.16
below_good,110,505,,-1,0.1691
below_good,110,510,,-1,0.1611
below_good,110,515,,-1,0.1898
below_good,110,520,,-1,0.1923
below_good,110,525,,-1,0.2104
below_good,110,530,,-1,0.2415
below_good,110,535,,-1,0.255
below_good,110,540,,-1,0.2383
below_good,110,545,,-1,0.2381
below_good,110,550,,-1,0.2332
below_good,110,555,,-1,0.2115
below_good,110,560,,-1,0.209
below_good,110,565,,-1,0.1984
below_good,110,570,,-1,0.1803
below_good,110,575,,-1,0.1821
below_good,110,580,,-1,0.1751
below_good,110,585,,-1,0.1684
below_good,110,590,,-1,0.1842
below_good,110,595,,-1,0.1911
below_good,110,600,,-1,0.1821
below_good,110,605,,-1,0.1888
below_good,110,610,,-1,0.1989
below_good,110,615,,-1,0.1984
below_good,110,620,,-1,0.2023
below_good,110,625,,-1,0.2002
below_good,110,630,,-1,0.2088
below_good,110,635,,-1,0.2262
below_good,110,640,,-1,0.2279
below_good,110,645,,-1,0.2499
below_good,110,650,,-1,0.2629
below_good,110,655,,-1,0.2861
below_good,110,660,,-1,0.2686
below_good,110,665,,-1,0.2719
below_good,110,670,,-1,0.278
below_good,110,675,,-1,0.2852
below_good,110,680,,-1,0.2717
below_good,110,685,,-1,0.3044
below_good,110,690,,-1,0.3301
below_good,110,695,,-1,0.3263
below_good,110,700,,-1,0.3166
below_good,110,705,,-1,0.3148
below_good,110,710,,-1,0.3173
below_good,110,715,,-1,0.3029
below_good,111,0,,-1,0.5397
below_good,111,5,,-1,0.5404
below_good,111,10,,-1,0.5399
below_good,111,15,,-1,0.5461
below_good,111,20,,-1,0.5548
below_good,111,25,,-1,0.5551
below_good,111,30,,-1,0.5592
below_good,111,35,,-1,0.5671
below_good,111,40,,-1,0.5649
below_good,111,45,,-1,0.5611
below_good,111,50,,-1,0.5632
below_good,111,55,,-1,0.5523
below_good,111,60,,-1,0.5522
below_good,111,65,,-1,0.5685
below_good,111,70,,-1,0.5791
below_good,111,75,,-1,0.579
below_good,111,80,,-1,0.5857
below_good,111,85,,-1,0.5857
below_good,111,90,,-1,0.562
below_good,111,95,,-1,0.549
below_good,111,100,,-1,0.5414
below_good,111,105,,-1,0.5332
below_good,111,110,,-1,0.5132
below_good,111,115,,-1,0.5172
below_good,111,120,,-1,0.5209
below_good,111,125,,-1,0.5303
below_good,111,130,,-1,0.5519
below_good,111,135,,-1,0.5697
below_good,111,140,,-1,0.5746
below_good,111,145,,-1,0.5836
below_good,111,150,,-1,0.593
below_good,111,155,,-1,0.5791
below_good,111,160,,-1,0.5781
below_good,111,165,,-1,0.5852
below_good,111,170,,-1,0.5821
below_good,111,175,,-1,0.5747
below_good,111,180,,-1,0.581
below_good,111,185,,-1,0.5743
below_good,111,190,,-1,0.5656
below_good,111,195,,-1,0.5601
below_good,111,200,,-1,0.5524
below_good,111,205,,-1,0.5551
below_good,111,210,,-1,0.5588
below_good,111,215,,-1,0.5399
below_good,111,220,,-1,0.5215
below_good,111,225,,-1,0.507
below_good,111,230,,-1,0.4661
below_good,111,235,,-1,0.4363
below_good,111,240,,-1,0.4083
below_good,111,245,,-1,0.3715
below_good,111,250,,-1,0.3342
below_good,111,255,,-1,0.3244
below_good,111,260,,-1,0.291
below_good,111,265,,-1,0.2785
below_good,111,270,,-1,0.2777
below_good,111,275,,-1,0.2796
below_good,111,280,,-1,0.2663
below_good,111,285,,-1,0.269
below_good,111,290,,-1,0.2617
below_good,111,295,,-1,0.254
below_good,111,300,,-1,0.2572
below_good,111,305,,-1,0.2667
below_good,111,310,,-1,0.2867
below_good,111,315,,-1,0.3
below_good,111,320,,-1,0.2991
below_good,111,325,,-1,0.2954
below_good,111,330,,-1,0.2836
below_good,111,335,,-1,0.2692
below_good,111,340,,-1,0.2636
below_good,111,345,,-1,0.2913
below_good,111,350,,-1,0.2821
below_good,111,355,,-1,0.2987
below_good,111,360,,-1,0.302
below_good,111,365,,-1,0.3172
below_good,111,370,,-1,0.3064
below_good,111,375,,-1,0.2964
below_good,111,380,,-1,0.2787
below_good,111,385,,-1,0.2828
below_good,111,390,,-1,0.2635
below_good,111,395,,-1,0.2424
below_good,111,400,,-1,0.2723
below_good,111,405,,-1,0.3025
below_good,111,410,,-1,0.2693
below_good,111,415,,-1,0.2569
below_good,111,420,,-1,0.2605
below_good,111,425,,-1,0.2595
below_good,111,430,,-1,0.2657
below_good,111,435,,-1,0.3261
below_good,111,440,,-1,0.3721
below_good,111,445,,-1,0.3824
below_good,111,450,,-1,0.3833
below_good,111,455,,-1,0.3768
below_good,111,460,,-1,0.361
below_good,111,465,,-1,0.3473
below_good,111,470,,-1,0.3893
below_good,111,475,,-1,0.4115
below_good,111,480,,-1,0.4159
below_good,112,0,-417,1,0.5372
below_good,112,5,-412,1,0.5356
below_good,112,10,-407,1,0.5402
below_good,112,15,-402,1,0.5365
below_good,112,20,-397,1,0.5368
below_good,112,25,-392,1,0.5415
below_good,112,30,-387,1,0.5425
below_good,112,35,-382,1,0.5468
below_good,112,40,-377,1,0.5611
below_good,112,45,-372,1,0.5722
below_good,112,50,-367,1,0.5638
below_good,112,55,-362,1,0.5594
below_good,112,60,-357,1,0.5492
below_good,112,65,-352,1,0.5331
below_good,112,70,-347,1,0.5179
below_good,112,75,-342,1,0.516
below_good,112,80,-337,1,0.5055
below_good,112,85,-332,1,0.5022
below_good,112,90,-327,1,0.5044
below_good,112,95,-322,1,0.512
below_good,112,100,-317,1,0.5207
below_good,112,105,-312,1,0.5391
below_good,112,110,-307,1,0.5312
below_good,112,115,-302,1,0.5331
below_good,112,120,-297,1,0.5261
below_good,112,125,-292,1,0.5143
below_good,112,130,-287,1,0.5017
below_good,112,135,-282,1,0.5077
below_good,112,140,-277,1,0.4966
below_good,112,145,-272,1,0.4951
below_good,112,150,-267,1,0.5043
below_good,112,155,-262,1,0.5151
below_good,112,160,-257,1,0.5149
below_good,112,165,-252,1,0.5233
below_good,112,170,-247,1,0.5371
below_good,112,175,-242,1,0.5359
below_good,112,180,-237,1,0.529
below_good,112,185,-232,1,0.5449
below_good,112,190,-227,1,0.5516
below_good,112,195,-222,1,0.5324
below_good,112,200,-217,1,0.5209
below_good,112,205,-212,1,0.5164
below_good,112,210,-207,1,0.5024
below_good,112,215,-202,1,0.4931
below_good,112,220,-197,1,0.4876
below_good,112,225,-192,1,0.4943
below_good,112,230,-187,1,0.4998
below_good,112,235,-182,1,0.4989
below_good,112,240,-177,1,0.4968
below_good,112,245,-172,1,0.5159
below_good,112,250,-167,1,0.5147
below_good,112,255,-162,1,0.5112
below_good,112,260,-157,1,0.5101
below_good,112,265,-152,1,0.5133
below_good,112,270,-147,1,0.5094
below_good,112,275,-142,1,0.527
below_good,112,280,-137,1,0.5352
below_good,112,285,-132,1,0.5453
below_good,112,290,-127,1,0.554
below_good,112,295,-122,1,0.5546
below_good,112,300,-117,1,0.5559
below_good,112,305,-112,1,0.5506
below_good,112,310,-107,1,0.5419
below_good,112,315,-102,1,0.5337
below_good,112,320,-97,1,0.5331
below_good,112,325,-92,1,0.5201
below_good,112,330,-87,1,0.5257
below_good,112,335,-82,1,0.5346
below_good,112,340,-77,1,0.5351
below_good,112,345,-72,1,0.5514
below_good,112,350,-67,1,0.5551
below_good,112,355,-62,1,0.5545
below_good,112,360,-57,1,0.5511
below_good,112,365,-52,1,0.565
below_good,112,370,-47,1,0.5591
below_good,112,375,-42,1,0.5568
below_good,112,380,-37,1,0.5673
below_good,112,385,-32,1,0.5662
below_good,112,390,-27,1,0.5555
below_good,112,395,-22,1,0.5487
below_good,112,400,-17,1,0.5573
below_good,112,405,-12,1,0.5618
below_good,112,410,-7,1,0.5724
below_good,112,415,-2,1,0.5836
below_good,112,420,3,1,0.5921
below_good,112,425,8,1,0.597
below_good,113,0,,-1,0.4878
below_good,113,5,,-1,0.5044
below_good,113,10,,-1,0.4977
below_good,113,15,,-1,0.506
below_good,113,20,,-1,0.513
below_good,113,25,,-1,0.5263
below_good,113,30,,-1,0.5329
below_good,113,35,,-1,0.5551
below_good,113,40,,-1,0.5669
below_good,113,45,,-1,0.578
below_good,113,50,,-1,0.5787
below_good,113,55,,-1,0.5694
below_good,113,60,,-1,0.5592
below_good,113,65,,-1,0.5515
below_good,113,70,,-1,0.5511
below_good,113,75,,-1,0.5578
below_good,113,80,,-1,0.5696
below_good,113,85,,-1,0.5797
below_good,113,90,,-1,0.5819
below_good,113,95,,-1,0.5716
below_good,113,100,,-1,0.5583
below_good,113,105,,-1,0.5436
below_good,113,110,,-1,0.5383
below_good,113,115,,-1,0.5335
below_good,113,120,,-1,0.5312
below_good,113,125,,-1,0.5373
below_good,113,130,,-1,0.5415
below_good,113,135,,-1,0.5447
below_good,113,140,,-1,0.5511
below_good,113,145,,-1,0.5616
below_good,113,150,,-1,0.5621
below_good,113,155,,-1,0.5692
below_good,113,160,,-1,0.5672
below_good,113,165,,-1,0.5542
below_good,113,170,,-1,0.547
below_good,113,175,,-1,0.5488
below_good,113,180,,-1,0.5491
below_good,113,185,,-1,0.55
below_good,113,190,,-1,0.5579
below_good,113,195,,-1,0.5628
below_good,113,200,,-1,0.5669
below_good,113,205,,-1,0.5609
below_good,113,210,,-1,0.5658
below_good,113,215,,-1,0.5575
below_good,113,220,,-1,0.5633
below_good,113,225,,-1,0.5595
below_good,113,230,,-1,0.5606
below_good,113,235,,-1,0.5483
below_good,113,240,,-1,0.5457
below_good,113,245,,-1,0.5242
below_good,113,250,,-1,0.5125
below_good,113,255,,-1,0.5029
below_good,113,260,,-1,0.485
below_good,113,265,,-1,0.4626
below_good,113,270,,-1,0.4544
below_good,113,275,,-1,0.4279
below_good,113,280,,-1,0.4031
below_good,113,285,,-1,0.3991
below_good,113,290,,-1,0.3915
below_good,113,295,,-1,0.379
below_good,113,300,,-1,0.3477
below_good,113,305,,-1,0.3202
below_good,113,310,,-1,0.275
below_good,113,315,,-1,0.2504
below_good,113,320,,-1,0.2278
below_good,113,325,,-1,0.2419
below_good,113,330,,-1,0.2561
below_good,113,335,,-1,0.2602
below_good,113,340,,-1,0.2555
below_good,113,345,,-1,0.2488
below_good,113,350,,-1,0.2343
below_good,113,355,,-1,0.211
below_good,113,360,,-1,0.2182
below_good,113,365,,-1,0.2341
below_good,113,370,,-1,0.2501
below_good,113,375,,-1,0.2737
below_good,113,380,,-1,0.2932
below_good,113,385,,-1,0.2958
below_good,113,390,,-1,0.3005
below_good,113,395,,-1,0.3028
below_good,113,400,,-1,0.2873
below_good,113,405,,-1,0.2546
below_good,113,410,,-1,0.2324
below_good,113,415,,-1,0.2014
below_good,113,420,,-1,0.1636
below_good,113,425,,-1,0.138
below_good,113,430,,-1,0.1488
below_good,113,435,,-1,0.1574
below_good,113,440,,-1,0.1707
below_good,113,445,,-1,0.1977
below_good,113,450,,-1,0.214
below_good,113,455,,-1,0.2325
below_good,113,460,,-1,0.2463
below_good,113,465,,-1,0.2555
below_good,113,470,,-1,0.2542
below_good,113,475,,-1,0.2718
below_good,113,480,,-1,0.2742
below_good,113,485,,-1,0.2859
below_good,113,490,,-1,0.2744
below_good,113,495,,-1,0.2973
below_good,113,500,,-1,0.2978
below_good,113,505,,-1,0.3067
below_good,113,510,,-1,0.2968
below_good,113,515,,-1,0.3035
below_good,113,520,,-1,0.3072
below_good,113,525,,-1,0.3292
below_good,113,530,,-1,0.3379
below_good,113,535,,-1,0.3514
below_good,113,540,,-1,0.3795
below_good,113,545,,-1,0.3808
below_good,115,0,-347,-1,0.5082
below_good,115,5,-342,-1,0.5207
below_good,115,10,-337,-1,0.5243
below_good,115,15,-332,-1,0.5288
below_good,115,20,-327,-1,0.5359
below_good,115,25,-322,-1,0.5353
below_good,115,30,-317,-1,0.5277
below_good,115,35,-312,-1,0.5303
below_good,115,40,-307,-1,0.5284
below_good,115,45,-302,-1,0.5372
below_good,115,50,-297,-1,0.55
below_good,115,55,-292,-1,0.5693
below_good,115,60,-287,-1,0.5764
below_good,115,65,-282,-1,0.5789
below_good,115,70,-277,-1,0.5761
below_good,115,75,-272,-1,0.5727
below_good,115,80,-267,-1,0.5569
below_good,115,85,-262,-1,0.5461
below_good,115,90,-257,-1,0.5431
below_good,115,95,-252,-1,0.5442
below_good,115,100,-247,-1,0.5336
below_good,115,105,-242,-1,0.529
below_good,115,110,-237,-1,0.5292
below_good,115,115,-232,-1,0.5235
below_good,115,120,-227,-1,0.5033
below_good,115,125,-222,-1,0.5004
below_good,115,130,-217,-1,0.4894
below_good,115,135,-212,-1,0.4913
below_good,115,140,-207,-1,0.5059
below_good,115,145,-202,-1,0.5319
below_good,115,150,-197,-1,0.5472
below_good,115,155,-192,-1,0.5631
below_good,115,160,-187,-1,0.5577
below_good,115,165,-182,-1,0.5498
below_good,115,170,-177,-1,0.5328
below_good,115,175,-172,-1,0.5144
below_good,115,180,-167,-1,0.5243
below_good,115,185,-162,-1,0.536
below_good,115,190,-157,-1,0.5401
below_good,115,195,-152,-1,0.5509
below_good,115,200,-147,-1,0.5647
below_good,115,205,-142,-1,0.5544
below_good,115,210,-137,-1,0.5433
below_good,115,215,-132,-1,0.5254
below_good,115,220,-127,-1,0.5141
below_good,115,225,-122,-1,0.5076
below_good,115,230,-117,-1,0.5098
below_good,115,235,-112,-1,0.5165
below_good,115,240,-107,-1,0.5214
below_good,115,245,-102,-1,0.5186
below_good,115,250,-97,-1,0.5024
below_good,115,255,-92,-1,0.4921
below_good,115,260,-87,-1,0.4852
below_good,115,265,-82,-1,0.4976
below_good,115,270,-77,-1,0.504
below_good,115,275,-72,-1,0.522
below_good,115,280,-67,-1,0.5363
below_good,115,285,-62,-1,0.5348
below_good,115,290,-57,-1,0.5283
below_good,115,295,-52,-1,0.5413
below_good,115,300,-47,-1,0.5551
below_good,115,305,-42,-1,0.5538
below_good,115,310,-37,-1,0.558
below_good,115,315,-32,-1,0.5655
below_good,115,320,-27,-1,0.5658
below_good,115,325,-22,-1,0.5672
below_good,115,330,-17,-1,0.5716
below_good,115,335,-12,-1,0.5885
below_good,115,340,-7,-1,0.5932
below_good,115,345,-2,-1,0.5815
below_good,115,350,3,-1,0.5841
below_good,115,355,8,-1,0.5854
below_good,115,360,13,-1,0.5757
below_good,116,0,-302,-1,0.5303
below_good,116,5,-297,-1,0.5304
below_good,116,10,-292,-1,0.5297
below_good,116,15,-287,-1,0.5342
below_good,116,20,-282,-1,0.5411
below_good,116,25,-277,-1,0.5425
below_good,116,30,-272,-1,0.5432
below_good,116,35,-267,-1,0.5508
below_good,116,40,-262,-1,0.5524
below_good,116,45,-257,-1,0.5467
below_good,116,50,-252,-1,0.5474
below_good,116,55,-247,-1,0.5582
below_good,116,60,-242,-1,0.563
below_good,116,65,-237,-1,0.5578
below_good,116,70,-232,-1,0.5623
below_good,116,75,-227,-1,0.5649
below_good,116,80,-222,-1,0.5568
below_good,116,85,-217,-1,0.5517
below_good,116,90,-212,-1,0.5656
below_good,116,95,-207,-1,0.5686
below_good,116,100,-202,-1,0.569
below_good,116,105,-197,-1,0.5653
below_good,116,110,-192,-1,0.5633
below_good,116,115,-187,-1,0.5589
below_good,116,120,-182,-1,0.561
below_good,116,125,-177,-1,0.5536
below_good,116,130,-172,-1,0.5665
below_good,116,135,-167,-1,0.5689
below_good,116,140,-162,-1,0.5569
below_good,116,145,-157,-1,0.5434
below_good,116,150,-152,-1,0.547
below_good,116,155,-147,-1,0.5367
below_good,116,160,-142,-1,0.5235
below_good,116,165,-137,-1,0.5196
below_good,116,170,-132,-1,0.5208
below_good,116,175,-127,-1,0.5243
below_good,116,180,-122,-1,0.5238
below_good,116,185,-117,-1,0.5255
below_good,116,190,-112,-1,0.5317
below_good,116,195,-107,-1,0.5393
below_good,116,200,-102,-1,0.5368
below_good,116,205,-97,-1,0.5384
below_good,116,210,-92,-1,0.548
below_good,116,215,-87,-1,0.5591
below_good,116,220,-82,-1,0.5544
below_good,116,225,-77,-1,0.5589
below_good,116,230,-72,-1,0.5577
below_good,116,235,-67,-1,0.5517
below_good,116,240,-62,-1,0.5355
below_good,116,245,-57,-1,0.5367
below_good,116,250,-52,-1,0.5365
below_good,116,255,-47,-1,0.5294
below_good,116,260,-42,-1,0.5342
below_good,116,265,-37,-1,0.5354
below_good,116,270,-32,-1,0.5336
below_good,116,275,-27,-1,0.524
below_good,116,280,-22,-1,0.5426
below_good,116,285,-17,-1,0.5476
below_good,116,290,-12,-1,0.5707
below_good,116,295,-7,-1,0.5758
below_good,116,300,-2,-1,0.5825
below_good,116,305,3,-1,0.5726
below_good,116,310,8,-1,0.5722
below_good,116,315,13,-1,0.5557
below_good,117,0,-401,-1,0.5369
below_good,117,5,-396,-1,0.536
below_good,117,10,-391,-1,0.5352
below_good,117,15,-386,-1,0.5394
below_good,117,20,-381,-1,0.5346
below_good,117,25,-376,-1,0.5421
below_good,117,30,-371,-1,0.5449
below_good,117,35,-366,-1,0.5425
below_good,117,40,-361,-1,0.5326
below_good,117,45,-356,-1,0.5385
below_good,117,50,-351,-1,0.5241
below_good,117,55,-346,-1,0.5132
below_good,117,60,-341,-1,0.5154
below_good,117,65,-336,-1,0.5221
below_good,117,70,-331,-1,0.5253
below_good,117,75,-326,-1,0.5422
below_good,117,80,-321,-1,0.557
below_good,117,85,-316,-1,0.5622
below_good,117,90,-311,-1,0.5685
below_good,117,95,-306,-1,0.5654
below_good,117,100,-301,-1,0.568
below_good,117,105,-296,-1,0.5729
below_good,117,110,-291,-1,0.5729
below_good,117,115,-286,-1,0.5601
below_good,117,120,-281,-1,0.5616
below_good,117,125,-276,-1,0.5468
below_good,117,130,-271,-1,0.5326
below_good,117,135,-266,-1,0.5174
below_good,117,140,-261,-1,0.5152
below_good,117,145,-256,-1,0.5098
below_good,117,150,-251,-1,0.5151
below_good,117,155,-246,-1,0.5134
below_good,117,160,-241,-1,0.5172
below_good,117,165,-236,-1,0.5162
below_good,117,170,-231,-1,0.51
below_good,117,175,-226,-1,0.5099
below_good,117,180,-221,-1,0.5185
below_good,117,185,-216,-1,0.5184
below_good,117,190,-211,-1,0.5229
below_good,117,195,-206,-1,0.525
below_good,117,200,-201,-1,0.5213
below_good,117,205,-196,-1,0.521
below_good,117,210,-191,-1,0.5325
below_good,117,215,-186,-1,0.5398
below_good,117,220,-181,-1,0.5466
below_good,117,225,-176,-1,0.5499
below_good,117,230,-171,-1,0.5556
below_good,117,235,-166,-1,0.5508
below_good,117,240,-161,-1,0.5578
below_good,117,245,-156,-1,0.5593
below_good,117,250,-151,-1,0.5581
below_good,117,255,-146,-1,0.5474
below_good,117,260,-141,-1,0.544
below_good,117,265,-136,-1,0.528
below_good,117,270,-131,-1,0.5169
below_good,117,275,-126,-1,0.5089
below_good,117,280,-121,-1,0.5053
below_good,117,285,-116,-1,0.4943
below_good,117,290,-111,-1,0.4931
below_good,117,295,-106,-1,0.4878
below_good,117,300,-101,-1,0.4896
below_good,117,305,-96,-1,0.4842
below_good,117,310,-91,-1,0.488
below_good,117,315,-86,-1,0.5023
below_good,117,320,-81,-1,0.513
below_good,117,325,-76,-1,0.5171
below_good,117,330,-71,-1,0.5293
below_good,117,335,-66,-1,0.5433
below_good,117,340,-61,-1,0.5349
below_good,117,345,-56,-1,0.5345
below_good,117,350,-51,-1,0.53
below_good,117,355,-46,-1,0.5291
below_good,117,360,-41,-1,0.5258
below_good,117,365,-36,-1,0.5303
below_good,117,370,-31,-1,0.5373
below_good,117,375,-26,-1,0.5478
below_good,117,380,-21,-1,0.553
below_good,117,385,-16,-1,0.5529
below_good,117,390,-11,-1,0.5588
below_good,117,395,-6,-1,0.5614
below_good,117,400,-1,-1,0.5675
below_good,117,405,4,-1,0.5678
below_good,118,0,-426,-1,0.5202
below_good,118,5,-421,-1,0.52
below_good,118,10,-416,-1,0.522
below_good,118,15,-411,-1,0.521
below_good,118,20,-406,-1,0.5271
below_good,118,25,-401,-1,0.5145
below_good,118,30,-396,-1,0.5085
below_good,118,35,-391,-1,0.5073
below_good,118,40,-386,-1,0.5116
below_good,118,45,-381,-1,0.5039
below_good,118,50,-376,-1,0.5076
below_good,118,55,-371,-1,0.5221
below_good,118,60,-366,-1,0.5239
below_good,118,65,-361,-1,0.5252
below_good,118,70,-356,-1,0.5359
below_good,118,75,-351,-1,0.543
below_good,118,80,-346,-1,0.5361
below_good,118,85,-341,-1,0.5401
below_good,118,90,-336,-1,0.5455
below_good,118,95,-331,-1,0.5541
below_good,118,100,-326,-1,0.5662
below_good,118,105,-321,-1,0.5623
below_good,118,110,-316,-1,0.555
below_good,118,115,-311,-1,0.5458
below_good,118,120,-306,-1,0.5343
below_good,118,125,-301,-1,0.5206
below_good,118,130,-296,-1,0.5278
below_good,118,135,-291,-1,0.5347
below_good,118,140,-286,-1,0.5309
below_good,118,145,-281,-1,0.5199
below_good,118,150,-276,-1,0.5133
below_good,118,155,-271,-1,0.5035
below_good,118,160,-266,-1,0.4935
below_good,118,165,-261,-1,0.4891
below_good,118,170,-256,-1,0.4907
below_good,118,175,-251,-1,0.4885
below_good,118,180,-246,-1,0.4861
below_good,118,185,-241,-1,0.4791
below_good,118,190,-236,-1,0.4797
below_good,118,195,-231,-1,0.4775
below_good,118,200,-226,-1,0.4791
below_good,118,205,-221,-1,0.4791
below_good,118,210,-216,-1,0.4756
below_good,118,215,-211,-1,0.4716
below_good,118,220,-206,-1,0.445
below_good,118,225,-201,-1,0.4185
below_good,118,230,-196,-1,0.3917
below_good,118,235,-191,-1,0.3938
below_good,118,240,-186,-1,0.3816
below_good,118,245,-181,-1,0.396
below_good,118,250,-176,-1,0.4201
below_good,118,255,-171,-1,0.4539
below_good,118,260,-166,-1,0.4732
below_good,118,265,-161,-1,0.507
below_good,118,270,-156,-1,0.5278
below_good,118,275,-151,-1,0.5389
below_good,118,280,-146,-1,0.5336
below_good,118,285,-141,-1,0.5285
below_good,118,290,-136,-1,0.5176
below_good,118,295,-131,-1,0.5208
below_good,118,300,-126,-1,0.5144
below_good,118,305,-121,-1,0.5098
below_good,118,310,-116,-1,0.4941
below_good,118,315,-111,-1,0.4819
below_good,118,320,-106,-1,0.4709
below_good,118,325,-101,-1,0.4673
below_good,118,330,-96,-1,0.4789
below_good,118,335,-91,-1,0.4948
below_good,118,340,-86,-1,0.5109
below_good,118,345,-81,-1,0.5194
below_good,118,350,-76,-1,0.5302
below_good,118,355,-71,-1,0.5278
below_good,118,360,-66,-1,0.5294
below_good,118,365,-61,-1,0.5325
below_good,118,370,-56,-1,0.5439
below_good,118,375,-51,-1,0.5485
below_good,118,380,-46,-1,0.5582
below_good,118,385,-41,-1,0.5629
below_good,118,390,-36,-1,0.5623
below_good,118,395,-31,-1,0.554
below_good,118,400,-26,-1,0.5557
below_good,118,405,-21,-1,0.5461
below_good,118,410,-16,-1,0.5369
below_good,118,415,-11,-1,0.5452
below_good,118,420,-6,-1,0.5375
below_good,118,425,-1,-1,0.5268
below_good,118,430,4,-1,0.5338
below_good,118,435,9,-1,0.5319
below_good,118,440,14,-1,0.5184
below_good,118,445,19,-1,0.5218
below_good,118,450,24,-1,0.5274
below_good,120,0,,-1,0.5447
below_good,120,5,,-1,0.5381
below_good,120,10,,-1,0.5489
below_good,120,15,,-1,0.5564
below_good,120,20,,-1,0.552
below_good,120,25,,-1,0.5602
below_good,120,30,,-1,0.572
below_good,120,35,,-1,0.5785
below_good,120,40,,-1,0.5701
below_good,120,45,,-1,0.5729
below_good,120,50,,-1,0.57
below_good,120,55,,-1,0.5627
below_good,120,60,,-1,0.5517
below_good,120,65,,-1,0.5576
below_good,120,70,,-1,0.5543
below_good,120,75,,-1,0.5519
below_good,120,80,,-1,0.5511
below_good,120,85,,-1,0.5409
below_good,120,90,,-1,0.5261
below_good,120,95,,-1,0.5164
below_good,120,100,,-1,0.5136
below_good,120,105,,-1,0.5028
below_good,120,110,,-1,0.4932
below_good,120,115,,-1,0.477
below_good,120,120,,-1,0.4871
below_good,120,125,,-1,0.4758
below_good,120,130,,-1,0.4814
below_good,120,135,,-1,0.4942
below_good,120,140,,-1,0.5151
below_good,120,145,,-1,0.5028
below_good,120,150,,-1,0.509
below_good,120,155,,-1,0.5097
below_good,120,160,,-1,0.4989
below_good,120,165,,-1,0.504
below_good,120,170,,-1,0.5127
below_good,120,175,,-1,0.5156
below_good,120,180,,-1,0.5166
below_good,120,185,,-1,0.5202
below_good,120,190,,-1,0.5102
below_good,120,195,,-1,0.5141
below_good,120,200,,-1,0.523
below_good,120,205,,-1,0.5287
below_good,120,210,,-1,0.5362
below_good,120,215,,-1,0.5356
below_good,120,220,,-1,0.5264
below_good,120,225,,-1,0.5105
below_good,120,230,,-1,0.4999
below_good,120,235,,-1,0.4847
below_good,120,240,,-1,0.4766
below_good,120,245,,-1,0.4641
below_good,120,250,,-1,0.459
below_good,120,255,,-1,0.4522
below_good,120,260,,-1,0.4602
below_good,120,265,,-1,0.4731
below_good,120,270,,-1,0.4798
below_good,120,275,,-1,0.4779
below_good,120,280,,-1,0.4875
below_good,120,285,,-1,0.4854
below_good,120,290,,-1,0.4806
below_good,120,295,,-1,0.4885
below_good,120,300,,-1,0.5039
below_good,120,305,,-1,0.4811
below_good,120,310,,-1,0.4746
below_good,120,315,,-1,0.4338
below_good,120,320,,-1,0.3763
below_good,120,325,,-1,0.3239
below_good,120,330,,-1,0.296
below_good,120,335,,-1,0.2501
below_good,120,340,,-1,0.2369
below_good,120,345,,-1,0.2382
below_good,120,350,,-1,0.2232
below_good,120,355,,-1,0.2329
below_good,120,360,,-1,0.2358
below_good,120,365,,-1,0.2246
below_good,120,370,,-1,0.2196
below_good,120,375,,-1,0.2291
below_good,120,380,,-1,0.2211
below_good,120,385,,-1,0.2261
below_good,120,390,,-1,0.2499
below_good,120,395,,-1,0.2792
below_good,120,400,,-1,0.2819
below_good,120,405,,-1,0.2772
below_good,120,410,,-1,0.2927
below_good,120,415,,-1,0.301
below_good,120,420,,-1,0.3086
below_good,120,425,,-1,0.3221
below_good,120,430,,-1,0.3315
below_good,120,435,,-1,0.3092
below_good,120,440,,-1,0.2821
below_good,120,445,,-1,0.2562
below_good,120,450,,-1,0.2233
below_good,120,455,,-1,0.1972
below_good,120,460,,-1,0.1804
below_good,120,465,,-1,0.1818
below_good,120,470,,-1,0.168
below_good,120,475,,-1,0.1716
below_good,120,480,,-1,0.1946
below_good,120,485,,-1,0.2084
below_good,120,490,,-1,0.2118
below_good,120,495,,-1,0.2166
below_good,120,500,,-1,0.237
below_good,120,505,,-1,0.2179
below_good,120,510,,-1,0.225
below_good,120,515,,-1,0.2324
below_good,120,520,,-1,0.2362
below_good,120,525,,-1,0.231
below_good,120,530,,-1,0.2405
below_good,120,535,,-1,0.2458
below_good,120,540,,-1,0.2332
below_good,120,545,,-1,0.2195
below_good,120,550,,-1,0.2128
below_good,120,555,,-1,0.2315
below_good,120,560,,-1,0.2563
below_good,120,565,,-1,0.2962
below_good,120,570,,-1,0.3435
below_good,120,575,,-1,0.3913
below_good,120,580,,-1,0.3989
below_good,120,585,,-1,0.3825
below_good,120,590,,-1,0.3828
below_good,120,595,,-1,0.3887
below_good,120,600,,-1,0.3957
below_good,120,605,,-1,0.4129
below_good,120,610,,-1,0.4408
below_good,121,0,,-1,0.5293
below_good,121,5,,-1,0.5313
below_good,121,10,,-1,0.5329
below_good,121,15,,-1,0.5347
below_good,121,20,,-1,0.5389
below_good,121,25,,-1,0.5425
below_good,121,30,,-1,0.5557
below_good,121,35,,-1,0.5569
below_good,121,40,,-1,0.5525
below_good,121,45,,-1,0.5496
below_good,121,50,,-1,0.5526
below_good,121,55,,-1,0.5379
below_good,121,60,,-1,0.5324
below_good,121,65,,-1,0.532
below_good,121,70,,-1,0.5404
below_good,121,75,,-1,0.5326
below_good,121,80,,-1,0.5313
below_good,121,85,,-1,0.5382
below_good,121,90,,-1,0.5464
below_good,121,95,,-1,0.5416
below_good,121,100,,-1,0.5511
below_good,121,105,,-1,0.5622
below_good,121,110,,-1,0.5606
below_good,121,115,,-1,0.5609
below_good,121,120,,-1,0.5569
below_good,121,125,,-1,0.5454
below_good,121,130,,-1,0.5336
below_good,121,135,,-1,0.5342
below_good,121,140,,-1,0.5296
below_good,121,145,,-1,0.5328
below_good,121,150,,-1,0.5427
below_good,121,155,,-1,0.5585
below_good,121,160,,-1,0.564
below_good,121,165,,-1,0.5665
below_good,121,170,,-1,0.5694
below_good,121,175,,-1,0.5698
below_good,121,180,,-1,0.5675
below_good,121,185,,-1,0.5659
below_good,121,190,,-1,0.5635
below_good,121,195,,-1,0.5638
below_good,121,200,,-1,0.5629
below_good,121,205,,-1,0.5627
below_good,121,210,,-1,0.5604
below_good,121,215,,-1,0.5343
below_good,121,220,,-1,0.4815
below_good,121,225,,-1,0.4606
below_good,121,230,,-1,0.4311
below_good,121,235,,-1,0.3986
below_good,121,240,,-1,0.3862
below_good,121,245,,-1,0.3865
below_good,121,250,,-1,0.353
below_good,121,255,,-1,0.3513
below_good,121,260,,-1,0.3618
below_good,121,265,,-1,0.3584
below_good,121,270,,-1,0.3652
below_good,121,275,,-1,0.3506
below_good,121,280,,-1,0.3128
below_good,121,285,,-1,0.2829
below_good,121,290,,-1,0.2692
below_good,121,295,,-1,0.283
below_good,121,300,,-1,0.321
below_good,121,305,,-1,0.3275
below_good,121,310,,-1,0.3298
below_good,121,315,,-1,0.349
below_good,121,320,,-1,0.3435
below_good,121,325,,-1,0.3319
below_good,121,330,,-1,0.3281
below_good,121,335,,-1,0.3054
below_good,121,340,,-1,0.273
below_good,121,345,,-1,0.2405
below_good,121,350,,-1,0.2152
below_good,121,355,,-1,0.2076
below_good,121,360,,-1,0.207
below_good,121,365,,-1,0.2285
below_good,121,370,,-1,0.2537
below_good,121,375,,-1,0.2464
below_good,121,380,,-1,0.2599
below_good,121,385,,-1,0.2659
below_good,121,390,,-1,0.2767
below_good,121,395,,-1,0.2626
below_good,121,400,,-1,0.2738
below_good,121,405,,-1,0.2828
below_good,121,410,,-1,0.2904
below_good,121,415,,-1,0.2744
below_good,121,420,,-1,0.268
below_good,121,425,,-1,0.2608
below_good,121,430,,-1,0.2445
below_good,121,435,,-1,0.2331
below_good,121,440,,-1,0.2477
below_good,121,445,,-1,0.2784
below_good,121,450,,-1,0.3132
below_good,121,455,,-1,0.3362
below_good,121,460,,-1,0.3591
below_good,121,465,,-1,0.3732
below_good,121,470,,-1,0.363
below_good,121,475,,-1,0.3557
below_good,121,480,,-1,0.3627
below_good,121,485,,-1,0.377
below_good,121,490,,-1,0.375
below_good,121,495,,-1,0.3793
below_good,121,500,,-1,0.3926
below_good,121,505,,-1,0.3967
below_good,121,510,,-1,0.3991
below_good,122,0,-531,-1,0.5424
below_good,122,5,-526,-1,0.5417
below_good,122,10,-521,-1,0.5431
below_good,122,15,-516,-1,0.5421
below_good,122,20,-511,-1,0.548
below_good,122,25,-506,-1,0.5524
below_good,122,30,-501,-1,0.5522
below_good,122,35,-496,-1,0.5517
below_good,122,40,-491,-1,0.5502
below_good,122,45,-486,-1,0.5495
below_good,122,50,-481,-1,0.5461
below_good,122,55,-476,-1,0.5488
below_good,122,60,-471,-1,0.5498
below_good,122,65,-466,-1,0.5541
below_good,122,70,-461,-1,0.548
below_good,122,75,-456,-1,0.5583
below_good,122,80,-451,-1,0.5532
below_good,122,85,-446,-1,0.5423
below_good,122,90,-441,-1,0.5294
below_good,122,95,-436,-1,0.51
below_good,122,100,-431,-1,0.4836
below_good,122,105,-426,-1,0.4678
below_good,122,110,-421,-1,0.4811
below_good,122,115,-416,-1,0.4841
below_good,122,120,-411,-1,0.4988
below_good,122,125,-406,-1,0.5123
below_good,122,130,-401,-1,0.533
below_good,122,135,-396,-1,0.5171
below_good,122,140,-391,-1,0.5133
below_good,122,145,-386,-1,0.5113
below_good,122,150,-381,-1,0.5129
below_good,122,155,-376,-1,0.5096
below_good,122,160,-371,-1,0.5234
below_good,122,165,-366,-1,0.5313
below_good,122,170,-361,-1,0.5287
below_good,122,175,-356,-1,0.5195
below_good,122,180,-351,-1,0.5194
below_good,122,185,-346,-1,0.5212
below_good,122,190,-341,-1,0.5182
below_good,122,195,-336,-1,0.519
below_good,122,200,-331,-1,0.5193
below_good,122,205,-326,-1,0.5109
below_good,122,210,-321,-1,0.4933
below_good,122,215,-316,-1,0.4896
below_good,122,220,-311,-1,0.4833
below_good,122,225,-306,-1,0.4823
below_good,122,230,-301,-1,0.4823
below_good,122,235,-296,-1,0.4918
below_good,122,240,-291,-1,0.4943
below_good,122,245,-286,-1,0.4965
below_good,122,250,-281,-1,0.5035
below_good,122,255,-276,-1,0.4963
below_good,122,260,-271,-1,0.4839
below_good,122,265,-266,-1,0.4934
below_good,122,270,-261,-1,0.5034
below_good,122,275,-256,-1,0.5021
below_good,122,280,-251,-1,0.5159
below_good,122,285,-246,-1,0.5244
below_good,122,290,-241,-1,0.5132
below_good,122,295,-236,-1,0.5081
below_good,122,300,-231,-1,0.5086
below_good,122,305,-226,-1,0.5042
below_good,122,310,-221,-1,0.4995
below_good,122,315,-216,-1,0.493
below_good,122,320,-211,-1,0.4736
below_good,122,325,-206,-1,0.4505
below_good,122,330,-201,-1,0.4383
below_good,122,335,-196,-1,0.4285
below_good,122,340,-191,-1,0.4366
below_good,122,345,-186,-1,0.4409
below_good,122,350,-181,-1,0.452
below_good,122,355,-176,-1,0.448
below_good,122,360,-171,-1,0.4395
below_good,122,365,-166,-1,0.4173
below_good,122,370,-161,-1,0.4175
below_good,122,375,-156,-1,0.4244
below_good,122,380,-151,-1,0.4333
below_good,122,385,-146,-1,0.4673
below_good,122,390,-141,-1,0.4872
below_good,122,395,-136,-1,0.49
below_good,122,400,-131,-1,0.4897
below_good,122,405,-126,-1,0.4857
below_good,122,410,-121,-1,0.4664
below_good,122,415,-116,-1,0.4654
below_good,122,420,-111,-1,0.461
below_good,122,425,-106,-1,0.4616
below_good,122,430,-101,-1,0.4585
below_good,122,435,-96,-1,0.4557
below_good,122,440,-91,-1,0.4486
below_good,122,445,-86,-1,0.469
below_good,122,450,-81,-1,0.4781
below_good,122,455,-76,-1,0.4911
below_good,122,460,-71,-1,0.5144
below_good,122,465,-66,-1,0.5271
below_good,122,470,-61,-1,0.5283
below_good,122,475,-56,-1,0.5303
below_good,122,480,-51,-1,0.5407
below_good,122,485,-46,-1,0.5408
below_good,122,490,-41,-1,0.5512
below_good,122,495,-36,-1,0.5613
below_good,122,500,-31,-1,0.5637
below_good,122,505,-26,-1,0.5658
below_good,122,510,-21,-1,0.5671
below_good,122,515,-16,-1,0.568
below_good,122,520,-11,-1,0.5736
below_good,122,525,-6,-1,0.5789
below_good,122,530,-1,-1,0.5845
below_good,122,535,4,-1,0.5897
below_good,123,0,,-1,0.5372
below_good,123,5,,-1,0.5356
below_good,123,10,,-1,0.54
below_good,123,15,,-1,0.5468
below_good,123,20,,-1,0.5466
below_good,123,25,,-1,0.5617
below_good,123,30,,-1,0.5653
below_good,123,35,,-1,0.5625
below_good,123,40,,-1,0.553
below_good,123,45,,-1,0.5491
below_good,123,50,,-1,0.5304
below_good,123,55,,-1,0.5244
below_good,123,60,,-1,0.5157
below_good,123,65,,-1,0.5219
below_good,123,70,,-1,0.5273
below_good,123,75,,-1,0.5329
below_good,123,80,,-1,0.5378
below_good,123,85,,-1,0.5447
below_good,123,90,,-1,0.5443
below_good,123,95,,-1,0.5423
below_good,123,100,,-1,0.5464
below_good,123,105,,-1,0.5554
below_good,123,110,,-1,0.5623
below_good,123,115,,-1,0.554
below_good,123,120,,-1,0.5459
below_good,123,125,,-1,0.5317
below_good,123,130,,-1,0.5159
below_good,123,135,,-1,0.5087
below_good,123,140,,-1,0.5092
below_good,123,145,,-1,0.522
below_good,123,150,,-1,0.5354
below_good,123,155,,-1,0.5425
below_good,123,160,,-1,0.5488
below_good,123,165,,-1,0.5483
below_good,123,170,,-1,0.5443
below_good,123,175,,-1,0.5383
below_good,123,180,,-1,0.5221
below_good,123,185,,-1,0.5108
below_good,123,190,,-1,0.5137
below_good,123,195,,-1,0.5106
below_good,123,200,,-1,0.5114
below_good,123,205,,-1,0.5135
below_good,123,210,,-1,0.5108
below_good,123,215,,-1,0.5042
below_good,123,220,,-1,0.495
below_good,123,225,,-1,0.4995
below_good,123,230,,-1,0.5141
below_good,123,235,,-1,0.5275
below_good,123,240,,-1,0.5426
below_good,123,245,,-1,0.5592
below_good,123,250,,-1,0.5587
below_good,123,255,,-1,0.5586
below_good,123,260,,-1,0.5611
below_good,123,265,,-1,0.5572
below_good,123,270,,-1,0.5408
below_good,123,275,,-1,0.5246
below_good,123,280,,-1,0.5142
below_good,123,285,,-1,0.5021
below_good,123,290,,-1,0.4948
below_good,123,295,,-1,0.5068
below_good,123,300,,-1,0.5024
below_good,123,305,,-1,0.5034
below_good,123,310,,-1,0.5012
below_good,123,315,,-1,0.4957
below_good,124,0,,-1,0.5374
below_good,124,5,,-1,0.5361
below_good,124,10,,-1,0.5381
below_good,124,15,,-1,0.5414
below_good,124,20,,-1,0.543
below_good,124,25,,-1,0.5438
below_good,124,30,,-1,0.556
below_good,124,35,,-1,0.5642
below_good,124,40,,-1,0.5605
below_good,124,45,,-1,0.5635
below_good,124,50,,-1,0.5553
below_good,124,55,,-1,0.5471
below_good,124,60,,-1,0.536
below_good,124,65,,-1,0.5335
below_good,124,70,,-1,0.5209
below_good,124,75,,-1,0.5293
below_good,124,80,,-1,0.5057
below_good,124,85,,-1,0.5035
below_good,124,90,,-1,0.5199
below_good,124,95,,-1,0.5277
below_good,124,100,,-1,0.5435
below_good,124,105,,-1,0.5656
below_good,124,110,,-1,0.5844
below_good,124,115,,-1,0.5797
below_good,124,120,,-1,0.5835
below_good,124,125,,-1,0.5673
below_good,124,130,,-1,0.5685
below_good,124,135,,-1,0.5504
below_good,124,140,,-1,0.5363
below_good,124,145,,-1,0.5233
below_good,124,150,,-1,0.535
below_good,124,155,,-1,0.5352
below_good,124,160,,-1,0.5385
below_good,124,165,,-1,0.5354
below_good,124,170,,-1,0.5263
below_good,124,175,,-1,0.5002
below_good,124,180,,-1,0.4912
below_good,124,185,,-1,0.4801
below_good,124,190,,-1,0.499
below_good,124,195,,-1,0.5186
below_good,124,200,,-1,0.5313
below_good,124,205,,-1,0.5331
below_good,124,210,,-1,0.5483
below_good,124,215,,-1,0.5463
below_good,124,220,,-1,0.5495
below_good,124,225,,-1,0.5477
below_good,124,230,,-1,0.5519
below_good,124,235,,-1,0.5466
below_good,124,240,,-1,0.5403
below_good,124,245,,-1,0.5346
below_good,124,250,,-1,0.5458
below_good,124,255,,-1,0.5457
below_good,124,260,,-1,0.5501
below_good,124,265,,-1,0.547
below_good,124,270,,-1,0.5448
below_good,124,275,,-1,0.5328
below_good,124,280,,-1,0.5376
below_good,124,285,,-1,0.5369
below_good,124,290,,-1,0.541
below_good,124,295,,-1,0.5304
below_good,124,300,,-1,0.5287
below_good,124,305,,-1,0.5072
below_good,124,310,,-1,0.4958
below_good,124,315,,-1,0.4876
below_good,124,320,,-1,0.504
below_good,124,325,,-1,0.5112
below_good,124,330,,-1,0.5254
below_good,124,335,,-1,0.5329
below_good,124,340,,-1,0.5409
below_good,124,345,,-1,0.534
below_good,124,350,,-1,0.5373
below_good,124,355,,-1,0.5392
below_good,124,360,,-1,0.546
below_good,124,365,,-1,0.5474
below_good,124,370,,-1,0.5584
below_good,124,375,,-1,0.5583
below_good,124,380,,-1,0.5634
below_good,124,385,,-1,0.5653
below_good,124,390,,-1,0.5731
below_good,124,395,,-1,0.5816
below_good,124,400,,-1,0.5923
below_good,124,405,,-1,0.6019
below_good,124,410,,-1,0.6052
below_good,124,415,,-1,0.5951
below_good,124,420,,-1,0.5926
below_good,124,425,,-1,0.588
below_good,124,430,,-1,0.5782
below_good,124,435,,-1,0.5741
below_good,124,440,,-1,0.5824
below_good,125,0,-298,-1,0.5256
below_good,125,5,-293,-1,0.5274
below_good,125,10,-288,-1,0.5284
below_good,125,15,-283,-1,0.5321
below_good,125,20,-278,-1,0.5389
below_good,125,25,-273,-1,0.5353
below_good,125,30,-268,-1,0.5439
below_good,125,35,-263,-1,0.5371
below_good,125,40,-258,-1,0.5325
below_good,125,45,-253,-1,0.5239
below_good,125,50,-248,-1,0.5298
below_good,125,55,-243,-1,0.5241
below_good,125,60,-238,-1,0.533
below_good,125,65,-233,-1,0.5411
below_good,125,70,-228,-1,0.5531
below_good,125,75,-223,-1,0.5559
below_good,125,80,-218,-1,0.5529
below_good,125,85,-213,-1,0.5565
below_good,125,90,-208,-1,0.5601
below_good,125,95,-203,-1,0.5596
below_good,125,100,-198,-1,0.5614
below_good,125,105,-193,-1,0.5656
below_good,125,110,-188,-1,0.5536
below_good,125,115,-183,-1,0.5359
below_good,125,120,-178,-1,0.5279
below_good,125,125,-173,-1,0.5218
below_good,125,130,-168,-1,0.5083
below_good,125,135,-163,-1,0.5015
below_good,125,140,-158,-1,0.5123
below_good,125,145,-153,-1,0.5153
below_good,125,150,-148,-1,0.5206
below_good,125,155,-143,-1,0.5338
below_good,125,160,-138,-1,0.5395
below_good,125,165,-133,-1,0.5365
below_good,125,170,-128,-1,0.5295
below_good,125,175,-123,-1,0.5235
below_good,125,180,-118,-1,0.5221
below_good,125,185,-113,-1,0.5197
below_good,125,190,-108,-1,0.517
below_good,125,195,-103,-1,0.5301
below_good,125,200,-98,-1,0.5456
below_good,125,205,-93,-1,0.5442
below_good,125,210,-88,-1,0.5598
below_good,125,215,-83,-1,0.5561
below_good,125,220,-78,-1,0.5492
below_good,125,225,-73,-1,0.5315
below_good,125,230,-68,-1,0.5333
below_good,125,235,-63,-1,0.5213
below_good,125,240,-58,-1,0.5415
below_good,125,245,-53,-1,0.5353
below_good,125,250,-48,-1,0.5378
below_good,125,255,-43,-1,0.5455
below_good,125,260,-38,-1,0.5496
below_good,125,265,-33,-1,0.5393
below_good,125,270,-28,-1,0.5389
below_good,125,275,-23,-1,0.534
below_good,125,280,-18,-1,0.5342
below_good,125,285,-13,-1,0.5501
below_good,125,290,-8,-1,0.5592
below_good,125,295,-3,-1,0.5687
below_good,125,300,2,-1,0.5692
below_good,125,305,7,-1,0.5569
below_good,125,310,12,-1,0.5542
below_good,125,315,17,-1,0.5435
below_good,127,0,-518,-1,0.5241
below_good,127,5,-513,-1,0.5248
below_good,127,10,-508,-1,0.5277
below_good,127,15,-503,-1,0.5312
below_good,127,20,-498,-1,0.5195
below_good,127,25,-493,-1,0.5041
below_good,127,30,-488,-1,0.5048
below_good,127,35,-483,-1,0.5035
below_good,127,40,-478,-1,0.5026
below_good,127,45,-473,-1,0.5202
below_good,127,50,-468,-1,0.5475
below_good,127,55,-463,-1,0.5492
below_good,127,60,-458,-1,0.5542
below_good,127,65,-453,-1,0.5562
below_good,127,70,-448,-1,0.5501
below_good,127,75,-443,-1,0.5399
below_good,127,80,-438,-1,0.5416
below_good,127,85,-433,-1,0.5355
below_good,127,90,-428,-1,0.5432
below_good,127,95,-423,-1,0.5485
below_good,127,100,-418,-1,0.55
below_good,127,105,-413,-1,0.555
below_good,127,110,-408,-1,0.5581
below_good,127,115,-403,-1,0.5531
below_good,127,120,-398,-1,0.55
below_good,127,125,-393,-1,0.548
below_good,127,130,-388,-1,0.5415
below_good,127,135,-383,-1,0.548
below_good,127,140,-378,-1,0.5477
below_good,127,145,-373,-1,0.5435
below_good,127,150,-368,-1,0.5408
below_good,127,155,-363,-1,0.534
below_good,127,160,-358,-1,0.5227
below_good,127,165,-353,-1,0.5057
below_good,127,170,-348,-1,0.493
below_good,127,175,-343,-1,0.4848
below_good,127,180,-338,-1,0.4793
below_good,127,185,-333,-1,0.4741
below_good,127,190,-328,-1,0.4689
below_good,127,195,-323,-1,0.474
below_good,127,200,-318,-1,0.4794
below_good,127,205,-313,-1,0.4728
below_good,127,210,-308,-1,0.4641
below_good,127,215,-303,-1,0.4587
below_good,127,220,-298,-1,0.4587
below_good,127,225,-293,-1,0.4596
below_good,127,230,-288,-1,0.4641
below_good,127,235,-283,-1,0.4688
below_good,127,240,-278,-1,0.4756
below_good,127,245,-273,-1,0.4737
below_good,127,250,-268,-1,0.4683
below_good,127,255,-263,-1,0.4669
below_good,127,260,-258,-1,0.4588
below_good,127,265,-253,-1,0.4765
below_good,127,270,-248,-1,0.4889
below_good,127,275,-243,-1,0.4971
below_good,127,280,-238,-1,0.5129
below_good,127,285,-233,-1,0.5395
below_good,127,290,-228,-1,0.5323
below_good,127,295,-223,-1,0.5323
below_good,127,300,-218,-1,0.5208
below_good,127,305,-213,-1,0.5115
below_good,127,310,-208,-1,0.4886
below_good,127,315,-203,-1,0.4683
below_good,127,320,-198,-1,0.4517
below_good,127,325,-193,-1,0.4459
below_good,127,330,-188,-1,0.4464
below_good,127,335,-183,-1,0.4633
below_good,127,340,-178,-1,0.4782
below_good,127,345,-173,-1,0.4797
below_good,127,350,-168,-1,0.4794
below_good,127,355,-163,-1,0.4698
below_good,127,360,-158,-1,0.4604
below_good,127,365,-153,-1,0.4733
below_good,127,370,-148,-1,0.4925
below_good,127,375,-143,-1,0.5057
below_good,127,380,-138,-1,0.5159
below_good,127,385,-133,-1,0.5181
below_good,127,390,-128,-1,0.4998
below_good,127,395,-123,-1,0.4972
below_good,127,400,-118,-1,0.4946
below_good,127,405,-113,-1,0.4967
below_good,127,410,-108,-1,0.4879
below_good,127,415,-103,-1,0.4936
below_good,127,420,-98,-1,0.4755
below_good,127,425,-93,-1,0.4699
below_good,127,430,-88,-1,0.4768
below_good,127,435,-83,-1,0.4769
below_good,127,440,-78,-1,0.4883
below_good,127,445,-73,-1,0.5036
below_good,127,450,-68,-1,0.5098
below_good,127,455,-63,-1,0.5178
below_good,127,460,-58,-1,0.5287
below_good,127,465,-53,-1,0.5319
below_good,127,470,-48,-1,0.5385
below_good,127,475,-43,-1,0.5456
below_good,127,480,-38,-1,0.5379
below_good,127,485,-33,-1,0.5429
below_good,127,490,-28,-1,0.545
below_good,127,495,-23,-1,0.5565
below_good,127,500,-18,-1,0.5677
below_good,127,505,-13,-1,0.5755
below_good,127,510,-8,-1,0.5858
below_good,127,515,-3,-1,0.594
below_good,127,520,2,-1,0.591
below_good,128,0,-316,-1,0.5333
below_good,128,5,-311,-1,0.5298
below_good,128,10,-306,-1,0.5337
below_good,128,15,-301,-1,0.5327
below_good,128,20,-296,-1,0.5269
below_good,128,25,-291,-1,0.5318
below_good,128,30,-286,-1,0.5415
below_good,128,35,-281,-1,0.5413
below_good,128,40,-276,-1,0.5412
below_good,128,45,-271,-1,0.5454
below_good,128,50,-266,-1,0.5495
below_good,128,55,-261,-1,0.5504
below_good,128,60,-256,-1,0.559
below_good,128,65,-251,-1,0.5618
below_good,128,70,-246,-1,0.5767
below_good,128,75,-241,-1,0.5827
below_good,128,80,-236,-1,0.5817
below_good,128,85,-231,-1,0.57
below_good,128,90,-226,-1,0.5688
below_good,128,95,-221,-1,0.5543
below_good,128,100,-216,-1,0.5422
below_good,128,105,-211,-1,0.5417
below_good,128,110,-206,-1,0.5484
below_good,128,115,-201,-1,0.547
below_good,128,120,-196,-1,0.5466
below_good,128,125,-191,-1,0.5448
below_good,128,130,-186,-1,0.5372
below_good,128,135,-181,-1,0.5353
below_good,128,140,-176,-1,0.5395
below_good,128,145,-171,-1,0.5402
below_good,128,150,-166,-1,0.5452
below_good,128,155,-161,-1,0.5548
below_good,128,160,-156,-1,0.5524
below_good,128,165,-151,-1,0.5451
below_good,128,170,-146,-1,0.5414
below_good,128,175,-141,-1,0.5353
below_good,128,180,-136,-1,0.5245
below_good,128,185,-131,-1,0.5183
below_good,128,190,-126,-1,0.5244
below_good,128,195,-121,-1,0.5254
below_good,128,200,-116,-1,0.522
below_good,128,205,-111,-1,0.5293
below_good,128,210,-106,-1,0.5255
below_good,128,215,-101,-1,0.5255
below_good,128,220,-96,-1,0.5276
below_good,128,225,-91,-1,0.5395
below_good,128,230,-86,-1,0.553
below_good,128,235,-81,-1,0.5639
below_good,128,240,-76,-1,0.5655
below_good,128,245,-71,-1,0.5671
below_good,128,250,-66,-1,0.5786
below_good,128,255,-61,-1,0.571
below_good,128,260,-56,-1,0.571
below_good,128,265,-51,-1,0.577
below_good,128,270,-46,-1,0.5815
below_good,128,275,-41,-1,0.574
below_good,128,280,-36,-1,0.5642
below_good,128,285,-31,-1,0.5725
below_good,128,290,-26,-1,0.5797
below_good,128,295,-21,-1,0.5845
below_good,128,300,-16,-1,0.5888
below_good,128,305,-11,-1,0.6078
below_good,128,310,-6,-1,0.6124
below_good,128,315,-1,-1,0.61
below_good,129,0,,-1,0.5347
below_good,129,5,,-1,0.5349
below_good,129,10,,-1,0.5353
below_good,129,15,,-1,0.538
below_good,129,20,,-1,0.5329
below_good,129,25,,-1,0.5351
below_good,129,30,,-1,0.5392
below_good,129,35,,-1,0.5458
below_good,129,40,,-1,0.5391
below_good,129,45,,-1,0.5348
below_good,129,50,,-1,0.532
below_good,129,55,,-1,0.5301
below_good,129,60,,-1,0.5338
below_good,129,65,,-1,0.5488
below_good,129,70,,-1,0.5709
below_good,129,75,,-1,0.5872
below_good,129,80,,-1,0.5989
below_good,129,85,,-1,0.5832
below_good,129,90,,-1,0.5701
below_good,129,95,,-1,0.5596
below_good,129,100,,-1,0.5467
below_good,129,105,,-1,0.5353
below_good,129,110,,-1,0.541
below_good,129,115,,-1,0.5491
below_good,129,120,,-1,0.5454
below_good,129,125,,-1,0.5463
below_good,129,130,,-1,0.5431
below_good,129,135,,-1,0.5497
below_good,129,140,,-1,0.5451
below_good,129,145,,-1,0.5462
below_good,129,150,,-1,0.5511
below_good,129,155,,-1,0.5637
below_good,129,160,,-1,0.5624
below_good,129,165,,-1,0.561
below_good,129,170,,-1,0.5649
below_good,129,175,,-1,0.5641
below_good,129,180,,-1,0.562
below_good,129,185,,-1,0.5541
below_good,129,190,,-1,0.5573
below_good,129,195,,-1,0.5546
below_good,129,200,,-1,0.5477
below_good,129,205,,-1,0.5342
below_good,129,210,,-1,0.5348
below_good,129,215,,-1,0.5223
below_good,129,220,,-1,0.5157
below_good,129,225,,-1,0.5155
below_good,129,230,,-1,0.5244
below_good,129,235,,-1,0.5276
below_good,129,240,,-1,0.5287
below_good,129,245,,-1,0.515
below_good,129,250,,-1,0.5163
below_good,129,255,,-1,0.4949
below_good,129,260,,-1,0.4448
below_good,129,265,,-1,0.4007
below_good,129,270,,-1,0.3975
below_good,129,275,,-1,0.3577
below_good,129,280,,-1,0.3287
below_good,129,285,,-1,0.3264
below_good,129,290,,-1,0.3165
below_good,129,295,,-1,0.2767
below_good,129,300,,-1,0.2628
below_good,129,305,,-1,0.2416
below_good,129,310,,-1,0.2329
below_good,129,315,,-1,0.2477
below_good,129,320,,-1,0.2564
below_good,129,325,,-1,0.2624
below_good,129,330,,-1,0.2893
below_good,129,335,,-1,0.3077
below_good,129,340,,-1,0.2972
below_good,129,345,,-1,0.2898
below_good,129,350,,-1,0.2823
below_good,129,355,,-1,0.2791
below_good,129,360,,-1,0.2806
below_good,129,365,,-1,0.3102
below_good,129,370,,-1,0.3375
below_good,129,375,,-1,0.3373
below_good,129,380,,-1,0.3317
below_good,129,385,,-1,0.3225
below_good,129,390,,-1,0.3077
below_good,129,395,,-1,0.2898
below_good,129,400,,-1,0.2765
below_good,129,405,,-1,0.2515
below_good,129,410,,-1,0.2401
below_good,129,415,,-1,0.2417
below_good,129,420,,-1,0.2109
below_good,129,425,,-1,0.221
below_good,129,430,,-1,0.2391
below_good,129,435,,-1,0.2497
below_good,129,440,,-1,0.2469
below_good,129,445,,-1,0.2994
below_good,129,450,,-1,0.3314
below_good,129,455,,-1,0.3611
below_good,129,460,,-1,0.3869
below_good,129,465,,-1,0.4006
below_good,129,470,,-1,0.3937
below_good,129,475,,-1,0.3917
below_good,129,480,,-1,0.3872
below_good,129,485,,-1,0.3751
below_good,129,490,,-1,0.3657
below_good,129,495,,-1,0.3885
below_good,129,500,,-1,0.3977
below_good,129,505,,-1,0.3991
below_good,129,510,,-1,0.3954
below_good,129,515,,-1,0.4063
below_good,129,520,,-1,0.3853
below_good,129,525,,-1,0.3864
below_good,129,530,,-1,0.3894
below_good,129,535,,-1,0.4056
below_good,130,0,-424,-1,0.5406
below_good,130,5,-419,-1,0.5331
below_good,130,10,-414,-1,0.5367
below_good,130,15,-409,-1,0.5374
below_good,130,20,-404,-1,0.5258
below_good,130,25,-399,-1,0.5305
below_good,130,30,-394,-1,0.5357
below_good,130,35,-389,-1,0.5378
below_good,130,40,-384,-1,0.5418
below_good,130,45,-379,-1,0.5483
below_good,130,50,-374,-1,0.5485
below_good,130,55,-369,-1,0.5502
below_good,130,60,-364,-1,0.5415
below_good,130,65,-359,-1,0.5276
below_good,130,70,-354,-1,0.5202
below_good,130,75,-349,-1,0.5162
below_good,130,80,-344,-1,0.516
below_good,130,85,-339,-1,0.5265
below_good,130,90,-334,-1,0.547
below_good,130,95,-329,-1,0.5592
below_good,130,100,-324,-1,0.5662
below_good,130,105,-319,-1,0.5718
below_good,130,110,-314,-1,0.5691
below_good,130,115,-309,-1,0.5527
below_good,130,120,-304,-1,0.5462
below_good,130,125,-299,-1,0.5343
below_good,130,130,-294,-1,0.527
below_good,130,135,-289,-1,0.5217
below_good,130,140,-284,-1,0.5315
below_good,130,145,-279,-1,0.5409
below_good,130,150,-274,-1,0.5469
below_good,130,155,-269,-1,0.5379
below_good,130,160,-264,-1,0.5429
below_good,130,165,-259,-1,0.5228
below_good,130,170,-254,-1,0.5104
below_good,130,175,-249,-1,0.5134
below_good,130,180,-244,-1,0.5259
below_good,130,185,-239,-1,0.5252
below_good,130,190,-234,-1,0.5412
below_good,130,195,-229,-1,0.5443
below_good,130,200,-224,-1,0.5352
below_good,130,205,-219,-1,0.5184
below_good,130,210,-214,-1,0.4999
below_good,130,215,-209,-1,0.474
below_good,130,220,-204,-1,0.4657
below_good,130,225,-199,-1,0.4569
below_good,130,230,-194,-1,0.4664
below_good,130,235,-189,-1,0.4858
below_good,130,240,-184,-1,0.5028
below_good,130,245,-179,-1,0.517
below_good,130,250,-174,-1,0.5284
below_good,130,255,-169,-1,0.5325
below_good,130,260,-164,-1,0.5259
below_good,130,265,-159,-1,0.5248
below_good,130,270,-154,-1,0.5189
below_good,130,275,-149,-1,0.5098
below_good,130,280,-144,-1,0.4993
below_good,130,285,-139,-1,0.4852
below_good,130,290,-134,-1,0.4886
below_good,130,295,-129,-1,0.4911
below_good,130,300,-124,-1,0.5082
below_good,130,305,-119,-1,0.5155
below_good,130,310,-114,-1,0.5271
below_good,130,315,-109,-1,0.5243
below_good,130,320,-104,-1,0.5156
below_good,130,325,-99,-1,0.4985
below_good,130,330,-94,-1,0.4935
below_good,130,335,-89,-1,0.4932
below_good,130,340,-84,-1,0.4938
below_good,130,345,-79,-1,0.492
below_good,130,350,-74,-1,0.509
below_good,130,355,-69,-1,0.5118
below_good,130,360,-64,-1,0.5351
below_good,130,365,-59,-1,0.5458
below_good,130,370,-54,-1,0.5618
below_good,130,375,-49,-1,0.5608
below_good,130,380,-44,-1,0.5678
below_good,130,385,-39,-1,0.553
below_good,130,390,-34,-1,0.5536
below_good,130,395,-29,-1,0.5608
below_good,130,400,-24,-1,0.5753
below_good,130,405,-19,-1,0.5888
below_good,130,410,-14,-1,0.5983
below_good,130,415,-9,-1,0.6061
below_good,130,420,-4,-1,0.5926
below_good,130,425,1,-1,0.5872
below_good,130,430,6,-1,0.5777
below_good,130,435,11,-1,0.5652
below_good,130,440,16,-1,0.555
below_good,130,445,21,-1,0.5622
below_good,130,450,26,-1,0.549
below_good,132,0,-322,-1,0.5442
below_good,132,5,-317,-1,0.5447
below_good,132,10,-312,-1,0.5428
below_good,132,15,-307,-1,0.5415
below_good,132,20,-302,-1,0.5439
below_good,132,25,-297,-1,0.5518
below_good,132,30,-292,-1,0.5551
below_good,132,35,-287,-1,0.5548
below_good,132,40,-282,-1,0.5602
below_good,132,45,-277,-1,0.5502
below_good,132,50,-272,-1,0.5461
below_good,132,55,-267,-1,0.5506
below_good,132,60,-262,-1,0.5541
below_good,132,65,-257,-1,0.551
below_good,132,70,-252,-1,0.5456
below_good,132,75,-247,-1,0.5439
below_good,132,80,-242,-1,0.5387
below_good,132,85,-237,-1,0.5301
below_good,132,90,-232,-1,0.5311
below_good,132,95,-227,-1,0.5426
below_good,132,100,-222,-1,0.5384
below_good,132,105,-217,-1,0.5332
below_good,132,110,-212,-1,0.5464
below_good,132,115,-207,-1,0.5488
below_good,132,120,-202,-1,0.56
below_good,132,125,-197,-1,0.568
below_good,132,130,-192,-1,0.5737
below_good,132,135,-187,-1,0.5666
below_good,132,140,-182,-1,0.5646
below_good,132,145,-177,-1,0.547
below_good,132,150,-172,-1,0.5437
below_good,132,155,-167,-1,0.5417
below_good,132,160,-162,-1,0.5436
below_good,132,165,-157,-1,0.5347
below_good,132,170,-152,-1,0.5249
below_good,132,175,-147,-1,0.5166
below_good,132,180,-142,-1,0.5054
below_good,132,185,-137,-1,0.5044
below_good,132,190,-132,-1,0.5106
below_good,132,195,-127,-1,0.5329
below_good,132,200,-122,-1,0.5357
below_good,132,205,-117,-1,0.5429
below_good,132,210,-112,-1,0.5319
below_good,132,215,-107,-1,0.526
below_good,132,220,-102,-1,0.5229
below_good,132,225,-97,-1,0.5313
below_good,132,230,-92,-1,0.5243
below_good,132,235,-87,-1,0.5368
below_good,132,240,-82,-1,0.528
below_good,132,245,-77,-1,0.5199
below_good,132,250,-72,-1,0.5208
below_good,132,255,-67,-1,0.5302
below_good,132,260,-62,-1,0.5372
below_good,132,265,-57,-1,0.5558
below_good,132,270,-52,-1,0.5625
below_good,132,275,-47,-1,0.5616
below_good,132,280,-42,-1,0.5577
below_good,132,285,-37,-1,0.5549
below_good,132,290,-32,-1,0.5508
below_good,132,295,-27,-1,0.5524
below_good,132,300,-22,-1,0.5557
below_good,132,305,-17,-1,0.5635
below_good,132,310,-12,-1,0.5716
below_good,132,315,-7,-1,0.58
below_good,132,320,-2,-1,0.5838
below_good,132,325,3,-1,0.5867
below_good,133,0,-348,-1,0.5353
below_good,133,5,-343,-1,0.5348
below_good,133,10,-338,-1,0.5345
below_good,133,15,-333,-1,0.5409
below_good,133,20,-328,-1,0.5364
below_good,133,25,-323,-1,0.5429
below_good,133,30,-318,-1,0.5465
below_good,133,35,-313,-1,0.5503
below_good,133,40,-308,-1,0.5452
below_good,133,45,-303,-1,0.5547
below_good,133,50,-298,-1,0.5509
below_good,133,55,-293,-1,0.5532
below_good,133,60,-288,-1,0.5515
below_good,133,65,-283,-1,0.5542
below_good,133,70,-278,-1,0.5484
below_good,133,75,-273,-1,0.5555
below_good,133,80,-268,-1,0.5616
below_good,133,85,-263,-1,0.5647
below_good,133,90,-258,-1,0.5729
below_good,133,95,-253,-1,0.5835
below_good,133,100,-248,-1,0.5777
below_good,133,105,-243,-1,0.5682
below_good,133,110,-238,-1,0.5641
below_good,133,115,-233,-1,0.5527
below_good,133,120,-228,-1,0.5392
below_good,133,125,-223,-1,0.5364
below_good,133,130,-218,-1,0.5236
below_good,133,135,-213,-1,0.5193
below_good,133,140,-208,-1,0.5186
below_good,133,145,-203,-1,0.5195
below_good,133,150,-198,-1,0.516
below_good,133,155,-193,-1,0.5253
below_good,133,160,-188,-1,0.5289
below_good,133,165,-183,-1,0.5304
below_good,133,170,-178,-1,0.5386
below_good,133,175,-173,-1,0.5423
below_good,133,180,-168,-1,0.542
below_good,133,185,-163,-1,0.5446
below_good,133,190,-158,-1,0.5485
below_good,133,195,-153,-1,0.5431
below_good,133,200,-148,-1,0.5455
below_good,133,205,-143,-1,0.553
below_good,133,210,-138,-1,0.5496
below_good,133,215,-133,-1,0.542
below_good,133,220,-128,-1,0.5344
below_good,133,225,-123,-1,0.5337
below_good,133,230,-118,-1,0.5281
below_good,133,235,-113,-1,0.5285
below_good,133,240,-108,-1,0.5318
below_good,133,245,-103,-1,0.5314
below_good,133,250,-98,-1,0.5259
below_good,133,255,-93,-1,0.5144
below_good,133,260,-88,-1,0.5127
below_good,133,265,-83,-1,0.5047
below_good,133,270,-78,-1,0.503
below_good,133,275,-73,-1,0.5063
below_good,133,280,-68,-1,0.5287
below_good,133,285,-63,-1,0.5327
below_good,133,290,-58,-1,0.549
below_good,133,295,-53,-1,0.5637
below_good,133,300,-48,-1,0.573
below_good,133,305,-43,-1,0.562
below_good,133,310,-38,-1,0.5681
below_good,133,315,-33,-1,0.5653
below_good,133,320,-28,-1,0.562
below_good,133,325,-23,-1,0.5574
below_good,133,330,-18,-1,0.5678
below_good,133,335,-13,-1,0.5689
below_good,133,340,-8,-1,0.5718
below_good,133,345,-3,-1,0.5793
below_good,133,350,2,-1,0.5869
below_good,134,0,-385,-1,0.5076
below_good,134,5,-380,-1,0.5166
below_good,134,10,-375,-1,0.5196
below_good,134,15,-370,-1,0.5221
below_good,134,20,-365,-1,0.5303
below_good,134,25,-360,-1,0.5325
below_good,134,30,-355,-1,0.5242
below_good,134,35,-350,-1,0.5277
below_good,134,40,-345,-1,0.5269
below_good,134,45,-340,-1,0.5249
below_good,134,50,-335,-1,0.5304
below_good,134,55,-330,-1,0.5467
below_good,134,60,-325,-1,0.5584
below_good,134,65,-320,-1,0.5611
below_good,134,70,-315,-1,0.5669
below_good,134,75,-310,-1,0.5688
below_good,134,80,-305,-1,0.5569
below_good,134,85,-300,-1,0.5496
below_good,134,90,-295,-1,0.5547
below_good,134,95,-290,-1,0.5403
below_good,134,100,-285,-1,0.5451
below_good,134,105,-280,-1,0.55
below_good,134,110,-275,-1,0.5413
below_good,134,115,-270,-1,0.5273
below_good,134,120,-265,-1,0.5346
below_good,134,125,-260,-1,0.5286
below_good,134,130,-255,-1,0.5218
below_good,134,135,-250,-1,0.52
below_good,134,140,-245,-1,0.5268
below_good,134,145,-240,-1,0.5243
below_good,134,150,-235,-1,0.5279
below_good,134,155,-230,-1,0.5358
below_good,134,160,-225,-1,0.5385
below_good,134,165,-220,-1,0.5405
below_good,134,170,-215,-1,0.5389
below_good,134,175,-210,-1,0.5199
below_good,134,180,-205,-1,0.5177
below_good,134,185,-200,-1,0.5137
below_good,134,190,-195,-1,0.5193
below_good,134,195,-190,-1,0.5276
below_good,134,200,-185,-1,0.5497
below_good,134,205,-180,-1,0.5541
below_good,134,210,-175,-1,0.5693
below_good,134,215,-170,-1,0.5596
below_good,134,220,-165,-1,0.5616
below_good,134,225,-160,-1,0.5596
below_good,134,230,-155,-1,0.5499
below_good,134,235,-150,-1,0.5417
below_good,134,240,-145,-1,0.5476
below_good,134,245,-140,-1,0.5428
below_good,134,250,-135,-1,0.5398
below_good,134,255,-130,-1,0.5502
below_good,134,260,-125,-1,0.5505
below_good,134,265,-120,-1,0.5505
below_good,134,270,-115,-1,0.5462
below_good,134,275,-110,-1,0.5306
below_good,134,280,-105,-1,0.5225
below_good,134,285,-100,-1,0.5153
below_good,134,290,-95,-1,0.5013
below_good,134,295,-90,-1,0.498
below_good,134,300,-85,-1,0.5136
below_good,134,305,-80,-1,0.5162
below_good,134,310,-75,-1,0.5242
below_good,134,315,-70,-1,0.5323
below_good,134,320,-65,-1,0.5446
below_good,134,325,-60,-1,0.5529
below_good,134,330,-55,-1,0.5588
below_good,134,335,-50,-1,0.561
below_good,134,340,-45,-1,0.5637
below_good,134,345,-40,-1,0.5705
below_good,134,350,-35,-1,0.5633
below_good,134,355,-30,-1,0.5628
below_good,134,360,-25,-1,0.5611
below_good,134,365,-20,-1,0.5708
below_good,134,370,-15,-1,0.5695
below_good,134,375,-10,-1,0.5902
below_good,134,380,-5,-1,0.5932
below_good,134,385,0,-1,0.5958
below_good,134,390,5,-1,0.5906
below_good,134,395,10,-1,0.5912
below_good,134,400,15,-1,0.5683
below_good,136,0,-637,-1,0.5416
below_good,136,5,-632,-1,0.5427
below_good,136,10,-627,-1,0.5397
below_good,136,15,-622,-1,0.5401
below_good,136,20,-617,-1,0.5474
below_good,136,25,-612,-1,0.5615
below_good,136,30,-607,-1,0.5647
below_good,136,35,-602,-1,0.5643
below_good,136,40,-597,-1,0.5576
below_good,136,45,-592,-1,0.5509
below_good,136,50,-587,-1,0.5323
below_good,136,55,-582,-1,0.5211
below_good,136,60,-577,-1,0.517
below_good,136,65,-572,-1,0.5234
below_good,136,70,-567,-1,0.5274
below_good,136,75,-562,-1,0.5292
below_good,136,80,-557,-1,0.5431
below_good,136,85,-552,-1,0.5518
below_good,136,90,-547,-1,0.5563
below_good,136,95,-542,-1,0.5497
below_good,136,100,-537,-1,0.566
below_good,136,105,-532,-1,0.5582
below_good,136,110,-527,-1,0.5442
below_good,136,115,-522,-1,0.5368
below_good,136,120,-517,-1,0.5304
below_good,136,125,-512,-1,0.5168
below_good,136,130,-507,-1,0.5277
below_good,136,135,-502,-1,0.5314
below_good,136,140,-497,-1,0.5342
below_good,136,145,-492,-1,0.5346
below_good,136,150,-487,-1,0.5288
below_good,136,155,-482,-1,0.5086
below_good,136,160,-477,-1,0.5039
below_good,136,165,-472,-1,0.4891
below_good,136,170,-467,-1,0.4925
below_good,136,175,-462,-1,0.4891
below_good,136,180,-457,-1,0.5012
below_good,136,185,-452,-1,0.5085
below_good,136,190,-447,-1,0.5252
below_good,136,195,-442,-1,0.526
below_good,136,200,-437,-1,0.5369
below_good,136,205,-432,-1,0.5253
below_good,136,210,-427,-1,0.5167
below_good,136,215,-422,-1,0.5074
below_good,136,220,-417,-1,0.493
below_good,136,225,-412,-1,0.4791
below_good,136,230,-407,-1,0.4751
below_good,136,235,-402,-1,0.4833
below_good,136,240,-397,-1,0.485
below_good,136,245,-392,-1,0.488
below_good,136,250,-387,-1,0.4914
below_good,136,255,-382,-1,0.4926
below_good,136,260,-377,-1,0.4845
below_good,136,265,-372,-1,0.4726
below_good,136,270,-367,-1,0.4721
below_good,136,275,-362,-1,0.4659
below_good,136,280,-357,-1,0.4705
below_good,136,285,-352,-1,0.4832
below_good,136,290,-347,-1,0.4895
below_good,136,295,-342,-1,0.5059
below_good,136,300,-337,-1,0.5206
below_good,136,305,-332,-1,0.5209
below_good,136,310,-327,-1,0.5176
below_good,136,315,-322,-1,0.5186
below_good,136,320,-317,-1,0.5034
below_good,136,325,-312,-1,0.5048
below_good,136,330,-307,-1,0.4951
below_good,136,335,-302,-1,0.4959
below_good,136,340,-297,-1,0.4966
below_good,136,345,-292,-1,0.5047
below_good,136,350,-287,-1,0.4924
below_good,136,355,-282,-1,0.5006
below_good,136,360,-277,-1,0.4933
below_good,136,365,-272,-1,0.4997
below_good,136,370,-267,-1,0.475
below_good,136,375,-262,-1,0.4684
below_good,136,380,-257,-1,0.4223
below_good,136,385,-252,-1,0.3767
below_good,136,390,-247,-1,0.3163
below_good,136,395,-242,-1,0.2832
below_good,136,400,-237,-1,0.254
below_good,136,405,-232,-1,0.2402
below_good,136,410,-227,-1,0.2267
below_good,136,415,-222,-1,0.2204
below_good,136,420,-217,-1,0.2145
below_good,136,425,-212,-1,0.2008
below_good,136,430,-207,-1,0.2092
below_good,136,435,-202,-1,0.2182
below_good,136,440,-197,-1,0.2163
below_good,136,445,-192,-1,0.2191
below_good,136,450,-187,-1,0.2233
below_good,136,455,-182,-1,0.235
below_good,136,460,-177,-1,0.241
below_good,136,465,-172,-1,0.2531
below_good,136,470,-167,-1,0.2777
below_good,136,475,-162,-1,0.2874
below_good,136,480,-157,-1,0.2878
below_good,136,485,-152,-1,0.2805
below_good,136,490,-147,-1,0.3012
below_good,136,495,-142,-1,0.2743
below_good,136,500,-137,-1,0.2501
below_good,136,505,-132,-1,0.2153
below_good,136,510,-127,-1,0.1957
below_good,136,515,-122,-1,0.1503
below_good,136,520,-117,-1,0.1445
below_good,136,525,-112,-1,0.1499
below_good,136,530,-107,-1,0.1683
below_good,136,535,-102,-1,0.18
below_good,136,540,-97,-1,0.1809
below_good,136,545,-92,-1,0.1942
below_good,136,550,-87,-1,0.2009
below_good,136,555,-82,-1,0.2026
below_good,136,560,-77,-1,0.2167
below_good,136,565,-72,-1,0.241
below_good,136,570,-67,-1,0.2338
below_good,136,575,-62,-1,0.2401
below_good,136,580,-57,-1,0.253
below_good,136,585,-52,-1,0.2653
below_good,136,590,-47,-1,0.2831
below_good,136,595,-42,-1,0.3315
below_good,136,600,-37,-1,0.3415
below_good,136,605,-32,-1,0.3616
below_good,136,610,-27,-1,0.3825
below_good,136,615,-22,-1,0.3764
below_good,136,620,-17,-1,0.3542
below_good,136,625,-12,-1,0.4005
below_good,136,630,-7,-1,0.4201
below_good,136,635,-2,-1,0.4194
below_good,136,640,3,-1,0.4638
below_good,137,0,-321,-1,0.5414
below_good,137,5,-316,-1,0.5411
below_good,137,10,-311,-1,0.5405
below_good,137,15,-306,-1,0.5404
below_good,137,20,-301,-1,0.5398
below_good,137,25,-296,-1,0.5438
below_good,137,30,-291,-1,0.5443
below_good,137,35,-286,-1,0.5419
below_good,137,40,-281,-1,0.5404
below_good,137,45,-276,-1,0.5386
below_good,137,50,-271,-1,0.539
below_good,137,55,-266,-1,0.5461
below_good,137,60,-261,-1,0.5534
below_good,137,65,-256,-1,0.5572
below_good,137,70,-251,-1,0.5627
below_good,137,75,-246,-1,0.5727
below_good,137,80,-241,-1,0.5639
below_good,137,85,-236,-1,0.5638
below_good,137,90,-231,-1,0.5811
below_good,137,95,-226,-1,0.5877
below_good,137,100,-221,-1,0.5711
below_good,137,105,-216,-1,0.5718
below_good,137,110,-211,-1,0.5692
below_good,137,115,-206,-1,0.5499
below_good,137,120,-201,-1,0.5319
below_good,137,125,-196,-1,0.5306
below_good,137,130,-191,-1,0.5351
below_good,137,135,-186,-1,0.5363
below_good,137,140,-181,-1,0.5348
below_good,137,145,-176,-1,0.5311
below_good,137,150,-171,-1,0.5301
below_good,137,155,-166,-1,0.5198
below_good,137,160,-161,-1,0.519
below_good,137,165,-156,-1,0.5267
below_good,137,170,-151,-1,0.537
below_good,137,175,-146,-1,0.5431
below_good,137,180,-141,-1,0.5547
below_good,137,185,-136,-1,0.5481
below_good,137,190,-131,-1,0.5356
below_good,137,195,-126,-1,0.5282
below_good,137,200,-121,-1,0.529
below_good,137,205,-116,-1,0.5222
below_good,137,210,-111,-1,0.5146
below_good,137,215,-106,-1,0.5177
below_good,137,220,-101,-1,0.5226
below_good,137,225,-96,-1,0.522
below_good,137,230,-91,-1,0.5135
below_good,137,235,-86,-1,0.5348
below_good,137,240,-81,-1,0.5465
below_good,137,245,-76,-1,0.5468
below_good,137,250,-71,-1,0.5518
below_good,137,255,-66,-1,0.574
below_good,137,260,-61,-1,0.5695
below_good,137,265,-56,-1,0.5687
below_good,137,270,-51,-1,0.5817
below_good,137,275,-46,-1,0.5845
below_good,137,280,-41,-1,0.575
below_good,137,285,-36,-1,0.5706
below_good,137,290,-31,-1,0.5673
below_good,137,295,-26,-1,0.5566
below_good,137,300,-21,-1,0.5551
below_good,137,305,-16,-1,0.553
below_good,137,310,-11,-1,0.5665
below_good,137,315,-6,-1,0.5695
below_good,137,320,-1,-1,0.577
below_good,137,325,4,-1,0.5783
below_good,138,0,,-1,0.5326
below_good,138,5,,-1,0.5335
below_good,138,10,,-1,0.5351
below_good,138,15,,-1,0.537
below_good,138,20,,-1,0.5356
below_good,138,25,,-1,0.545
below_good,138,30,,-1,0.557
below_good,138,35,,-1,0.559
below_good,138,40,,-1,0.5602
below_good,138,45,,-1,0.5599
below_good,138,50,,-1,0.5496
below_good,138,55,,-1,0.5396
below_good,138,60,,-1,0.5392
below_good,138,65,,-1,0.5337
below_good,138,70,,-1,0.5287
below_good,138,75,,-1,0.5282
below_good,138,80,,-1,0.529
below_good,138,85,,-1,0.5306
below_good,138,90,,-1,0.5347
below_good,138,95,,-1,0.5585
below_good,138,100,,-1,0.5635
below_good,138,105,,-1,0.5622
below_good,138,110,,-1,0.5656
below_good,138,115,,-1,0.5763
below_good,138,120,,-1,0.5646
below_good,138,125,,-1,0.5639
below_good,138,130,,-1,0.5673
below_good,138,135,,-1,0.5624
below_good,138,140,,-1,0.5502
below_good,138,145,,-1,0.535
below_good,138,150,,-1,0.526
below_good,138,155,,-1,0.5143
below_good,138,160,,-1,0.5085
below_good,138,165,,-1,0.5117
below_good,138,170,,-1,0.5272
below_good,138,175,,-1,0.5436
below_good,138,180,,-1,0.557
below_good,138,185,,-1,0.564
below_good,138,190,,-1,0.5593
below_good,138,195,,-1,0.5562
below_good,138,200,,-1,0.5515
below_good,138,205,,-1,0.5559
below_good,138,210,,-1,0.556
below_good,138,215,,-1,0.5667
below_good,138,220,,-1,0.5754
below_good,138,225,,-1,0.578
below_good,138,230,,-1,0.5684
below_good,138,235,,-1,0.567
below_good,138,240,,-1,0.5579
below_good,138,245,,-1,0.554
below_good,138,250,,-1,0.5496
below_good,138,255,,-1,0.5494
below_good,138,260,,-1,0.5476
below_good,138,265,,-1,0.5459
below_good,138,270,,-1,0.5345
below_good,138,275,,-1,0.53
below_good,138,280,,-1,0.5293
below_good,138,285,,-1,0.5313
below_good,138,290,,-1,0.5329
below_good,138,295,,-1,0.5374
below_good,138,300,,-1,0.5391
below_good,138,305,,-1,0.538
below_good,138,310,,-1,0.5319
below_good,138,315,,-1,0.5433
below_good,138,320,,-1,0.5503
below_good,138,325,,-1,0.5541
below_good,138,330,,-1,0.5598
below_good,138,335,,-1,0.5617
below_good,138,340,,-1,0.5419
below_good,138,345,,-1,0.5425
below_good,138,350,,-1,0.5431
below_good,138,355,,-1,0.5416
below_good,138,360,,-1,0.5515
below_good,138,365,,-1,0.5674
below_good,139,0,-306,-1,0.5223
below_good,139,5,-301,-1,0.5242
below_good,139,10,-296,-1,0.5298
below_good,139,15,-291,-1,0.5364
below_good,139,20,-286,-1,0.5308
below_good,139,25,-281,-1,0.5298
below_good,139,30,-276,-1,0.5358
below_good,139,35,-271,-1,0.5369
below_good,139,40,-266,-1,0.5342
below_good,139,45,-261,-1,0.5436
below_good,139,50,-256,-1,0.5492
below_good,139,55,-251,-1,0.541
below_good,139,60,-246,-1,0.5399
below_good,139,65,-241,-1,0.5407
below_good,139,70,-236,-1,0.544
below_good,139,75,-231,-1,0.537
below_good,139,80,-226,-1,0.5295
below_good,139,85,-221,-1,0.5201
below_good,139,90,-216,-1,0.5044
below_good,139,95,-211,-1,0.4966
below_good,139,100,-206,-1,0.4921
below_good,139,105,-201,-1,0.4925
below_good,139,110,-196,-1,0.5017
below_good,139,115,-191,-1,0.5125
below_good,139,120,-186,-1,0.5141
below_good,139,125,-181,-1,0.5245
below_good,139,130,-176,-1,0.5357
below_good,139,135,-171,-1,0.5336
below_good,139,140,-166,-1,0.5352
below_good,139,145,-161,-1,0.5336
below_good,139,150,-156,-1,0.5321
below_good,139,155,-151,-1,0.5275
below_good,139,160,-146,-1,0.5149
below_good,139,165,-141,-1,0.5027
below_good,139,170,-136,-1,0.5013
below_good,139,175,-131,-1,0.4816
below_good,139,180,-126,-1,0.4793
below_good,139,185,-121,-1,0.4836
below_good,139,190,-116,-1,0.4826
below_good,139,195,-111,-1,0.473
below_good,139,200,-106,-1,0.4845
below_good,139,205,-101,-1,0.4847
below_good,139,210,-96,-1,0.4848
below_good,139,215,-91,-1,0.4929
below_good,139,220,-86,-1,0.4882
below_good,139,225,-81,-1,0.4885
below_good,139,230,-76,-1,0.4921
below_good,139,235,-71,-1,0.49
below_good,139,240,-66,-1,0.4929
below_good,139,245,-61,-1,0.5045
below_good,139,250,-56,-1,0.5132
below_good,139,255,-51,-1,0.5166
below_good,139,260,-46,-1,0.5161
below_good,139,265,-41,-1,0.4892
below_good,139,270,-36,-1,0.4851
below_good,139,275,-31,-1,0.464
below_good,139,280,-26,-1,0.4358
below_good,139,285,-21,-1,0.4126
below_good,139,290,-16,-1,0.3929
below_good,139,295,-11,-1,0.3866
below_good,139,300,-6,-1,0.3476
below_good,139,305,-1,-1,0.3107
below_good,139,310,4,-1,0.3027
below_good,139,315,9,-1,0.3009
below_good,139,320,14,-1,0.2684
below_good,139,325,19,-1,0.2601
below_good,139,330,24,-1,0.2531
below_good,139,335,29,-1,0.2293
below_good,139,340,34,-1,0.2079
below_good,139,345,39,-1,0.2013
below_good,139,350,44,-1,0.203
below_good,139,355,49,-1,0.2195
below_good,139,360,54,-1,0.2413
below_good,139,365,59,-1,0.2823
below_good,139,370,64,-1,0.2948
below_good,139,375,69,-1,0.3015
below_good,139,380,74,-1,0.3188
below_good,139,385,79,-1,0.3491
below_good,139,390,84,-1,0.3717
below_good,139,395,89,-1,0.4049
below_good,139,400,94,-1,0.4565
below_good,139,405,99,-1,0.4749
below_good,139,410,104,-1,0.4551
below_good,139,415,109,-1,0.4354
below_good,139,420,114,-1,0.4249
below_good,139,425,119,-1,0.4142
below_good,139,430,124,-1,0.4231
below_good,139,435,129,-1,0.4488
below_good,139,440,134,-1,0.4911
below_good,139,445,139,-1,0.483
below_good,139,450,144,-1,0.472
below_good,139,455,149,-1,0.4855
below_good,139,460,154,-1,0.486
below_good,139,465,159,-1,0.4517
below_good,140,0,-457,-1,0.5317
below_good,140,5,-452,-1,0.5317
below_good,140,10,-447,-1,0.5293
below_good,140,15,-442,-1,0.5293
below_good,140,20,-437,-1,0.5403
below_good,140,25,-432,-1,0.5474
below_good,140,30,-427,-1,0.5544
below_good,140,35,-422,-1,0.557
below_good,140,40,-417,-1,0.5616
below_good,140,45,-412,-1,0.5633
below_good,140,50,-407,-1,0.5627
below_good,140,55,-402,-1,0.5555
below_good,140,60,-397,-1,0.5587
below_good,140,65,-392,-1,0.5553
below_good,140,70,-387,-1,0.5534
below_good,140,75,-382,-1,0.5456
below_good,140,80,-377,-1,0.5399
below_good,140,85,-372,-1,0.5318
below_good,140,90,-367,-1,0.5188
below_good,140,95,-362,-1,0.5084
below_good,140,100,-357,-1,0.5076
below_good,140,105,-352,-1,0.5134
below_good,140,110,-347,-1,0.5221
below_good,140,115,-342,-1,0.5386
below_good,140,120,-337,-1,0.5389
below_good,140,125,-332,-1,0.5449
below_good,140,130,-327,-1,0.5501
below_good,140,135,-322,-1,0.5544
below_good,140,140,-317,-1,0.5528
below_good,140,145,-312,-1,0.5532
below_good,140,150,-307,-1,0.5448
below_good,140,155,-302,-1,0.5465
below_good,140,160,-297,-1,0.5333
below_good,140,165,-292,-1,0.5289
below_good,140,170,-287,-1,0.5254
below_good,140,175,-282,-1,0.5223
below_good,140,180,-277,-1,0.5108
below_good,140,185,-272,-1,0.5234
below_good,140,190,-267,-1,0.523
below_good,140,195,-262,-1,0.5201
below_good,140,200,-257,-1,0.521
below_good,140,205,-252,-1,0.5217
below_good,140,210,-247,-1,0.511
below_good,140,215,-242,-1,0.5051
below_good,140,220,-237,-1,0.5163
below_good,140,225,-232,-1,0.5232
below_good,140,230,-227,-1,0.532
below_good,140,235,-222,-1,0.5379
below_good,140,240,-217,-1,0.5483
below_good,140,245,-212,-1,0.5296
below_good,140,250,-207,-1,0.5263
below_good,140,255,-202,-1,0.5201
below_good,140,260,-197,-1,0.5091
below_good,140,265,-192,-1,0.5017
below_good,140,270,-187,-1,0.5078
below_good,140,275,-182,-1,0.4995
below_good,140,280,-177,-1,0.4945
below_good,140,285,-172,-1,0.4978
below_good,140,290,-167,-1,0.5046
below_good,140,295,-162,-1,0.5075
below_good,140,300,-157,-1,0.5135
below_good,140,305,-152,-1,0.5182
below_good,140,310,-147,-1,0.5222
below_good,140,315,-142,-1,0.5247
below_good,140,320,-137,-1,0.5253
below_good,140,325,-132,-1,0.5301
below_good,140,330,-127,-1,0.5275
below_good,140,335,-122,-1,0.5277
below_good,140,340,-117,-1,0.5214
below_good,140,345,-112,-1,0.5258
below_good,140,350,-107,-1,0.5221
below_good,140,355,-102,-1,0.5206
below_good,140,360,-97,-1,0.5137
below_good,140,365,-92,-1,0.5077
below_good,140,370,-87,-1,0.5036
below_good,140,375,-82,-1,0.5058
below_good,140,380,-77,-1,0.5043
below_good,140,385,-72,-1,0.5118
below_good,140,390,-67,-1,0.5148
below_good,140,395,-62,-1,0.5173
below_good,140,400,-57,-1,0.5247
below_good,140,405,-52,-1,0.553
below_good,140,410,-47,-1,0.5585
below_good,140,415,-42,-1,0.5675
below_good,140,420,-37,-1,0.5746
below_good,140,425,-32,-1,0.5828
below_good,140,430,-27,-1,0.5685
below_good,140,435,-22,-1,0.5769
below_good,140,440,-17,-1,0.5824
below_good,140,445,-12,-1,0.5981
below_good,140,450,-7,-1,0.5888
below_good,140,455,-2,-1,0.5873
below_good,140,460,3,-1,0.5662
below_good,140,465,8,-1,0.5472
below_good,140,470,13,-1,0.5215
below_good,140,475,18,-1,0.5321
below_good,140,480,23,-1,0.5297
below_good,140,485,28,-1,0.5393
below_good,140,490,33,-1,0.5553
below_good,140,495,38,-1,0.5685
below_good,141,0,-412,-1,0.5443
below_good,141,5,-407,-1,0.5394
below_good,141,10,-402,-1,0.5486
below_good,141,15,-397,-1,0.5521
below_good,141,20,-392,-1,0.5537
below_good,141,25,-387,-1,0.5599
below_good,141,30,-382,-1,0.5626
below_good,141,35,-377,-1,0.5593
below_good,141,40,-372,-1,0.5609
below_good,141,45,-367,-1,0.568
below_good,141,50,-362,-1,0.5651
below_good,141,55,-357,-1,0.5706
below_good,141,60,-352,-1,0.5756
below_good,141,65,-347,-1,0.5717
below_good,141,70,-342,-1,0.5616
below_good,141,75,-337,-1,0.5675
below_good,141,80,-332,-1,0.5814
below_good,141,85,-327,-1,0.5894
below_good,141,90,-322,-1,0.6013
below_good,141,95,-317,-1,0.5961
below_good,141,100,-312,-1,0.5901
below_good,141,105,-307,-1,0.5727
below_good,141,110,-302,-1,0.5577
below_good,141,115,-297,-1,0.5419
below_good,141,120,-292,-1,0.5515
below_good,141,125,-287,-1,0.5489
below_good,141,130,-282,-1,0.5431
below_good,141,135,-277,-1,0.5447
below_good,141,140,-272,-1,0.5442
below_good,141,145,-267,-1,0.5249
below_good,141,150,-262,-1,0.5223
below_good,141,155,-257,-1,0.5226
below_good,141,160,-252,-1,0.5014
below_good,141,165,-247,-1,0.4894
below_good,141,170,-242,-1,0.5063
below_good,141,175,-237,-1,0.5042
below_good,141,180,-232,-1,0.5013
below_good,141,185,-227,-1,0.5102
below_good,141,190,-222,-1,0.516
below_good,141,195,-217,-1,0.5036
below_good,141,200,-212,-1,0.4951
below_good,141,205,-207,-1,0.4869
below_good,141,210,-202,-1,0.4773
below_good,141,215,-197,-1,0.4742
below_good,141,220,-192,-1,0.4657
below_good,141,225,-187,-1,0.4715
below_good,141,230,-182,-1,0.4774
below_good,141,235,-177,-1,0.4815
below_good,141,240,-172,-1,0.4988
below_good,141,245,-167,-1,0.5173
below_good,141,250,-162,-1,0.5298
below_good,141,255,-157,-1,0.5396
below_good,141,260,-152,-1,0.5559
below_good,141,265,-147,-1,0.5559
below_good,141,270,-142,-1,0.5573
below_good,141,275,-137,-1,0.5456
below_good,141,280,-132,-1,0.5474
below_good,141,285,-127,-1,0.5309
below_good,141,290,-122,-1,0.5149
below_good,141,295,-117,-1,0.5018
below_good,141,300,-112,-1,0.4962
below_good,141,305,-107,-1,0.4854
below_good,141,310,-102,-1,0.4883
below_good,141,315,-97,-1,0.493
below_good,141,320,-92,-1,0.4907
below_good,141,325,-87,-1,0.4875
below_good,141,330,-82,-1,0.4927
below_good,141,335,-77,-1,0.5026
below_good,141,340,-72,-1,0.5129
below_good,141,345,-67,-1,0.523
below_good,141,350,-62,-1,0.5381
below_good,141,355,-57,-1,0.5534
below_good,141,360,-52,-1,0.547
below_good,141,365,-47,-1,0.5403
below_good,141,370,-42,-1,0.5442
below_good,141,375,-37,-1,0.5401
below_good,141,380,-32,-1,0.5352
below_good,141,385,-27,-1,0.5553
below_good,141,390,-22,-1,0.567
below_good,141,395,-17,-1,0.5699
below_good,141,400,-12,-1,0.5891
below_good,141,405,-7,-1,0.5934
below_good,141,410,-2,-1,0.5894
below_good,142,0,-371,-1,0.5353
below_good,142,5,-366,-1,0.5338
below_good,142,10,-361,-1,0.5349
below_good,142,15,-356,-1,0.5345
below_good,142,20,-351,-1,0.5318
below_good,142,25,-346,-1,0.537
below_good,142,30,-341,-1,0.532
below_good,142,35,-336,-1,0.5328
below_good,142,40,-331,-1,0.5347
below_good,142,45,-326,-1,0.5412
below_good,142,50,-321,-1,0.5379
below_good,142,55,-316,-1,0.5513
below_good,142,60,-311,-1,0.5578
below_good,142,65,-306,-1,0.5586
below_good,142,70,-301,-1,0.553
below_good,142,75,-296,-1,0.5575
below_good,142,80,-291,-1,0.5545
below_good,142,85,-286,-1,0.5457
below_good,142,90,-281,-1,0.5451
below_good,142,95,-276,-1,0.5556
below_good,142,100,-271,-1,0.5563
below_good,142,105,-266,-1,0.5632
below_good,142,110,-261,-1,0.5681
below_good,142,115,-256,-1,0.5678
below_good,142,120,-251,-1,0.5557
below_good,142,125,-246,-1,0.5456
below_good,142,130,-241,-1,0.5316
below_good,142,135,-236,-1,0.5257
below_good,142,140,-231,-1,0.5274
below_good,142,145,-226,-1,0.5307
below_good,142,150,-221,-1,0.5382
below_good,142,155,-216,-1,0.5385
below_good,142,160,-211,-1,0.5382
below_good,142,165,-206,-1,0.5315
below_good,142,170,-201,-1,0.5295
below_good,142,175,-196,-1,0.5283
below_good,142,180,-191,-1,0.5342
below_good,142,185,-186,-1,0.5388
below_good,142,190,-181,-1,0.5424
below_good,142,195,-176,-1,0.5404
below_good,142,200,-171,-1,0.5394
below_good,142,205,-166,-1,0.5415
below_good,142,210,-161,-1,0.5394
below_good,142,215,-156,-1,0.5394
below_good,142,220,-151,-1,0.5454
below_good,142,225,-146,-1,0.5431
below_good,142,230,-141,-1,0.5356
below_good,142,235,-136,-1,0.5306
below_good,142,240,-131,-1,0.5292
below_good,142,245,-126,-1,0.517
below_good,142,250,-121,-1,0.527
below_good,142,255,-116,-1,0.5253
below_good,142,260,-111,-1,0.5289
below_good,142,265,-106,-1,0.53
below_good,142,270,-101,-1,0.5363
below_good,142,275,-96,-1,0.5254
below_good,142,280,-91,-1,0.5364
below_good,142,285,-86,-1,0.5374
below_good,142,290,-81,-1,0.547
below_good,142,295,-76,-1,0.5561
below_good,142,300,-71,-1,0.5638
below_good,142,305,-66,-1,0.5591
below_good,142,310,-61,-1,0.5576
below_good,142,315,-56,-1,0.5391
below_good,142,320,-51,-1,0.5383
below_good,142,325,-46,-1,0.5245
below_good,142,330,-41,-1,0.5281
below_good,142,335,-36,-1,0.5294
below_good,142,340,-31,-1,0.5391
below_good,142,345,-26,-1,0.5415
below_good,142,350,-21,-1,0.56
below_good,142,355,-16,-1,0.5658
below_good,142,360,-11,-1,0.5841
below_good,142,365,-6,-1,0.5969
below_good,142,370,-1,-1,0.6028
below_good,143,0,-477,-1,0.5194
below_good,143,5,-472,-1,0.518
below_good,143,10,-467,-1,0.5228
below_good,143,15,-462,-1,0.5301
below_good,143,20,-457,-1,0.534
below_good,143,25,-452,-1,0.5344
below_good,143,30,-447,-1,0.5286
below_good,143,35,-442,-1,0.5118
below_good,143,40,-437,-1,0.5025
below_good,143,45,-432,-1,0.5005
below_good,143,50,-427,-1,0.4982
below_good,143,55,-422,-1,0.5086
below_good,143,60,-417,-1,0.5182
below_good,143,65,-412,-1,0.5096
below_good,143,70,-407,-1,0.5128
below_good,143,75,-402,-1,0.4932
below_good,143,80,-397,-1,0.4806
below_good,143,85,-392,-1,0.4839
below_good,143,90,-387,-1,0.4993
below_good,143,95,-382,-1,0.4962
below_good,143,100,-377,-1,0.515
below_good,143,105,-372,-1,0.5245
below_good,143,110,-367,-1,0.5249
below_good,143,115,-362,-1,0.5184
below_good,143,120,-357,-1,0.5318
below_good,143,125,-352,-1,0.5342
below_good,143,130,-347,-1,0.5344
below_good,143,135,-342,-1,0.5408
below_good,143,140,-337,-1,0.5512
below_good,143,145,-332,-1,0.5399
below_good,143,150,-327,-1,0.5433
below_good,143,155,-322,-1,0.5504
below_good,143,160,-317,-1,0.5435
below_good,143,165,-312,-1,0.5432
below_good,143,170,-307,-1,0.5428
below_good,143,175,-302,-1,0.5344
below_good,143,180,-297,-1,0.5257
below_good,143,185,-292,-1,0.5305
below_good,143,190,-287,-1,0.5242
below_good,143,195,-282,-1,0.5151
below_good,143,200,-277,-1,0.5268
below_good,143,205,-272,-1,0.5273
below_good,143,210,-267,-1,0.5264
below_good,143,215,-262,-1,0.5228
below_good,143,220,-257,-1,0.5329
below_good,143,225,-252,-1,0.522
below_good,143,230,-247,-1,0.5209
below_good,143,235,-242,-1,0.5085
below_good,143,240,-237,-1,0.5017
below_good,143,245,-232,-1,0.4941
below_good,143,250,-227,-1,0.4888
below_good,143,255,-222,-1,0.4905
below_good,143,260,-217,-1,0.4906
below_good,143,265,-212,-1,0.4926
below_good,143,270,-207,-1,0.5011
below_good,143,275,-202,-1,0.5069
below_good,143,280,-197,-1,0.5081
below_good,143,285,-192,-1,0.5234
below_good,143,290,-187,-1,0.5216
below_good,143,295,-182,-1,0.5118
below_good,143,300,-177,-1,0.5079
below_good,143,305,-172,-1,0.5003
below_good,143,310,-167,-1,0.4891
below_good,143,315,-162,-1,0.4925
below_good,143,320,-157,-1,0.4923
below_good,143,325,-152,-1,0.4939
below_good,143,330,-147,-1,0.4885
below_good,143,335,-142,-1,0.4857
below_good,143,340,-137,-1,0.4795
below_good,143,345,-132,-1,0.4606
below_good,143,350,-127,-1,0.4255
below_good,143,355,-122,-1,0.4148
below_good,143,360,-117,-1,0.3972
below_good,143,365,-112,-1,0.3842
below_good,143,370,-107,-1,0.3762
below_good,143,375,-102,-1,0.3813
below_good,143,380,-97,-1,0.3621
below_good,143,385,-92,-1,0.3433
below_good,143,390,-87,-1,0.3305
below_good,143,395,-82,-1,0.317
below_good,143,400,-77,-1,0.3304
below_good,143,405,-72,-1,0.3531
below_good,143,410,-67,-1,0.3875
below_good,143,415,-62,-1,0.4225
below_good,143,420,-57,-1,0.4475
below_good,143,425,-52,-1,0.4415
below_good,143,430,-47,-1,0.446
below_good,143,435,-42,-1,0.4531
below_good,143,440,-37,-1,0.4524
below_good,143,445,-32,-1,0.4757
below_good,143,450,-27,-1,0.5023
below_good,143,455,-22,-1,0.4922
below_good,143,460,-17,-1,0.4806
below_good,143,465,-12,-1,0.4957
below_good,143,470,-7,-1,0.4882
below_good,143,475,-2,-1,0.4803
below_good,144,0,-908,-1,0.5043
below_good,144,5,-903,-1,0.5067
below_good,144,10,-898,-1,0.5135
below_good,144,15,-893,-1,0.5236
below_good,144,20,-888,-1,0.5244
below_good,144,25,-883,-1,0.5385
below_good,144,30,-878,-1,0.5334
below_good,144,35,-873,-1,0.5274
below_good,144,40,-868,-1,0.5129
below_good,144,45,-863,-1,0.5178
below_good,144,50,-858,-1,0.5161
below_good,144,55,-853,-1,0.5151
below_good,144,60,-848,-1,0.516
below_good,144,65,-843,-1,0.5212
below_good,144,70,-838,-1,0.5177
below_good,144,75,-833,-1,0.5224
below_good,144,80,-828,-1,0.536
below_good,144,85,-823,-1,0.5392
below_good,144,90,-818,-1,0.5434
below_good,144,95,-813,-1,0.5514
below_good,144,100,-808,-1,0.5424
below_good,144,105,-803,-1,0.5354
below_good,144,110,-798,-1,0.5299
below_good,144,115,-793,-1,0.5202
below_good,144,120,-788,-1,0.5179
below_good,144,125,-783,-1,0.5137
below_good,144,130,-778,-1,0.5141
below_good,144,135,-773,-1,0.5254
below_good,144,140,-768,-1,0.5272
below_good,144,145,-763,-1,0.5112
below_good,144,150,-758,-1,0.5127
below_good,144,155,-753,-1,0.5145
below_good,144,160,-748,-1,0.5032
below_good,144,165,-743,-1,0.5068
below_good,144,170,-738,-1,0.5072
below_good,144,175,-733,-1,0.5083
below_good,144,180,-728,-1,0.5064
below_good,144,185,-723,-1,0.5068
below_good,144,190,-718,-1,0.498
below_good,144,195,-713,-1,0.5047
below_good,144,200,-708,-1,0.5065
below_good,144,205,-703,-1,0.4936
below_good,144,210,-698,-1,0.4864
below_good,144,215,-693,-1,0.48
below_good,144,220,-688,-1,0.4677
below_good,144,225,-683,-1,0.455
below_good,144,230,-678,-1,0.446
below_good,144,235,-673,-1,0.4407
below_good,144,240,-668,-1,0.4391
below_good,144,245,-663,-1,0.4383
below_good,144,250,-658,-1,0.4245
below_good,144,255,-653,-1,0.4198
below_good,144,260,-648,-1,0.4257
below_good,144,265,-643,-1,0.4331
below_good,144,270,-638,-1,0.432
below_good,144,275,-633,-1,0.4336
below_good,144,280,-628,-1,0.4368
below_good,144,285,-623,-1,0.4264
below_good,144,290,-618,-1,0.4187
below_good,144,295,-613,-1,0.4111
below_good,144,300,-608,-1,0.4312
below_good,144,305,-603,-1,0.4512
below_good,144,310,-598,-1,0.4685
below_good,144,315,-593,-1,0.4722
below_good,144,320,-588,-1,0.4845
below_good,144,325,-583,-1,0.4666
below_good,144,330,-578,-1,0.4523
below_good,144,335,-573,-1,0.4537
below_good,144,340,-568,-1,0.4636
below_good,144,345,-563,-1,0.469
below_good,144,350,-558,-1,0.4913
below_good,144,355,-553,-1,0.497
below_good,144,360,-548,-1,0.4887
below_good,144,365,-543,-1,0.4796
below_good,144,370,-538,-1,0.4754
below_good,144,375,-533,-1,0.4617
below_good,144,380,-528,-1,0.4646
below_good,144,385,-523,-1,0.4706
below_good,144,390,-518,-1,0.4382
below_good,144,395,-513,-1,0.4049
below_good,144,400,-508,-1,0.3809
below_good,144,405,-503,-1,0.3786
below_good,144,410,-498,-1,0.3243
below_good,144,415,-493,-1,0.3231
below_good,144,420,-488,-1,0.31
below_good,144,425,-483,-1,0.2832
below_good,144,430,-478,-1,0.2372
below_good,144,435,-473,-1,0.2362
below_good,144,440,-468,-1,0.222
below_good,144,445,-463,-1,0.2322
below_good,144,450,-458,-1,0.2543
below_good,144,455,-453,-1,0.2732
below_good,144,460,-448,-1,0.2937
below_good,144,465,-443,-1,0.3144
below_good,144,470,-438,-1,0.3241
below_good,144,475,-433,-1,0.351
below_good,144,480,-428,-1,0.3562
below_good,144,485,-423,-1,0.326
below_good,144,490,-418,-1,0.292
below_good,144,495,-413,-1,0.2568
below_good,144,500,-408,-1,0.2019
below_good,144,505,-403,-1,0.176
below_good,144,510,-398,-1,0.182
below_good,144,515,-393,-1,0.1967
below_good,144,520,-388,-1,0.2039
below_good,144,525,-383,-1,0.2128
below_good,144,530,-378,-1,0.2097
below_good,144,535,-373,-1,0.2059
below_good,144,540,-368,-1,0.2098
below_good,144,545,-363,-1,0.2166
below_good,144,550,-358,-1,0.2085
below_good,144,555,-353,-1,0.2196
below_good,144,560,-348,-1,0.2426
below_good,144,565,-343,-1,0.2594
below_good,144,570,-338,-1,0.263
below_good,144,575,-333,-1,0.2675
below_good,144,580,-328,-1,0.2468
below_good,144,585,-323,-1,0.2182
below_good,144,590,-318,-1,0.178
below_good,144,595,-313,-1,0.1701
below_good,144,600,-308,-1,0.1771
below_good,144,605,-303,-1,0.1945
below_good,144,610,-298,-1,0.1916
below_good,144,615,-293,-1,0.2061
below_good,144,620,-288,-1,0.2075
below_good,144,625,-283,-1,0.1998
below_good,144,630,-278,-1,0.1914
below_good,144,635,-273,-1,0.213
below_good,144,640,-268,-1,0.224
below_good,144,645,-263,-1,0.2272
below_good,144,650,-258,-1,0.2294
below_good,144,655,-253,-1,0.2192
below_good,144,660,-248,-1,0.1952
below_good,144,665,-243,-1,0.1752
below_good,144,670,-238,-1,0.1563
below_good,144,675,-233,-1,0.1597
below_good,144,680,-228,-1,0.1505
below_good,144,685,-223,-1,0.1592
below_good,144,690,-218,-1,0.1705
below_good,144,695,-213,-1,0.1804
below_good,144,700,-208,-1,0.1939
below_good,144,705,-203,-1,0.2012
below_good,144,710,-198,-1,0.2045
below_good,144,715,-193,-1,0.2033
below_good,144,720,-188,-1,0.1926
below_good,144,725,-183,-1,0.1581
below_good,144,730,-178,-1,0.1627
below_good,144,735,-173,-1,0.1476
below_good,144,740,-168,-1,0.1532
below_good,144,745,-163,-1,0.146
below_good,144,750,-158,-1,0.1495
below_good,144,755,-153,-1,0.1598
below_good,144,760,-148,-1,0.1813
below_good,144,765,-143,-1,0.1877
below_good,144,770,-138,-1,0.1994
below_good,144,775,-133,-1,0.22
below_good,144,780,-128,-1,0.1999
below_good,144,785,-123,-1,0.1816
below_good,144,790,-118,-1,0.1531
below_good,144,795,-113,-1,0.1425
below_good,144,800,-108,-1,0.122
below_good,144,805,-103,-1,0.1417
below_good,144,810,-98,-1,0.1412
below_good,144,815,-93,-1,0.1507
below_good,144,820,-88,-1,0.161
below_good,144,825,-83,-1,0.1905
below_good,144,830,-78,-1,0.1915
below_good,144,835,-73,-1,0.2292
below_good,144,840,-68,-1,0.2453
below_good,144,845,-63,-1,0.2623
below_good,144,850,-58,-1,0.2422
below_good,144,855,-53,-1,0.2786
below_good,144,860,-48,-1,0.2602
below_good,144,865,-43,-1,0.275
below_good,144,870,-38,-1,0.3025
below_good,144,875,-33,-1,0.3256
below_good,144,880,-28,-1,0.3101
below_good,144,885,-23,-1,0.3479
below_good,144,890,-18,-1,0.3589
below_good,144,895,-13,-1,0.388
below_good,144,900,-8,-1,0.4386
below_good,144,905,-3,-1,0.4703
below_good,144,910,2,-1,0.4869
below_good,145,0,-361,-1,0.5406
below_good,145,5,-356,-1,0.5406
below_good,145,10,-351,-1,0.5458
below_good,145,15,-346,-1,0.5457
below_good,145,20,-341,-1,0.544
below_good,145,25,-336,-1,0.5456
below_good,145,30,-331,-1,0.5532
below_good,145,35,-326,-1,0.5546
below_good,145,40,-321,-1,0.5669
below_good,145,45,-316,-1,0.5716
below_good,145,50,-311,-1,0.5758
below_good,145,55,-306,-1,0.5648
below_good,145,60,-301,-1,0.5561
below_good,145,65,-296,-1,0.5413
below_good,145,70,-291,-1,0.5259
below_good,145,75,-286,-1,0.5369
below_good,145,80,-281,-1,0.5424
below_good,145,85,-276,-1,0.5555
below_good,145,90,-271,-1,0.5664
below_good,145,95,-266,-1,0.5914
below_good,145,100,-261,-1,0.5771
below_good,145,105,-256,-1,0.576
below_good,145,110,-251,-1,0.5694
below_good,145,115,-246,-1,0.5585
below_good,145,120,-241,-1,0.5415
below_good,145,125,-236,-1,0.5427
below_good,145,130,-231,-1,0.5436
below_good,145,135,-226,-1,0.5445
below_good,145,140,-221,-1,0.539
below_good,145,145,-216,-1,0.5411
below_good,145,150,-211,-1,0.5471
below_good,145,155,-206,-1,0.5398
below_good,145,160,-201,-1,0.5322
below_good,145,165,-196,-1,0.5463
below_good,145,170,-191,-1,0.5541
below_good,145,175,-186,-1,0.5515
below_good,145,180,-181,-1,0.5637
below_good,145,185,-176,-1,0.5656
below_good,145,190,-171,-1,0.5467
below_good,145,195,-166,-1,0.5424
below_good,145,200,-161,-1,0.5383
below_good,145,205,-156,-1,0.5288
below_good,145,210,-151,-1,0.525
below_good,145,215,-146,-1,0.5331
below_good,145,220,-141,-1,0.5311
below_good,145,225,-136,-1,0.5298
below_good,145,230,-131,-1,0.5384
below_good,145,235,-126,-1,0.5533
below_good,145,240,-121,-1,0.558
below_good,145,245,-116,-1,0.5517
below_good,145,250,-111,-1,0.5448
below_good,145,255,-106,-1,0.5352
below_good,145,260,-101,-1,0.5256
below_good,145,265,-96,-1,0.5248
below_good,145,270,-91,-1,0.5218
below_good,145,275,-86,-1,0.5374
below_good,145,280,-81,-1,0.545
below_good,145,285,-76,-1,0.5596
below_good,145,290,-71,-1,0.5525
below_good,145,295,-66,-1,0.5636
below_good,145,300,-61,-1,0.5565
below_good,145,305,-56,-1,0.5589
below_good,145,310,-51,-1,0.5488
below_good,145,315,-46,-1,0.5568
below_good,145,320,-41,-1,0.5571
below_good,145,325,-36,-1,0.5661
below_good,145,330,-31,-1,0.5652
below_good,145,335,-26,-1,0.5741
below_good,145,340,-21,-1,0.5841
below_good,145,345,-16,-1,0.6021
below_good,145,350,-11,-1,0.6113
below_good,145,355,-6,-1,0.6176
below_good,145,360,-1,-1,0.6032
below_good,145,365,4,-1,0.6061
below_good,145,370,9,-1,0.5948
below_good,145,375,14,-1,0.5797
below_good,146,0,-401,-1,0.5372
below_good,146,5,-396,-1,0.537
below_good,146,10,-391,-1,0.536
below_good,146,15,-386,-1,0.5347
below_good,146,20,-381,-1,0.5436
below_good,146,25,-376,-1,0.5483
below_good,146,30,-371,-1,0.5497
below_good,146,35,-366,-1,0.5547
below_good,146,40,-361,-1,0.5504
below_good,146,45,-356,-1,0.5397
below_good,146,50,-351,-1,0.5375
below_good,146,55,-346,-1,0.5374
below_good,146,60,-341,-1,0.5379
below_good,146,65,-336,-1,0.544
below_good,146,70,-331,-1,0.5487
below_good,146,75,-326,-1,0.5634
below_good,146,80,-321,-1,0.5685
below_good,146,85,-316,-1,0.5662
below_good,146,90,-311,-1,0.5757
below_good,146,95,-306,-1,0.5712
below_good,146,100,-301,-1,0.5488
below_good,146,105,-296,-1,0.5316
below_good,146,110,-291,-1,0.5266
below_good,146,115,-286,-1,0.513
below_good,146,120,-281,-1,0.5191
below_good,146,125,-276,-1,0.5152
below_good,146,130,-271,-1,0.5256
below_good,146,135,-266,-1,0.5227
below_good,146,140,-261,-1,0.5128
below_good,146,145,-256,-1,0.4933
below_good,146,150,-251,-1,0.4983
below_good,146,155,-246,-1,0.4992
below_good,146,160,-241,-1,0.5062
below_good,146,165,-236,-1,0.5145
below_good,146,170,-231,-1,0.526
below_good,146,175,-226,-1,0.5283
below_good,146,180,-221,-1,0.5201
below_good,146,185,-216,-1,0.5123
below_good,146,190,-211,-1,0.5149
below_good,146,195,-206,-1,0.5091
below_good,146,200,-201,-1,0.5024
below_good,146,205,-196,-1,0.502
below_good,146,210,-191,-1,0.4977
below_good,146,215,-186,-1,0.4977
below_good,146,220,-181,-1,0.5044
below_good,146,225,-176,-1,0.514
below_good,146,230,-171,-1,0.5119
below_good,146,235,-166,-1,0.5247
below_good,146,240,-161,-1,0.5306
below_good,146,245,-156,-1,0.5355
below_good,146,250,-151,-1,0.5328
below_good,146,255,-146,-1,0.5449
below_good,146,260,-141,-1,0.5455
below_good,146,265,-136,-1,0.5367
below_good,146,270,-131,-1,0.5327
below_good,146,275,-126,-1,0.5383
below_good,146,280,-121,-1,0.5399
below_good,146,285,-116,-1,0.5396
below_good,146,290,-111,-1,0.5465
below_good,146,295,-106,-1,0.5421
below_good,146,300,-101,-1,0.5389
below_good,146,305,-96,-1,0.5308
below_good,146,310,-91,-1,0.529
below_good,146,315,-86,-1,0.523
below_good,146,320,-81,-1,0.5179
below_good,146,325,-76,-1,0.509
below_good,146,330,-71,-1,0.5144
below_good,146,335,-66,-1,0.5126
below_good,146,340,-61,-1,0.515
below_good,146,345,-56,-1,0.5207
below_good,146,350,-51,-1,0.5286
below_good,146,355,-46,-1,0.5221
below_good,146,360,-41,-1,0.5227
below_good,146,365,-36,-1,0.5181
below_good,146,370,-31,-1,0.5184
below_good,146,375,-26,-1,0.5124
below_good,146,380,-21,-1,0.5084
below_good,146,385,-16,-1,0.5082
below_good,146,390,-11,-1,0.5287
below_good,146,395,-6,-1,0.5395
below_good,146,400,-1,-1,0.5507
below_good,146,405,4,-1,0.5737
below_good,147,0,,-1,0.5185
below_good,147,5,,-1,0.5191
below_good,147,10,,-1,0.5218
below_good,147,15,,-1,0.5265
below_good,147,20,,-1,0.5283
below_good,147,25,,-1,0.5283
below_good,147,30,,-1,0.5312
below_good,147,35,,-1,0.5388
below_good,147,40,,-1,0.5437
below_good,147,45,,-1,0.5625
below_good,147,50,,-1,0.5697
below_good,147,55,,-1,0.585
below_good,147,60,,-1,0.5853
below_good,147,65,,-1,0.5904
below_good,147,70,,-1,0.5875
below_good,147,75,,-1,0.5864
below_good,147,80,,-1,0.5762
below_good,147,85,,-1,0.5715
below_good,147,90,,-1,0.5667
below_good,147,95,,-1,0.5598
below_good,147,100,,-1,0.548
below_good,147,105,,-1,0.5357
below_good,147,110,,-1,0.5396
below_good,147,115,,-1,0.53
below_good,147,120,,-1,0.5305
below_good,147,125,,-1,0.5385
below_good,147,130,,-1,0.544
below_good,147,135,,-1,0.531
below_good,147,140,,-1,0.5321
below_good,147,145,,-1,0.5211
below_good,147,150,,-1,0.5218
below_good,147,155,,-1,0.5304
below_good,147,160,,-1,0.5458
below_good,147,165,,-1,0.5488
below_good,147,170,,-1,0.5602
below_good,147,175,,-1,0.5556
below_good,147,180,,-1,0.5494
below_good,147,185,,-1,0.5319
below_good,147,190,,-1,0.5364
below_good,147,195,,-1,0.5367
below_good,147,200,,-1,0.5446
below_good,147,205,,-1,0.5389
below_good,147,210,,-1,0.5569
below_good,147,215,,-1,0.5636
below_good,147,220,,-1,0.5607
below_good,147,225,,-1,0.5579
below_good,147,230,,-1,0.5629
below_good,147,235,,-1,0.5567
below_good,147,240,,-1,0.542
below_good,147,245,,-1,0.5439
below_good,147,250,,-1,0.5413
below_good,147,255,,-1,0.5485
below_good,147,260,,-1,0.5397
below_good,147,265,,-1,0.5364
below_good,147,270,,-1,0.5125
below_good,147,275,,-1,0.5061
below_good,147,280,,-1,0.4807
below_good,147,285,,-1,0.4754
below_good,147,290,,-1,0.4767
below_good,147,295,,-1,0.4841
below_good,147,300,,-1,0.4776
below_good,147,305,,-1,0.4784
below_good,147,310,,-1,0.4797
below_good,147,315,,-1,0.4765
below_good,147,320,,-1,0.4695
below_good,147,325,,-1,0.4316
below_good,147,330,,-1,0.4003
below_good,147,335,,-1,0.3784
below_good,147,340,,-1,0.3657
below_good,147,345,,-1,0.3478
below_good,147,350,,-1,0.3751
below_good,147,355,,-1,0.3733
below_good,147,360,,-1,0.3517
below_good,147,365,,-1,0.3118
below_good,147,370,,-1,0.2888
below_good,147,375,,-1,0.2699
below_good,147,380,,-1,0.275
below_good,147,385,,-1,0.2845
below_good,147,390,,-1,0.286
below_good,147,395,,-1,0.2919
below_good,147,400,,-1,0.2804
below_good,147,405,,-1,0.2951
below_good,147,410,,-1,0.3064
below_good,147,415,,-1,0.309
below_good,147,420,,-1,0.3014
below_good,147,425,,-1,0.2978
below_good,147,430,,-1,0.2865
below_good,147,435,,-1,0.2704
below_good,147,440,,-1,0.2986
below_good,147,445,,-1,0.3125
below_good,147,450,,-1,0.3085
below_good,147,455,,-1,0.3138
below_good,147,460,,-1,0.3225
below_good,147,465,,-1,0.2983
below_good,147,470,,-1,0.2892
below_good,147,475,,-1,0.2927
below_good,147,480,,-1,0.2597
below_good,147,485,,-1,0.2312
below_good,147,490,,-1,0.2271
below_good,147,495,,-1,0.2071
below_good,147,500,,-1,0.1945
below_good,147,505,,-1,0.1997
below_good,147,510,,-1,0.2187
below_good,147,515,,-1,0.1998
below_good,147,520,,-1,0.2001
below_good,147,525,,-1,0.1935
below_good,147,530,,-1,0.1959
below_good,147,535,,-1,0.1911
below_good,147,540,,-1,0.2224
below_good,147,545,,-1,0.2616
below_good,147,550,,-1,0.2823
below_good,147,555,,-1,0.2882
below_good,147,560,,-1,0.2935
below_good,147,565,,-1,0.2827
below_good,147,570,,-1,0.275
below_good,147,575,,-1,0.2719
below_good,147,580,,-1,0.2533
below_good,147,585,,-1,0.2378
below_good,147,590,,-1,0.2193
below_good,147,595,,-1,0.1937
below_good,147,600,,-1,0.1997
below_good,147,605,,-1,0.1919
below_good,147,610,,-1,0.1756
below_good,147,615,,-1,0.1766
below_good,147,620,,-1,0.1872
below_good,147,625,,-1,0.1873
below_good,147,630,,-1,0.2197
below_good,147,635,,-1,0.26
below_good,147,640,,-1,0.2995
below_good,147,645,,-1,0.3194
below_good,147,650,,-1,0.3297
below_good,147,655,,-1,0.3438
below_good,147,660,,-1,0.3506
below_good,147,665,,-1,0.3428
below_good,147,670,,-1,0.3413
below_good,147,675,,-1,0.361
below_good,147,680,,-1,0.3682
below_good,147,685,,-1,0.3747
below_good,147,690,,-1,0.393
below_good,147,695,,-1,0.4084
below_good,148,0,-343,-1,0.5209
below_good,148,5,-338,-1,0.5019
below_good,148,10,-333,-1,0.4869
below_good,148,15,-328,-1,0.4839
below_good,148,20,-323,-1,0.4861
below_good,148,25,-318,-1,0.4909
below_good,148,30,-313,-1,0.5021
below_good,148,35,-308,-1,0.522
below_good,148,40,-303,-1,0.5196
below_good,148,45,-298,-1,0.5231
below_good,148,50,-293,-1,0.5259
below_good,148,55,-288,-1,0.5386
below_good,148,60,-283,-1,0.5439
below_good,148,65,-278,-1,0.56
below_good,148,70,-273,-1,0.5655
below_good,148,75,-268,-1,0.571
below_good,148,80,-263,-1,0.5707
below_good,148,85,-258,-1,0.5772
below_good,148,90,-253,-1,0.5841
below_good,148,95,-248,-1,0.5851
below_good,148,100,-243,-1,0.5748
below_good,148,105,-238,-1,0.57
below_good,148,110,-233,-1,0.5649
below_good,148,115,-228,-1,0.5607
below_good,148,120,-223,-1,0.5437
below_good,148,125,-218,-1,0.5343
below_good,148,130,-213,-1,0.5311
below_good,148,135,-208,-1,0.5315
below_good,148,140,-203,-1,0.5181
below_good,148,145,-198,-1,0.5331
below_good,148,150,-193,-1,0.5487
below_good,148,155,-188,-1,0.5504
below_good,148,160,-183,-1,0.5432
below_good,148,165,-178,-1,0.5524
below_good,148,170,-173,-1,0.5561
below_good,148,175,-168,-1,0.5528
below_good,148,180,-163,-1,0.5529
below_good,148,185,-158,-1,0.5561
below_good,148,190,-153,-1,0.5574
below_good,148,195,-148,-1,0.5588
below_good,148,200,-143,-1,0.5527
below_good,148,205,-138,-1,0.5514
below_good,148,210,-133,-1,0.5491
below_good,148,215,-128,-1,0.5479
below_good,148,220,-123,-1,0.5359
below_good,148,225,-118,-1,0.5431
below_good,148,230,-113,-1,0.541
below_good,148,235,-108,-1,0.5383
below_good,148,240,-103,-1,0.5349
below_good,148,245,-98,-1,0.5321
below_good,148,250,-93,-1,0.5222
below_good,148,255,-88,-1,0.5187
below_good,148,260,-83,-1,0.5264
below_good,148,265,-78,-1,0.529
below_good,148,270,-73,-1,0.5341
below_good,148,275,-68,-1,0.547
below_good,148,280,-63,-1,0.5638
below_good,148,285,-58,-1,0.5656
below_good,148,290,-53,-1,0.5684
below_good,148,295,-48,-1,0.5726
below_good,148,300,-43,-1,0.5664
below_good,148,305,-38,-1,0.5609
below_good,148,310,-33,-1,0.5636
below_good,148,315,-28,-1,0.567
below_good,148,320,-23,-1,0.5688
below_good,148,325,-18,-1,0.5688
below_good,148,330,-13,-1,0.582
below_good,148,335,-8,-1,0.5849
below_good,148,340,-3,-1,0.5853
below_good,149,0,-364,-1,0.5366
below_good,149,5,-359,-1,0.5341
below_good,149,10,-354,-1,0.5326
below_good,149,15,-349,-1,0.5358
below_good,149,20,-344,-1,0.5243
below_good,149,25,-339,-1,0.5288
below_good,149,30,-334,-1,0.5378
below_good,149,35,-329,-1,0.5468
below_good,149,40,-324,-1,0.5438
below_good,149,45,-319,-1,0.5566
below_good,149,50,-314,-1,0.5484
below_good,149,55,-309,-1,0.5378
below_good,149,60,-304,-1,0.5364
below_good,149,65,-299,-1,0.5427
below_good,149,70,-294,-1,0.538
below_good,149,75,-289,-1,0.5511
below_good,149,80,-284,-1,0.5708
below_good,149,85,-279,-1,0.5698
below_good,149,90,-274,-1,0.5548
below_good,149,95,-269,-1,0.5633
below_good,149,100,-264,-1,0.5561
below_good,149,105,-259,-1,0.5435
below_good,149,110,-254,-1,0.5427
below_good,149,115,-249,-1,0.5302
below_good,149,120,-244,-1,0.5226
below_good,149,125,-239,-1,0.514
below_good,149,130,-234,-1,0.5031
below_good,149,135,-229,-1,0.4968
below_good,149,140,-224,-1,0.516
below_good,149,145,-219,-1,0.5176
below_good,149,150,-214,-1,0.5265
below_good,149,155,-209,-1,0.5234
below_good,149,160,-204,-1,0.5195
below_good,149,165,-199,-1,0.5166
below_good,149,170,-194,-1,0.5166
below_good,149,175,-189,-1,0.515
below_good,149,180,-184,-1,0.5288
below_good,149,185,-179,-1,0.5332
below_good,149,190,-174,-1,0.543
below_good,149,195,-169,-1,0.5496
below_good,149,200,-164,-1,0.5474
below_good,149,205,-159,-1,0.5434
below_good,149,210,-154,-1,0.5504
below_good,149,215,-149,-1,0.5457
below_good,149,220,-144,-1,0.5457
below_good,149,225,-139,-1,0.5519
below_good,149,230,-134,-1,0.5508
below_good,149,235,-129,-1,0.544
below_good,149,240,-124,-1,0.5391
below_good,149,245,-119,-1,0.5316
below_good,149,250,-114,-1,0.5341
below_good,149,255,-109,-1,0.5303
below_good,149,260,-104,-1,0.5302
below_good,149,265,-99,-1,0.5224
below_good,149,270,-94,-1,0.5201
below_good,149,275,-89,-1,0.5078
below_good,149,280,-84,-1,0.5152
below_good,149,285,-79,-1,0.5142
below_good,149,290,-74,-1,0.5321
below_good,149,295,-69,-1,0.5335
below_good,149,300,-64,-1,0.552
below_good,149,305,-59,-1,0.5527
below_good,149,310,-54,-1,0.564
below_good,149,315,-49,-1,0.5633
below_good,149,320,-44,-1,0.5686
below_good,149,325,-39,-1,0.5615
below_good,149,330,-34,-1,0.5604
below_good,149,335,-29,-1,0.555
below_good,149,340,-24,-1,0.5582
below_good,149,345,-19,-1,0.5704
below_good,149,350,-14,-1,0.5793
below_good,149,355,-9,-1,0.5906
below_good,149,360,-4,-1,0.5993
below_good,149,365,1,-1,0.6053
