form,arm,trace_i,row,global_index,kind,token_index,value,dt,verdict,phat,proj_vphat_lstar,proj_vp_lstar
A,below_good,0,0,0,end_of_prompt,194,,,correct,-1,10.711992,6.150922
A,below_good,0,1,1,est_offwin,296,117000.0,-1,correct,-1,17.358448,-3.490367
A,below_good,0,2,2,est,398,12870000.0,-1,correct,-1,22.547718,3.353679
A,below_good,0,3,3,tau_echo,450,15300000.0,,correct,-1,17.378794,-2.163740
A,below_good,0,4,4,final,450,15300000.0,,correct,-1,17.378794,-2.163740
A,below_good,0,5,5,final_corrected,433,12870000.0,,correct,-1,23.148041,15.763231
A,below_good,0,6,6,belief,468,,,correct,-1,8.337260,8.729359
A,below_good,1,7,7,end_of_prompt,194,,,correct,-1,10.687909,6.113922
A,below_good,1,8,8,est_offwin,288,117239.0,-1,correct,-1,8.658539,2.036603
A,below_good,1,9,9,est,478,35171700.0,1,correct,-1,23.617037,8.119823
A,below_good,1,10,10,tau_echo,504,15300000.0,,correct,-1,14.370898,-3.844029
A,below_good,1,11,11,est,523,35171700.0,1,correct,-1,29.119583,10.950876
A,below_good,1,12,12,final,586,3.0,,correct,-1,13.579914,5.024837
A,below_good,1,13,13,final_corrected,586,3.0,,correct,-1,13.579914,5.024837
A,below_good,1,14,14,belief,618,,,correct,-1,8.092739,4.769370
A,below_good,2,15,15,end_of_prompt,194,,,unclear,,10.686756,6.104009
A,below_good,2,16,16,est_offwin,292,117000.0,-1,unclear,,19.734684,1.969368
A,below_good,2,17,17,est,443,70200000.0,1,unclear,,21.726948,0.693632
A,below_good,2,18,18,tau_echo,460,15300000.0,,unclear,,15.699459,-3.583953
A,below_good,2,19,19,est,475,70200000.0,1,unclear,,27.819611,7.305188
A,below_good,2,20,20,final,516,70200000.0,,unclear,,20.441807,13.798462
A,below_good,2,21,21,final_corrected,516,70200000.0,,unclear,,20.441807,13.798462
A,below_good,3,22,22,end_of_prompt,194,,,correct,-1,10.686756,6.104009
A,below_good,3,23,23,est_offwin,283,117000.0,-1,correct,-1,19.109671,0.942483
A,below_good,3,24,24,est,456,35100000.0,1,correct,-1,22.101620,-3.401119
A,below_good,3,25,25,tau_echo,500,15300000.0,,correct,-1,13.546680,-1.128011
A,below_good,3,26,26,est,523,15000000.0,-1,correct,-1,6.819627,-3.877196
A,below_good,3,27,27,final,523,15000000.0,,correct,-1,6.819627,-3.877196
A,below_good,3,28,28,final_corrected,523,15000000.0,,correct,-1,6.819627,-3.877196
A,below_good,4,29,29,end_of_prompt,194,,,correct,-1,10.711992,6.150922
A,below_good,4,30,30,est_offwin,263,45000.0,-1,correct,-1,19.832495,-2.211839
A,below_good,4,31,31,est,353,4950000.0,-1,correct,-1,21.152615,-6.007486
A,below_good,4,32,32,tau_echo,396,15300000.0,,correct,-1,19.996374,-5.696465
A,below_good,4,33,33,final,396,15300000.0,,correct,-1,19.996374,-5.696465
A,below_good,4,34,34,final_corrected,378,4950000.0,,correct,-1,22.900358,12.712930
A,below_good,4,35,35,belief,415,,,correct,-1,9.589184,6.247637
A,below_good,5,36,36,end_of_prompt,194,,,correct,-1,10.711992,6.150922
A,below_good,5,37,37,est_offwin,271,117000.0,-1,correct,-1,19.897696,1.836954
A,below_good,5,38,38,est,418,10530000.0,-1,correct,-1,20.973194,3.336634
A,below_good,5,39,39,tau_echo,475,15300000.0,,correct,-1,19.974907,-2.106513
A,below_good,5,40,40,final,475,15300000.0,,correct,-1,19.974907,-2.106513
A,below_good,5,41,41,final_corrected,455,10530000.0,,correct,-1,21.969723,15.418294
A,below_good,5,42,42,belief,492,,,correct,-1,10.518845,6.183629
A,below_good,6,43,43,end_of_prompt,194,,,correct,-1,10.750615,6.132125
A,below_good,6,44,44,est_offwin,295,117239.0,-1,correct,-1,7.813722,3.138212
A,below_good,6,45,45,est,443,17585850.0,1,correct,-1,19.502655,2.509608
A,below_good,6,46,46,tau_echo,463,15300000.0,,correct,-1,15.900848,-5.435767
A,below_good,6,47,47,est,499,17585850.0,1,correct,-1,18.941505,13.603891
A,below_good,6,48,48,tau_echo,650,15300000.0,,correct,-1,10.909565,2.566495
A,below_good,6,49,49,final,650,15300000.0,,correct,-1,10.909565,2.566495
A,below_good,6,50,50,final_corrected,602,17585850.0,,correct,-1,20.908653,6.029045
A,below_good,7,51,51,end_of_prompt,194,,,correct,-1,10.711992,6.150922
A,below_good,7,52,52,est_offwin,273,117000.0,-1,correct,-1,18.933760,-3.288604
A,below_good,7,53,53,est,392,17550000.0,1,correct,-1,23.109287,-3.354997
A,below_good,7,54,54,tau_echo,436,15300000.0,,correct,-1,13.721819,-1.419541
A,below_good,7,55,55,final,436,15300000.0,,correct,-1,13.721819,-1.419541
A,below_good,7,56,56,final_corrected,419,17550000.0,,correct,-1,21.587591,13.803750
A,below_good,7,57,57,belief,468,,,correct,-1,4.588677,5.055399
A,below_good,8,58,58,end_of_prompt,194,,,correct,-1,10.687909,6.113922
A,below_good,8,59,59,est_offwin,383,117000.0,-1,correct,-1,25.698280,3.882023
A,below_good,8,60,60,est,392,167000.0,-1,correct,-1,24.998905,-8.971581
A,below_good,8,61,61,est_offwin,404,142000.0,-1,correct,-1,19.039240,2.077245
A,below_good,8,62,62,est,458,17040000.0,1,correct,-1,23.725300,0.260567
A,below_good,8,63,63,tau_echo,480,15300000.0,,correct,-1,15.298992,-1.794780
A,below_good,8,64,64,est,496,17040000.0,1,correct,-1,28.106987,7.986178
A,below_good,8,65,65,est,538,17000000.0,1,correct,-1,9.281260,-0.313970
A,below_good,8,66,66,final,538,17000000.0,,correct,-1,9.281260,-0.313970
A,below_good,8,67,67,final_corrected,538,17000000.0,,correct,-1,9.281260,-0.313970
A,below_good,8,68,68,belief,518,,,correct,-1,9.406769,5.933762
A,below_good,9,69,69,end_of_prompt,194,,,correct,-1,10.711992,6.150922
A,below_good,9,70,70,est_offwin,284,117239.0,-1,correct,-1,9.214773,3.816302
A,below_good,9,71,71,est,437,17585850.0,1,correct,-1,20.077766,3.432654
A,below_good,9,72,72,tau_echo,454,15300000.0,,correct,-1,13.536622,-2.819467
A,below_good,9,73,73,est,469,17585850.0,1,correct,-1,27.298962,9.906698
A,below_good,9,74,74,final,509,17585850.0,,correct,-1,19.221643,17.657608
A,below_good,9,75,75,final_corrected,509,17585850.0,,correct,-1,19.221643,17.657608
A,below_good,10,76,76,end_of_prompt,194,,,correct,-1,10.711992,6.150922
A,below_good,10,77,77,est_offwin,252,117239.0,-1,correct,-1,8.395479,1.854121
A,below_good,10,78,78,est,375,12906290.0,-1,correct,-1,17.321709,1.216106
A,below_good,10,79,79,tau_echo,411,15300000.0,,correct,-1,18.221758,-5.181509
A,below_good,10,80,80,final,411,15300000.0,,correct,-1,18.221758,-5.181509
A,below_good,10,81,81,final_corrected,393,12906290.0,,correct,-1,20.767914,13.085842
A,below_good,10,82,82,belief,421,,,correct,-1,10.218630,5.432417
A,below_good,11,83,83,end_of_prompt,194,,,unclear,,10.711992,6.150922
A,below_good,11,84,84,est_offwin,276,117000.0,-1,unclear,,17.277479,-0.204391
A,below_good,11,85,85,est,371,23400000.0,1,unclear,,18.974817,-2.247765
A,below_good,11,86,86,tau_echo,391,15300000.0,,unclear,,12.807695,-1.854733
A,below_good,11,87,87,est,409,23400000.0,1,unclear,,19.553234,12.130960
A,below_good,11,88,88,final,409,23400000.0,,unclear,,19.553234,12.130960
A,below_good,11,89,89,final_corrected,409,23400000.0,,unclear,,19.553234,12.130960
A,below_good,12,90,90,end_of_prompt,194,,,correct,-1,10.711992,6.150922
A,below_good,12,91,91,est_offwin,277,117000.0,-1,correct,-1,19.341213,1.694897
A,below_good,12,92,92,est,431,9360000.0,-1,correct,-1,21.861511,1.439632
A,below_good,12,93,93,tau_echo,485,15300000.0,,correct,-1,19.939442,-2.639888
A,below_good,12,94,94,final,485,15300000.0,,correct,-1,19.939442,-2.639888
A,below_good,12,95,95,final_corrected,465,9360000.0,,correct,-1,25.010399,16.858494
A,below_good,12,96,96,belief,500,,,correct,-1,9.209948,7.525142
A,below_good,13,97,97,end_of_prompt,194,,,unclear,,10.711992,6.150922
A,below_good,13,98,98,est_offwin,279,117239.0,-1,unclear,,8.697767,2.019435
A,below_good,13,99,99,est,394,18758240.0,1,unclear,,22.514343,2.901539
A,below_good,13,100,100,tau_echo,416,15300000.0,,unclear,,14.178028,-5.549727
A,below_good,13,101,101,est,436,15400000.0,1,unclear,,12.434702,2.039670
A,below_good,13,102,102,final,436,15400000.0,,unclear,,12.434702,2.039670
A,below_good,13,103,103,final_corrected,436,15400000.0,,unclear,,12.434702,2.039670
A,below_good,14,104,104,end_of_prompt,194,,,correct,-1,10.711992,6.150922
A,below_good,14,105,105,est_offwin,377,60000.0,-1,correct,-1,25.284023,1.339157
A,below_good,14,106,106,est,394,9000000.0,-1,correct,-1,17.695150,-8.119267
A,below_good,14,107,107,est_offwin,409,110000.0,-1,correct,-1,22.951317,-1.884730
A,below_good,14,108,108,est,427,16500000.0,1,correct,-1,16.522783,-5.447655
A,below_good,14,109,109,tau_echo,453,15300000.0,,correct,-1,14.855532,-0.333031
A,below_good,14,110,110,est,482,13500000.0,-1,correct,-1,11.930487,2.442157
A,below_good,14,111,111,final,482,13500000.0,,correct,-1,11.930487,2.442157
A,below_good,14,112,112,final_corrected,482,13500000.0,,correct,-1,11.930487,2.442157
A,below_good,14,113,113,belief,502,,,correct,-1,12.079084,5.669413
A,below_good,15,114,114,end_of_prompt,194,,,correct,-1,10.750615,6.132125
A,below_good,15,115,115,est_offwin,422,117000.0,-1,correct,-1,17.351833,0.806786
A,below_good,15,116,116,est,554,58500000.0,1,correct,-1,20.054703,-1.921338
A,below_good,15,117,117,tau_echo,576,15300000.0,,correct,-1,16.930660,-2.635626
A,below_good,15,118,118,est,610,58500000.0,1,correct,-1,19.664875,7.725914
A,below_good,15,119,119,tau_echo,629,15300000.0,,correct,-1,18.430307,-0.025569
A,below_good,15,120,120,final,629,15300000.0,,correct,-1,18.430307,-0.025569
A,below_good,15,121,121,final_corrected,610,58500000.0,,correct,-1,19.664875,7.725914
A,below_good,15,122,122,belief,646,,,correct,-1,8.394835,6.551220
A,below_good,16,123,123,end_of_prompt,194,,,correct,-1,10.711992,6.150922
A,below_good,16,124,124,est_offwin,339,130000.0,-1,correct,-1,16.000616,-6.934436
A,below_good,16,125,125,est,445,14820000.0,-1,correct,-1,19.530111,1.888981
A,below_good,16,126,126,tau_echo,462,15300000.0,,correct,-1,19.600697,-3.927270
A,below_good,16,127,127,est,481,14820000.0,-1,correct,-1,19.893055,16.940134
A,below_good,16,128,128,final,481,14820000.0,,correct,-1,19.893055,16.940134
A,below_good,16,129,129,final_corrected,481,14820000.0,,correct,-1,19.893055,16.940134
A,below_good,16,130,130,belief,504,,,correct,-1,10.070033,4.862654
A,below_good,17,131,131,end_of_prompt,194,,,correct,-1,10.711992,6.150922
A,below_good,17,132,132,est_offwin,267,114000.0,-1,correct,-1,19.307575,-1.434774
A,below_good,17,133,133,est,379,14250000.0,-1,correct,-1,18.051298,-1.671407
A,below_good,17,134,134,tau_echo,396,15300000.0,,correct,-1,19.594210,-3.700956
A,below_good,17,135,135,est,416,14250000.0,-1,correct,-1,9.453041,14.472514
A,below_good,17,136,136,final,416,14250000.0,,correct,-1,9.453041,14.472514
A,below_good,17,137,137,final_corrected,416,14250000.0,,correct,-1,9.453041,14.472514
A,below_good,17,138,138,belief,429,,,correct,-1,8.563698,4.057633
A,below_good,18,139,139,end_of_prompt,194,,,correct,-1,10.711992,6.150922
A,below_good,18,140,140,est_offwin,307,111000.0,-1,correct,-1,19.415695,1.274270
A,below_good,18,141,141,est,373,16650000.0,1,correct,-1,22.379980,-1.200145
A,below_good,18,142,142,tau_echo,413,15300000.0,,correct,-1,15.005427,-2.166227
A,below_good,18,143,143,final,413,15300000.0,,correct,-1,15.005427,-2.166227
A,below_good,18,144,144,final_corrected,396,16650000.0,,correct,-1,22.652126,13.065322
A,below_good,18,145,145,belief,441,,,correct,-1,5.341615,5.143326
A,below_good,19,146,146,end_of_prompt,194,,,correct,-1,10.711992,6.150922
A,below_good,19,147,147,est_offwin,261,68000.0,-1,correct,-1,21.995329,-2.498026
A,below_good,19,148,148,est,371,7752000.0,-1,correct,-1,22.295761,3.367744
A,below_good,19,149,149,tau_echo,392,15300000.0,,correct,-1,20.536705,-4.437788
A,below_good,19,150,150,est,413,7752000.0,-1,correct,-1,21.527210,13.722538
A,below_good,19,151,151,final,485,7752000.0,,correct,-1,21.810366,14.192389
A,below_good,19,152,152,final_corrected,485,7752000.0,,correct,-1,21.810366,14.192389
A,below_good,20,153,153,end_of_prompt,194,,,correct,-1,10.711992,6.150922
A,below_good,20,154,154,est_offwin,249,117000.0,-1,correct,-1,19.300957,-2.407650
A,below_good,20,155,155,est,360,13338000.0,-1,correct,-1,22.633715,0.678342
A,below_good,20,156,156,tau_echo,422,15300000.0,,correct,-1,18.879984,-2.064678
A,below_good,20,157,157,final,422,15300000.0,,correct,-1,18.879984,-2.064678
A,below_good,20,158,158,final_corrected,401,13338000.0,,correct,-1,23.311489,17.144117
A,below_good,20,159,159,belief,433,,,correct,-1,12.288740,2.718258
A,below_good,21,160,160,end_of_prompt,194,,,correct,-1,10.686756,6.104009
A,below_good,21,161,161,est_offwin,276,117000.0,-1,correct,-1,19.421732,-2.365813
A,below_good,21,162,162,est_offwin,308,120000.0,-1,correct,-1,20.414305,-2.247704
A,below_good,21,163,163,est,437,9600000.0,-1,correct,-1,20.102306,-5.559932
A,below_good,21,164,164,tau_echo,503,15300000.0,,correct,-1,19.137037,-2.342246
A,below_good,21,165,165,final,503,15300000.0,,correct,-1,19.137037,-2.342246
A,below_good,21,166,166,final_corrected,483,9600000.0,,correct,-1,22.300632,12.397877
A,below_good,22,167,167,end_of_prompt,194,,,correct,-1,10.686756,6.104009
A,below_good,22,168,168,est_offwin,302,117239.0,-1,correct,-1,9.696442,2.131771
A,below_good,22,169,169,est,496,13367346.0,-1,correct,-1,12.846698,6.481091
A,below_good,22,170,170,tau_echo,556,15300000.0,,correct,-1,18.141193,-2.648024
A,below_good,22,171,171,final,556,15300000.0,,correct,-1,18.141193,-2.648024
A,below_good,22,172,172,final_corrected,534,13367346.0,,correct,-1,15.613689,18.505213
A,below_good,22,173,173,belief,569,,,correct,-1,10.854988,7.724342
A,below_good,23,174,174,end_of_prompt,194,,,correct,-1,10.709288,6.142563
A,below_good,23,175,175,est_offwin,271,117000.0,-1,correct,-1,19.675476,-1.764041
A,below_good,23,176,176,est,497,17550000.0,1,correct,-1,23.378361,0.903510
A,below_good,23,177,177,tau_echo,515,15300000.0,,correct,-1,15.238913,-1.639258
A,below_good,23,178,178,est,549,17550000.0,1,correct,-1,22.008770,14.504033
A,below_good,23,179,179,tau_echo,655,15300000.0,,correct,-1,17.449093,-0.363420
A,below_good,23,180,180,final,655,15300000.0,,correct,-1,17.449093,-0.363420
A,below_good,23,181,181,final_corrected,640,17550000.0,,correct,-1,23.043156,3.576264
A,below_good,23,182,182,belief,676,,,correct,-1,8.129276,8.092222
A,below_good,24,183,183,end_of_prompt,194,,,correct,-1,10.711992,6.150922
A,below_good,24,184,184,est_offwin,291,68293.0,-1,correct,-1,7.810481,1.444190
A,below_good,24,185,185,est,348,7512230.0,-1,correct,-1,17.870646,-3.115587
A,below_good,24,186,186,tau_echo,394,15300000.0,,correct,-1,18.882982,-4.397186
A,below_good,24,187,187,final,394,15300000.0,,correct,-1,18.882982,-4.397186
A,below_good,24,188,188,final_corrected,372,7512230.0,,correct,-1,21.057556,13.622988
A,below_good,24,189,189,belief,409,,,correct,-1,10.715204,6.050065
A,below_good,25,190,190,end_of_prompt,194,,,correct,-1,10.686756,6.104009
A,below_good,25,191,191,est_offwin,277,117000.0,-1,correct,-1,19.543884,1.437456
A,below_good,25,192,192,est,436,17550000.0,1,correct,-1,22.374590,-1.021501
A,below_good,25,193,193,tau_echo,494,15300000.0,,correct,-1,15.834966,-0.731350
A,below_good,25,194,194,final,494,15300000.0,,correct,-1,15.834966,-0.731350
A,below_good,25,195,195,final_corrected,474,17550000.0,,correct,-1,21.583237,13.531370
A,below_good,25,196,196,belief,518,,,correct,-1,5.546861,5.864436
A,below_good,26,197,197,end_of_prompt,194,,,correct,-1,10.687909,6.113922
A,below_good,26,198,198,est_offwin,404,117000.0,-1,correct,-1,18.933266,1.604075
A,below_good,26,199,199,est,521,16380000.0,1,correct,-1,23.724609,-1.485986
A,below_good,26,200,200,tau_echo,584,15300000.0,,correct,-1,16.810448,-1.105379
A,below_good,26,201,201,final,584,15300000.0,,correct,-1,16.810448,-1.105379
A,below_good,26,202,202,final_corrected,565,16380000.0,,correct,-1,23.002565,15.843798
A,below_good,26,203,203,belief,601,,,correct,-1,9.190393,6.730232
A,below_good,27,204,204,end_of_prompt,194,,,correct,-1,10.711992,6.150922
A,below_good,27,205,205,est_offwin,287,140000.0,-1,correct,-1,20.113533,-1.377034
A,below_good,27,206,206,est,422,22400000.0,1,correct,-1,19.423237,-2.894832
A,below_good,27,207,207,tau_echo,470,15300000.0,,correct,-1,16.483932,-2.746003
A,below_good,27,208,208,final,470,15300000.0,,correct,-1,16.483932,-2.746003
A,below_good,27,209,209,final_corrected,449,22400000.0,,correct,-1,18.186600,13.909728
A,below_good,27,210,210,belief,489,,,correct,-1,9.379887,5.800532
A,below_good,28,211,211,end_of_prompt,194,,,correct,-1,10.686756,6.104009
A,below_good,28,212,212,est_offwin,312,134000.0,-1,correct,-1,22.843519,2.234768
A,below_good,28,213,213,est,467,30150000.0,1,correct,-1,22.002514,2.284357
A,below_good,28,214,214,tau_echo,513,15300000.0,,correct,-1,13.881089,-2.315629
A,below_good,28,215,215,final,513,15300000.0,,correct,-1,13.881089,-2.315629
A,below_good,28,216,216,final_corrected,496,30150000.0,,correct,-1,21.721081,13.215770
A,below_good,28,217,217,belief,541,,,correct,-1,8.974991,5.402989
A,below_good,29,218,218,end_of_prompt,194,,,correct,-1,10.711992,6.150922
A,below_good,29,219,219,est_offwin,266,115000.0,-1,correct,-1,19.751596,-3.791842
A,below_good,29,220,220,est_offwin,308,4000.0,-1,correct,-1,15.322611,-4.477291
A,below_good,29,221,221,est_offwin,333,115000.0,-1,correct,-1,27.323841,2.437180
A,below_good,29,222,222,est,354,13110000.0,-1,correct,-1,20.874081,-6.393142
A,below_good,29,223,223,est_offwin,367,4000.0,-1,correct,-1,25.311649,-0.938812
A,below_good,29,224,224,est,385,456000.0,-1,correct,-1,17.215342,-2.132934
A,below_good,29,225,225,est,403,13110000.0,-1,correct,-1,20.378317,3.496761
A,below_good,29,226,226,est,412,456000.0,-1,correct,-1,25.771935,0.238442
A,below_good,29,227,227,est,424,13566000.0,-1,correct,-1,14.374931,5.525136
A,below_good,29,228,228,tau_echo,483,15300000.0,,correct,-1,17.948198,-2.845080
A,below_good,29,229,229,final,483,15300000.0,,correct,-1,17.948198,-2.845080
A,below_good,29,230,230,final_corrected,463,13566000.0,,correct,-1,21.230377,15.546419
A,below_good,30,231,231,end_of_prompt,194,,,correct,-1,10.687909,6.113922
A,below_good,30,232,232,est_offwin,329,35000.0,-1,correct,-1,18.647167,-1.532249
A,below_good,30,233,233,est_offwin,383,8700.0,-1,correct,-1,15.085571,1.837114
A,below_good,30,234,234,est_offwin,426,35000.0,-1,correct,-1,24.781712,1.363471
A,below_good,30,235,235,est,442,8750000.0,-1,correct,-1,17.981205,-9.414491
A,below_good,30,236,236,est_offwin,457,8700.0,-1,correct,-1,22.336464,4.663130
A,below_good,30,237,237,est,473,1044000.0,-1,correct,-1,13.690182,-1.091206
A,below_good,30,238,238,est,493,9794000.0,-1,correct,-1,18.159145,3.522123
A,below_good,30,239,239,tau_echo,536,15300000.0,,correct,-1,15.605646,-3.879998
A,below_good,30,240,240,est,555,9794000.0,-1,correct,-1,19.296131,14.576267
A,below_good,30,241,241,tau_echo,576,15300000.0,,correct,-1,19.095261,1.148579
A,below_good,30,242,242,final,576,15300000.0,,correct,-1,19.095261,1.148579
A,below_good,30,243,243,final_corrected,555,9794000.0,,correct,-1,19.296131,14.576267
A,below_good,30,244,244,belief,588,,,correct,-1,9.560638,7.912997
A,below_good,31,245,245,end_of_prompt,194,,,correct,-1,10.642157,6.084336
A,below_good,31,246,246,est_offwin,335,117000.0,-1,correct,-1,18.325775,1.294163
A,below_good,31,247,247,est_offwin,367,52650.0,-1,correct,-1,16.433741,-1.499691
A,below_good,31,248,248,est,505,13533450.0,-1,correct,-1,19.249640,1.542597
A,below_good,31,249,249,est_offwin,601,2500.0,-1,correct,-1,15.506635,-4.017820
A,below_good,31,250,250,est,646,2000000.0,-1,correct,-1,11.908930,-10.709318
A,below_good,31,251,251,est,666,13533450.0,-1,correct,-1,20.017494,3.831120
A,below_good,31,252,252,est,677,2000000.0,-1,correct,-1,21.548868,-6.289171
A,below_good,31,253,253,est,689,15533450.0,1,correct,-1,14.579149,4.631910
A,below_good,31,254,254,tau_echo,707,15300000.0,,correct,-1,13.373482,-0.331165
A,below_good,31,255,255,final,742,15300000.0,,correct,-1,15.636280,6.052667
A,below_good,31,256,256,final_corrected,689,15533450.0,,correct,-1,14.579149,4.631910
A,below_good,32,257,257,end_of_prompt,194,,,correct,-1,10.711992,6.150922
A,below_good,32,258,258,est_offwin,249,117000.0,-1,correct,-1,18.791451,-0.883792
A,below_good,32,259,259,est,443,12870000.0,-1,correct,-1,23.244812,3.565990
A,below_good,32,260,260,tau_echo,464,15300000.0,,correct,-1,20.618725,-3.245775
A,below_good,32,261,261,est,502,12870000.0,-1,correct,-1,20.120590,14.338379
A,below_good,32,262,262,final,502,12870000.0,,correct,-1,20.120590,14.338379
A,below_good,32,263,263,final_corrected,502,12870000.0,,correct,-1,20.120590,14.338379
A,below_good,32,264,264,belief,475,,,correct,-1,10.713785,6.326674
A,below_good,33,265,265,end_of_prompt,194,,,correct,-1,10.687909,6.113922
A,below_good,33,266,266,est_offwin,400,134500.0,-1,correct,-1,21.095575,1.885154
A,below_good,33,267,267,est,442,20175000.0,1,correct,-1,22.479717,4.698884
A,below_good,33,268,268,tau_echo,459,15300000.0,,correct,-1,15.026175,-3.659116
A,below_good,33,269,269,est,542,15200000.0,-1,correct,-1,7.970977,5.197872
A,below_good,33,270,270,final,542,15200000.0,,correct,-1,7.970977,5.197872
A,below_good,33,271,271,final_corrected,542,15200000.0,,correct,-1,7.970977,5.197872
A,below_good,34,272,272,end_of_prompt,194,,,correct,-1,10.686756,6.104009
A,below_good,34,273,273,est_offwin,441,136000.0,-1,correct,-1,24.589117,-0.290206
A,below_good,34,274,274,est,463,17000000.0,1,correct,-1,19.789135,-7.769306
A,below_good,34,275,275,tau_echo,525,15300000.0,,correct,-1,15.536704,1.094343
A,below_good,34,276,276,final,525,15300000.0,,correct,-1,15.536704,1.094343
A,below_good,34,277,277,final_corrected,503,17000000.0,,correct,-1,20.433132,8.932404
A,below_good,34,278,278,belief,540,,,correct,-1,9.211359,6.258026
A,below_good,35,279,279,end_of_prompt,194,,,correct,-1,10.750615,6.132125
A,below_good,35,280,280,est_offwin,267,117239.0,-1,correct,-1,8.440500,2.753521
A,below_good,35,281,281,est,438,25792580.0,1,correct,-1,16.864065,3.656124
A,below_good,35,282,282,tau_echo,455,15300000.0,,correct,-1,15.463960,-4.949700
A,below_good,35,283,283,est,477,25792580.0,1,correct,-1,25.340366,8.891314
A,below_good,35,284,284,final,653,25792580.0,,correct,-1,18.029716,12.866661
A,below_good,35,285,285,final_corrected,653,25792580.0,,correct,-1,18.029716,12.866661
A,below_good,35,286,286,belief,489,,,correct,-1,9.927327,4.697767
A,below_good,36,287,287,end_of_prompt,194,,,correct,-1,10.687909,6.113922
A,below_good,36,288,288,est_offwin,301,117000.0,-1,correct,-1,19.918396,-2.591110
A,below_good,36,289,289,est,427,200000.0,-1,correct,-1,22.159531,-8.687536
A,below_good,36,290,290,est,479,18000000.0,1,correct,-1,18.774111,-4.727688
A,below_good,36,291,291,tau_echo,501,15300000.0,,correct,-1,16.511902,-2.943850
A,below_good,36,292,292,est,517,18000000.0,1,correct,-1,25.734612,-0.493151
A,below_good,36,293,293,final,557,18000000.0,,correct,-1,17.922672,11.634264
A,below_good,36,294,294,final_corrected,557,18000000.0,,correct,-1,17.922672,11.634264
A,below_good,36,295,295,belief,570,,,correct,-1,9.044772,3.887198
A,below_good,37,296,296,end_of_prompt,194,,,unclear,,10.711992,6.150922
A,below_good,37,297,297,est_offwin,260,100000.0,-1,unclear,,17.777340,-8.287163
A,below_good,37,298,298,est_offwin,374,1000.0,-1,unclear,,16.305466,-3.345141
A,below_good,37,299,299,est_offwin,413,100000.0,-1,unclear,,26.432751,-2.748148
A,below_good,37,300,300,est_offwin,419,1000.0,-1,unclear,,24.155325,2.394219
A,below_good,37,301,301,est,432,100000000.0,1,unclear,,14.371634,-5.744002
A,below_good,37,302,302,tau_echo,450,15300000.0,,unclear,,16.154980,-1.578423
A,below_good,37,303,303,est,475,100000000.0,1,unclear,,18.257439,5.500280
A,below_good,37,304,304,final,475,100000000.0,,unclear,,18.257439,5.500280
A,below_good,37,305,305,final_corrected,475,100000000.0,,unclear,,18.257439,5.500280
A,below_good,38,306,306,end_of_prompt,194,,,correct,-1,10.686756,6.104009
A,below_good,38,307,307,est_offwin,281,117000.0,-1,correct,-1,19.708588,0.965707
A,below_good,38,308,308,est,493,17550000.0,1,correct,-1,23.097216,-4.560718
A,below_good,38,309,309,tau_echo,510,15300000.0,,correct,-1,13.774421,-3.593561
A,below_good,38,310,310,final,510,15300000.0,,correct,-1,13.774421,-3.593561
A,below_good,38,311,311,final_corrected,493,17550000.0,,correct,-1,23.097216,-4.560718
A,below_good,38,312,312,belief,533,,,correct,-1,5.830634,7.209877
A,below_good,39,313,313,end_of_prompt,194,,,correct,-1,10.686756,6.104009
A,below_good,39,314,314,est_offwin,261,116000.0,-1,correct,-1,19.640924,-0.960606
A,below_good,39,315,315,est,458,13920000.0,-1,correct,-1,23.393602,2.906703
A,below_good,39,316,316,tau_echo,517,15300000.0,,correct,-1,18.140518,-0.607615
A,below_good,39,317,317,final,517,15300000.0,,correct,-1,18.140518,-0.607615
A,below_good,39,318,318,final_corrected,493,13920000.0,,correct,-1,22.943775,15.135969
A,below_good,39,319,319,belief,526,,,correct,-1,9.191368,5.646765
A,below_good,40,320,320,end_of_prompt,194,,,correct,-1,10.687909,6.113922
A,below_good,40,321,321,est_offwin,262,117239.0,-1,correct,-1,9.016533,2.382187
A,below_good,40,322,322,est,457,14654875.0,-1,correct,-1,10.422283,4.319899
A,below_good,40,323,323,est_offwin,534,117239.0,-1,correct,-1,18.519749,6.046556
A,below_good,40,324,324,tau_echo,557,15300000.0,,correct,-1,18.527651,-1.850014
A,below_good,40,325,325,final,557,15300000.0,,correct,-1,18.527651,-1.850014
A,below_good,40,326,326,final_corrected,534,117239.0,,correct,-1,18.519749,6.046556
A,below_good,40,327,327,belief,573,,,correct,-1,10.439426,8.275651
A,below_good,41,328,328,end_of_prompt,194,,,correct,-1,10.687909,6.113922
A,below_good,41,329,329,est_offwin,278,117000.0,-1,correct,-1,21.048233,2.082778
A,below_good,41,330,330,est,526,17550000.0,1,correct,-1,21.884735,1.409633
A,below_good,41,331,331,tau_echo,586,15300000.0,,correct,-1,17.255365,-0.498104
A,below_good,41,332,332,final,586,15300000.0,,correct,-1,17.255365,-0.498104
A,below_good,41,333,333,final_corrected,566,17550000.0,,correct,-1,21.629734,11.584401
A,below_good,41,334,334,belief,607,,,correct,-1,9.734888,6.240683
A,below_good,42,335,335,end_of_prompt,194,,,unclear,,10.719002,6.136469
A,below_good,42,336,336,est_offwin,533,134486.0,-1,unclear,,7.754624,1.524835
A,below_good,42,337,337,est,552,20172900.0,1,unclear,,22.798176,6.449368
A,below_good,42,338,338,tau_echo,571,15300000.0,,unclear,,15.226301,-3.782698
A,below_good,42,339,339,est,589,18000000.0,1,unclear,,11.413202,-2.394625
A,below_good,42,340,340,final,614,150.0,,unclear,,19.273922,-0.657799
A,below_good,42,341,341,final_corrected,614,150.0,,unclear,,19.273922,-0.657799
A,below_good,43,342,342,end_of_prompt,194,,,correct,-1,10.686756,6.104009
A,below_good,43,343,343,est_offwin,261,114000.0,-1,correct,-1,20.810726,-1.543778
A,below_good,43,344,344,est,459,29640000.0,1,correct,-1,24.636446,2.377781
A,below_good,43,345,345,tau_echo,502,15300000.0,,correct,-1,14.067621,-4.768757
A,below_good,43,346,346,final,502,15300000.0,,correct,-1,14.067621,-4.768757
A,below_good,43,347,347,final_corrected,484,29640000.0,,correct,-1,23.363590,14.957218
A,below_good,43,348,348,belief,525,,,correct,-1,8.942060,5.840726
A,below_good,44,349,349,end_of_prompt,194,,,correct,-1,10.704596,6.137589
A,below_good,44,350,350,est_offwin,294,122000.0,-1,correct,-1,21.410143,0.543777
A,below_good,44,351,351,est_offwin,355,1350.0,-1,correct,-1,17.063028,1.719059
A,below_good,44,352,352,est_offwin,395,122000.0,-1,correct,-1,27.707069,2.835745
A,below_good,44,353,353,est_offwin,409,1350.0,-1,correct,-1,26.522205,2.135161
A,below_good,44,354,354,est,430,164700000.0,1,correct,-1,18.495556,-4.342460
A,below_good,44,355,355,tau_echo,460,15300000.0,,correct,-1,13.842527,-3.649416
A,below_good,44,356,356,est_offwin,502,1200.0,-1,correct,-1,14.908888,1.547730
A,below_good,44,357,357,est_offwin,516,122000.0,-1,correct,-1,24.110691,3.801147
A,below_good,44,358,358,est_offwin,530,1200.0,-1,correct,-1,22.955936,3.173832
A,below_good,44,359,359,est,551,146400000.0,1,correct,-1,12.859222,-0.799098
A,below_good,44,360,360,tau_echo,573,15300000.0,,correct,-1,14.148185,-1.407594
A,below_good,44,361,361,est_offwin,647,122000.0,-1,correct,-1,25.600163,3.173860
A,below_good,44,362,362,est,665,15250000.0,-1,correct,-1,15.116058,-1.000893
A,below_good,44,363,363,tau_echo,682,15300000.0,,correct,-1,17.552277,-2.286140
A,below_good,44,364,364,est,720,15250000.0,-1,correct,-1,16.101736,8.534143
A,below_good,44,365,365,final,720,15250000.0,,correct,-1,16.101736,8.534143
A,below_good,44,366,366,final_corrected,720,15250000.0,,correct,-1,16.101736,8.534143
A,below_good,45,367,367,end_of_prompt,194,,,correct,-1,10.704596,6.137589
A,below_good,45,368,368,est_offwin,331,114000.0,-1,correct,-1,20.303875,-2.517319
A,below_good,45,369,369,est,551,17100000.0,1,correct,-1,21.748940,-0.279971
A,below_good,45,370,370,tau_echo,637,15300000.0,,correct,-1,16.299789,-0.277583
A,below_good,45,371,371,est,668,17100000.0,1,correct,-1,16.537378,13.256701
A,below_good,45,372,372,final,668,17100000.0,,correct,-1,16.537378,13.256701
A,below_good,45,373,373,final_corrected,668,17100000.0,,correct,-1,16.537378,13.256701
A,below_good,45,374,374,belief,688,,,correct,-1,9.296040,6.023551
A,below_good,46,375,375,end_of_prompt,194,,,correct,-1,10.750615,6.132125
A,below_good,46,376,376,est_offwin,440,111000.0,-1,correct,-1,18.079742,-3.480839
A,below_good,46,377,377,est_offwin,452,1700.0,-1,correct,-1,14.174244,-5.689592
A,below_good,46,378,378,est_offwin,516,111000.0,-1,correct,-1,26.270258,4.631195
A,below_good,46,379,379,est_offwin,523,1700.0,-1,correct,-1,24.251360,0.107719
A,below_good,46,380,380,est_offwin,548,112700.0,-1,correct,-1,21.168076,6.360250
A,below_good,46,381,381,est,566,22540000.0,1,correct,-1,22.235718,2.765166
A,below_good,46,382,382,tau_echo,587,15300000.0,,correct,-1,12.954004,-2.253950
A,below_good,46,383,383,est,602,22540000.0,1,correct,-1,28.548538,7.274618
A,below_good,46,384,384,final,631,22540000.0,,correct,-1,19.707968,13.475252
A,below_good,46,385,385,final_corrected,631,22540000.0,,correct,-1,19.707968,13.475252
A,below_good,47,386,386,end_of_prompt,194,,,correct,-1,10.686756,6.104009
A,below_good,47,387,387,est_offwin,269,117000.0,-1,correct,-1,19.391367,-2.328926
A,below_good,47,388,388,est,460,14040000.0,-1,correct,-1,21.661882,1.131774
A,below_good,47,389,389,tau_echo,483,15300000.0,,correct,-1,19.668949,-4.630278
A,below_good,47,390,390,est,498,14040000.0,-1,correct,-1,26.985851,11.111223
A,below_good,47,391,391,final,536,14040000.0,,correct,-1,19.035805,16.561714
A,below_good,47,392,392,final_corrected,536,14040000.0,,correct,-1,19.035805,16.561714
A,below_good,47,393,393,belief,519,,,correct,-1,10.049189,5.695281
A,below_good,48,394,394,end_of_prompt,194,,,unclear,,10.686756,6.104009
A,below_good,48,395,395,est,315,158500.0,-1,unclear,,19.827814,2.106601
A,below_good,48,396,396,est,423,26142500.0,1,unclear,,22.553642,0.725830
A,below_good,48,397,397,tau_echo,445,15300000.0,,unclear,,14.345017,-5.319788
A,below_good,48,398,398,est,469,26142500.0,1,unclear,,21.984797,14.633684
A,below_good,48,399,399,final,469,26142500.0,,unclear,,21.984797,14.633684
A,below_good,48,400,400,final_corrected,469,26142500.0,,unclear,,21.984797,14.633684
A,below_good,49,401,401,end_of_prompt,194,,,unclear,,10.686756,6.104009
A,below_good,49,402,402,est_offwin,264,117000.0,-1,unclear,,21.459515,-1.010338
A,below_good,49,403,403,est,436,17550000.0,1,unclear,,24.382668,-3.533583
A,below_good,49,404,404,tau_echo,460,15300000.0,,unclear,,16.294224,-3.141980
A,below_good,49,405,405,est,479,17550000.0,1,unclear,,22.157234,14.514210
A,below_good,49,406,406,final,479,17550000.0,,unclear,,22.157234,14.514210
A,below_good,49,407,407,final_corrected,479,17550000.0,,unclear,,22.157234,14.514210
A,below_good,50,408,408,end_of_prompt,194,,,correct,-1,10.711992,6.150922
A,below_good,50,409,409,est_offwin,269,68000.0,-1,correct,-1,21.415754,3.052919
A,below_good,50,410,410,est,376,10200000.0,-1,correct,-1,19.606140,-5.429640
A,below_good,50,411,411,tau_echo,443,15300000.0,,correct,-1,17.783836,-0.888684
A,below_good,50,412,412,final,443,15300000.0,,correct,-1,17.783836,-0.888684
A,below_good,50,413,413,final_corrected,421,10200000.0,,correct,-1,21.957230,12.653173
A,below_good,50,414,414,belief,454,,,correct,-1,9.055868,5.664170
A,below_good,51,415,415,end_of_prompt,194,,,unclear,,10.709288,6.142563
A,below_good,51,416,416,est_offwin,294,117000.0,-1,unclear,,18.943935,-2.891076
A,below_good,51,417,417,est,594,16380000.0,1,unclear,,21.465092,-2.092232
A,below_good,51,418,418,tau_echo,611,15300000.0,,unclear,,14.591225,-3.862306
A,below_good,51,419,419,est,641,16380000.0,1,unclear,,18.904257,12.401204
A,below_good,51,420,420,final,641,16380000.0,,unclear,,18.904257,12.401204
A,below_good,51,421,421,final_corrected,641,16380000.0,,unclear,,18.904257,12.401204
A,below_good,52,422,422,end_of_prompt,194,,,correct,-1,10.711992,6.150922
A,below_good,52,423,423,est_offwin,282,117000.0,-1,correct,-1,19.911797,1.439587
A,below_good,52,424,424,est,405,5850000.0,-1,correct,-1,18.923065,-2.005045
A,below_good,52,425,425,tau_echo,477,15300000.0,,correct,-1,19.454477,-2.677074
A,below_good,52,426,426,final,477,15300000.0,,correct,-1,19.454477,-2.677074
A,below_good,52,427,427,final_corrected,459,5850000.0,,correct,-1,23.444288,11.164905
A,below_good,53,428,428,end_of_prompt,194,,,correct,-1,10.673726,6.107781
A,below_good,53,429,429,est_offwin,293,117000.0,-1,correct,-1,19.597916,-2.185943
A,below_good,53,430,430,est,560,17550000.0,1,correct,-1,22.430286,1.069483
A,below_good,53,431,431,tau_echo,577,15300000.0,,correct,-1,16.142841,-2.486860
A,below_good,53,432,432,est,592,17550000.0,1,correct,-1,28.482430,8.010496
A,below_good,53,433,433,tau_echo,650,15300000.0,,correct,-1,17.837662,1.184113
A,below_good,53,434,434,final,650,15300000.0,,correct,-1,17.837662,1.184113
A,below_good,53,435,435,final_corrected,631,17550000.0,,correct,-1,21.218712,13.339140
A,below_good,53,436,436,belief,664,,,correct,-1,10.785789,4.843710
A,below_good,54,437,437,end_of_prompt,194,,,correct,-1,10.686756,6.104009
A,below_good,54,438,438,est_offwin,264,117000.0,-1,correct,-1,19.406826,-2.791824
A,below_good,54,439,439,est_offwin,278,2000.0,-1,correct,-1,15.906460,-6.543441
A,below_good,54,440,440,est_offwin,371,120000.0,-1,correct,-1,19.397392,-6.783127
A,below_good,54,441,441,est,452,13200000.0,-1,correct,-1,20.738285,-4.531166
A,below_good,54,442,442,tau_echo,469,15300000.0,,correct,-1,18.407913,-5.127896
A,below_good,54,443,443,est,487,13200000.0,-1,correct,-1,20.351509,12.995630
A,below_good,54,444,444,final,487,13200000.0,,correct,-1,20.351509,12.995630
A,below_good,54,445,445,final_corrected,487,13200000.0,,correct,-1,20.351509,12.995630
A,below_good,54,446,446,belief,498,,,correct,-1,11.574859,3.454405
A,below_good,55,447,447,end_of_prompt,194,,,correct,-1,10.687909,6.113922
A,below_good,55,448,448,est_offwin,276,115000.0,-1,correct,-1,20.038639,1.013566
A,below_good,55,449,449,est,521,13800000.0,-1,correct,-1,21.254555,-1.805168
A,below_good,55,450,450,tau_echo,584,15300000.0,,correct,-1,20.451097,-1.111715
A,below_good,55,451,451,final,584,15300000.0,,correct,-1,20.451097,-1.111715
A,below_good,55,452,452,final_corrected,564,13800000.0,,correct,-1,21.264565,11.458746
A,below_good,55,453,453,belief,606,,,correct,-1,10.677813,7.710302
A,below_good,56,454,454,end_of_prompt,194,,,correct,-1,10.686756,6.104009
A,below_good,56,455,455,est_offwin,432,45000.0,-1,correct,-1,23.206034,1.759981
A,below_good,56,456,456,est_offwin,440,65000.0,-1,correct,-1,24.201982,-9.928152
A,below_good,56,457,457,est_offwin,451,55000.0,-1,correct,-1,17.183338,1.435847
A,below_good,56,458,458,est,500,14300000.0,-1,correct,-1,20.614426,-2.758698
A,below_good,56,459,459,tau_echo,542,15300000.0,,correct,-1,19.679783,-1.755415
A,below_good,56,460,460,final,542,15300000.0,,correct,-1,19.679783,-1.755415
A,below_good,56,461,461,final_corrected,521,14300000.0,,correct,-1,20.203091,9.105213
A,below_good,56,462,462,belief,560,,,correct,-1,11.157669,7.646204
A,below_good,57,463,463,end_of_prompt,194,,,correct,-1,10.711992,6.150922
A,below_good,57,464,464,est_offwin,305,117239.0,-1,correct,-1,7.989678,3.107459
A,below_good,57,465,465,est,421,8206730.0,-1,correct,-1,17.569359,-2.506404
A,below_good,57,466,466,tau_echo,467,15300000.0,,correct,-1,17.180149,-4.734579
A,below_good,57,467,467,final,467,15300000.0,,correct,-1,17.180149,-4.734579
A,below_good,57,468,468,final_corrected,447,8206730.0,,correct,-1,19.998962,14.141887
A,below_good,57,469,469,belief,482,,,correct,-1,9.134140,6.325558
A,below_good,58,470,470,end_of_prompt,194,,,correct,-1,10.711992,6.150922
A,below_good,58,471,471,est_offwin,331,117000.0,-1,correct,-1,18.466188,2.305226
A,below_good,58,472,472,est,401,12870000.0,-1,correct,-1,21.237125,2.436530
A,below_good,58,473,473,tau_echo,435,15300000.0,,correct,-1,18.754967,-4.535728
A,below_good,58,474,474,est,450,12870000.0,-1,correct,-1,26.441912,8.845808
A,below_good,58,475,475,final,503,12870000.0,,correct,-1,19.797359,14.658813
A,below_good,58,476,476,final_corrected,503,12870000.0,,correct,-1,19.797359,14.658813
A,below_good,58,477,477,belief,474,,,correct,-1,9.790573,5.880722
A,below_good,59,478,478,end_of_prompt,194,,,unclear,,10.687909,6.113922
A,below_good,59,479,479,est_offwin,247,117000.0,-1,unclear,,19.609070,-1.552620
A,below_good,59,480,480,est,457,26475000.0,1,unclear,,23.113897,0.519909
A,below_good,59,481,481,tau_echo,477,15300000.0,,unclear,,13.173668,-4.857375
A,below_good,59,482,482,est,492,26475000.0,1,unclear,,27.674381,8.668010
A,below_good,59,483,483,final,517,26475000.0,,unclear,,19.586384,16.531042
A,below_good,59,484,484,final_corrected,517,26475000.0,,unclear,,19.586384,16.531042
A,below_good,60,485,485,end_of_prompt,194,,,correct,-1,10.686756,6.104009
A,below_good,60,486,486,est_offwin,319,68000.0,-1,correct,-1,20.493767,-1.469838
A,below_good,60,487,487,est,435,8500000.0,-1,correct,-1,18.626604,-9.167698
A,below_good,60,488,488,tau_echo,459,15300000.0,,correct,-1,20.346912,-5.719841
A,below_good,60,489,489,est,473,8500000.0,-1,correct,-1,25.117420,5.565287
A,below_good,60,490,490,final,516,8500000.0,,correct,-1,18.818722,8.859241
A,below_good,60,491,491,final_corrected,516,8500000.0,,correct,-1,18.818722,8.859241
A,below_good,60,492,492,belief,497,,,correct,-1,9.909676,6.489529
A,below_good,61,493,493,end_of_prompt,194,,,correct,-1,10.711992,6.150922
A,below_good,61,494,494,est_offwin,264,68000.0,-1,correct,-1,21.064293,-0.527812
A,below_good,61,495,495,est,410,7480000.0,-1,correct,-1,20.642166,-0.140993
A,below_good,61,496,496,tau_echo,449,15300000.0,,correct,-1,19.032824,-2.656790
A,below_good,61,497,497,final,449,15300000.0,,correct,-1,19.032824,-2.656790
A,below_good,61,498,498,final_corrected,429,7480000.0,,correct,-1,22.836044,10.255919
A,below_good,61,499,499,belief,461,,,correct,-1,9.560410,8.292899
A,below_good,62,500,500,end_of_prompt,194,,,correct,-1,10.686756,6.104009
A,below_good,62,501,501,est_offwin,398,137000.0,-1,correct,-1,23.517792,-0.353099
A,below_good,62,502,502,est,443,17810000.0,1,correct,-1,23.351305,-0.810001
A,below_good,62,503,503,tau_echo,506,15300000.0,,correct,-1,15.586081,-2.695400
A,below_good,62,504,504,final,506,15300000.0,,correct,-1,15.586081,-2.695400
A,below_good,62,505,505,final_corrected,490,17810000.0,,correct,-1,24.218006,11.090744
A,below_good,62,506,506,belief,522,,,correct,-1,8.996086,5.410294
A,below_good,63,507,507,end_of_prompt,194,,,correct,-1,10.711992,6.150922
A,below_good,63,508,508,est_offwin,304,117000.0,-1,correct,-1,18.689211,-4.279745
A,below_good,63,509,509,est,418,13338000.0,-1,correct,-1,21.176914,3.394681
A,below_good,63,510,510,tau_echo,474,15300000.0,,correct,-1,15.051783,-0.016586
A,below_good,63,511,511,final,474,15300000.0,,correct,-1,15.051783,-0.016586
A,below_good,63,512,512,final_corrected,452,13338000.0,,correct,-1,22.056618,15.847298
A,below_good,63,513,513,belief,498,,,correct,-1,8.486705,8.027787
A,below_good,64,514,514,end_of_prompt,194,,,unclear,,10.711992,6.150922
A,below_good,64,515,515,est_offwin,330,68000.0,-1,unclear,,18.514168,-3.439467
A,below_good,64,516,516,est,407,8840000.0,-1,unclear,,21.426691,-3.354595
A,below_good,64,517,517,tau_echo,450,15300000.0,,unclear,,18.921997,-6.463795
A,below_good,64,518,518,est,464,8840000.0,-1,unclear,,26.147800,8.161484
A,below_good,64,519,519,final,492,8840000.0,,unclear,,20.687405,9.553532
A,below_good,64,520,520,final_corrected,492,8840000.0,,unclear,,20.687405,9.553532
A,below_good,65,521,521,end_of_prompt,194,,,correct,-1,10.686756,6.104009
A,below_good,65,522,522,est_offwin,286,117239.0,-1,correct,-1,7.680006,2.289901
A,below_good,65,523,523,est,494,15241070.0,-1,correct,-1,16.368370,3.300554
A,below_good,65,524,524,tau_echo,550,15300000.0,,correct,-1,18.728710,-1.338686
A,below_good,65,525,525,final,550,15300000.0,,correct,-1,18.728710,-1.338686
A,below_good,65,526,526,final_corrected,531,15241070.0,,correct,-1,19.447632,15.461576
A,below_good,65,527,527,belief,561,,,correct,-1,8.944103,6.685392
A,below_good,66,528,528,end_of_prompt,194,,,correct,-1,10.687909,6.113922
A,below_good,66,529,529,est_offwin,278,117000.0,-1,correct,-1,19.346149,1.918438
A,below_good,66,530,530,est,496,58500000.0,1,correct,-1,20.012222,-5.678229
A,below_good,66,531,531,tau_echo,517,15300000.0,,correct,-1,14.160475,-2.377803
A,below_good,66,532,532,est,604,14000000.0,-1,correct,-1,7.742621,-4.192171
A,below_good,66,533,533,final,604,14000000.0,,correct,-1,7.742621,-4.192171
A,below_good,66,534,534,final_corrected,604,14000000.0,,correct,-1,7.742621,-4.192171
A,below_good,67,535,535,end_of_prompt,194,,,correct,-1,10.687909,6.113922
A,below_good,67,536,536,est_offwin,336,31500.0,-1,correct,-1,18.513449,-3.794093
A,below_good,67,537,537,est,378,3937500.0,-1,correct,-1,19.473660,-2.709214
A,below_good,67,538,538,est_offwin,433,111000.0,-1,correct,-1,16.803919,0.018282
A,below_good,67,539,539,est,503,13875000.0,-1,correct,-1,20.058689,1.194490
A,below_good,67,540,540,tau_echo,527,15300000.0,,correct,-1,18.928743,-3.972858
A,below_good,67,541,541,est,563,13000000.0,-1,correct,-1,9.836344,-0.771719
A,below_good,67,542,542,tau_echo,585,15300000.0,,correct,-1,21.018440,0.284451
A,below_good,67,543,543,final,585,15300000.0,,correct,-1,21.018440,0.284451
A,below_good,67,544,544,final_corrected,563,13000000.0,,correct,-1,9.836344,-0.771719
A,below_good,67,545,545,belief,605,,,correct,-1,8.977266,6.145729
A,below_good,68,546,546,end_of_prompt,194,,,correct,-1,10.711992,6.150922
A,below_good,68,547,547,est_offwin,266,117239.0,-1,correct,-1,9.113247,2.837426
A,below_good,68,548,548,est,431,14654875.0,-1,correct,-1,10.849837,4.827319
A,below_good,68,549,549,tau_echo,489,15300000.0,,correct,-1,19.624762,-2.289402
A,below_good,68,550,550,final,489,15300000.0,,correct,-1,19.624762,-2.289402
A,below_good,68,551,551,final_corrected,469,14654875.0,,correct,-1,13.587342,17.968904
A,below_good,68,552,552,belief,507,,,correct,-1,8.662865,7.981207
A,below_good,69,553,553,end_of_prompt,194,,,unclear,,10.711992,6.150922
A,below_good,69,554,554,est_offwin,276,114000.0,-1,unclear,,19.231524,-2.089662
A,below_good,69,555,555,est,398,17100000.0,1,unclear,,20.142426,-1.503291
A,below_good,69,556,556,tau_echo,414,15300000.0,,unclear,,14.768171,-3.243921
A,below_good,69,557,557,est,430,17100000.0,1,unclear,,26.499058,5.557627
A,below_good,69,558,558,final,453,17100000.0,,unclear,,18.795536,12.990990
A,below_good,69,559,559,final_corrected,453,17100000.0,,unclear,,18.795536,12.990990
A,below_good,70,560,560,end_of_prompt,194,,,unclear,,10.711992,6.150922
A,below_good,70,561,561,est_offwin,341,117000.0,-1,unclear,,16.278339,1.615704
A,below_good,70,562,562,est,419,28080000.0,1,unclear,,20.506037,2.747758
A,below_good,70,563,563,tau_echo,436,15300000.0,,unclear,,15.034655,-4.524812
A,below_good,70,564,564,est,456,25000000.0,1,unclear,,1.826243,2.366538
A,below_good,70,565,565,final,456,25000000.0,,unclear,,1.826243,2.366538
A,below_good,70,566,566,final_corrected,456,25000000.0,,unclear,,1.826243,2.366538
A,below_good,70,567,567,belief,498,,,unclear,,10.368034,7.853777
A,below_good,71,568,568,end_of_prompt,194,,,correct,-1,10.687909,6.113922
A,below_good,71,569,569,est_offwin,324,117239.0,-1,correct,-1,8.743167,3.307223
A,below_good,71,570,570,est,508,35171700.0,1,correct,-1,23.216526,7.597435
A,below_good,71,571,571,tau_echo,524,15300000.0,,correct,-1,14.241230,-4.392946
A,below_good,71,572,572,est,558,35171700.0,1,correct,-1,21.063301,20.525473
A,below_good,71,573,573,final,558,35171700.0,,correct,-1,21.063301,20.525473
A,below_good,71,574,574,final_corrected,558,35171700.0,,correct,-1,21.063301,20.525473
A,below_good,71,575,575,belief,572,,,correct,-1,6.166082,4.825637
A,below_good,72,576,576,end_of_prompt,194,,,correct,-1,10.686756,6.104009
A,below_good,72,577,577,est_offwin,375,117000.0,-1,correct,-1,20.186073,1.736201
A,below_good,72,578,578,est,464,14040000.0,-1,correct,-1,20.030022,3.285506
A,below_good,72,579,579,tau_echo,522,15300000.0,,correct,-1,19.959822,-1.814589
A,below_good,72,580,580,final,522,15300000.0,,correct,-1,19.959822,-1.814589
A,below_good,72,581,581,final_corrected,502,14040000.0,,correct,-1,22.221638,16.262833
A,below_good,72,582,582,belief,536,,,correct,-1,9.780958,7.437675
A,below_good,73,583,583,end_of_prompt,194,,,correct,-1,10.687909,6.113922
A,below_good,73,584,584,est_offwin,341,117000.0,-1,correct,-1,18.909458,-4.203174
A,below_good,73,585,585,est,459,29969000.0,1,correct,-1,23.310917,0.322290
A,below_good,73,586,586,tau_echo,476,15300000.0,,correct,-1,12.800568,-5.970849
A,below_good,73,587,587,est,538,29969000.0,1,correct,-1,19.741608,14.305445
A,below_good,73,588,588,final,538,29969000.0,,correct,-1,19.741608,14.305445
A,below_good,73,589,589,final_corrected,538,29969000.0,,correct,-1,19.741608,14.305445
A,below_good,73,590,590,belief,498,,,correct,-1,6.912536,4.121309
A,below_good,74,591,591,end_of_prompt,194,,,correct,-1,10.711992,6.150922
A,below_good,74,592,592,est_offwin,263,68000.0,-1,correct,-1,20.563179,0.168757
A,below_good,74,593,593,est,418,6800000.0,-1,correct,-1,19.227398,-8.032015
A,below_good,74,594,594,tau_echo,483,15300000.0,,correct,-1,19.876728,-2.607456
A,below_good,74,595,595,final,483,15300000.0,,correct,-1,19.876728,-2.607456
A,below_good,74,596,596,final_corrected,463,6800000.0,,correct,-1,22.766111,10.644717
A,below_good,74,597,597,belief,498,,,correct,-1,9.607658,6.885806
A,below_good,75,598,598,end_of_prompt,194,,,correct,-1,10.687909,6.113922
A,below_good,75,599,599,est_offwin,290,117239.0,-1,correct,-1,9.221621,2.097377
A,below_good,75,600,600,est,532,17585850.0,1,correct,-1,21.263500,4.428470
A,below_good,75,601,601,tau_echo,589,15300000.0,,correct,-1,13.340315,-1.366628
A,below_good,75,602,602,final,589,15300000.0,,correct,-1,13.340315,-1.366628
A,below_good,75,603,603,final_corrected,567,17585850.0,,correct,-1,20.936630,16.425476
A,below_good,75,604,604,belief,610,,,correct,-1,9.564898,5.245450
A,below_good,76,605,605,end_of_prompt,194,,,correct,-1,10.711992,6.150922
A,below_good,76,606,606,est_offwin,275,114000.0,-1,correct,-1,19.710049,-2.589045
A,below_good,76,607,607,est,412,13680000.0,-1,correct,-1,23.785297,2.923280
A,below_good,76,608,608,tau_echo,471,15300000.0,,correct,-1,19.601326,-1.695683
A,below_good,76,609,609,final,471,15300000.0,,correct,-1,19.601326,-1.695683
A,below_good,76,610,610,final_corrected,451,13680000.0,,correct,-1,22.761578,15.003746
A,below_good,76,611,611,belief,490,,,correct,-1,9.885403,6.921082
A,below_good,77,612,612,end_of_prompt,194,,,correct,-1,10.686756,6.104009
A,below_good,77,613,613,est_offwin,382,117000.0,-1,correct,-1,18.548901,0.681553
A,below_good,77,614,614,est,473,17550000.0,1,correct,-1,21.465050,-0.896346
A,below_good,77,615,615,tau_echo,490,15300000.0,,correct,-1,13.703761,-4.003012
A,below_good,77,616,616,est,534,17550000.0,1,correct,-1,18.286091,10.428839
A,below_good,77,617,617,final,534,17550000.0,,correct,-1,18.286091,10.428839
A,below_good,77,618,618,final_corrected,534,17550000.0,,correct,-1,18.286091,10.428839
A,below_good,77,619,619,belief,512,,,correct,-1,7.499071,5.774323
A,below_good,78,620,620,end_of_prompt,194,,,correct,-1,10.686756,6.104009
A,below_good,78,621,621,est_offwin,297,117000.0,-1,correct,-1,19.315752,1.317593
A,below_good,78,622,622,est,430,11700000.0,-1,correct,-1,20.133320,-2.562535
A,below_good,78,623,623,tau_echo,486,15300000.0,,correct,-1,19.557404,-2.361478
A,below_good,78,624,624,final,486,15300000.0,,correct,-1,19.557404,-2.361478
A,below_good,78,625,625,final_corrected,468,11700000.0,,correct,-1,20.685062,11.104442
A,below_good,78,626,626,belief,514,,,correct,-1,9.862854,6.912545
A,below_good,79,627,627,end_of_prompt,194,,,correct,-1,10.711992,6.150922
A,below_good,79,628,628,est_offwin,401,119000.0,-1,correct,-1,24.454645,1.708107
A,below_good,79,629,629,est,430,13566000.0,-1,correct,-1,22.203411,5.259601
A,below_good,79,630,630,tau_echo,485,15300000.0,,correct,-1,19.500740,-3.482153
A,below_good,79,631,631,final,485,15300000.0,,correct,-1,19.500740,-3.482153
A,below_good,79,632,632,final_corrected,468,13566000.0,,correct,-1,23.000898,18.133024
A,below_good,79,633,633,belief,502,,,correct,-1,8.837408,7.106854
A,below_good,80,634,634,end_of_prompt,194,,,correct,-1,10.711992,6.150922
A,below_good,80,635,635,est_offwin,336,117000.0,-1,correct,-1,18.634079,1.451799
A,below_good,80,636,636,est,418,17550000.0,1,correct,-1,21.943356,-5.877688
A,below_good,80,637,637,tau_echo,442,15300000.0,,correct,-1,14.386814,-3.501397
A,below_good,80,638,638,est,459,17550000.0,1,correct,-1,26.522499,5.424460
A,below_good,80,639,639,final,489,17550000.0,,correct,-1,20.299389,13.155637
A,below_good,80,640,640,final_corrected,489,17550000.0,,correct,-1,20.299389,13.155637
A,below_good,81,641,641,end_of_prompt,194,,,unclear,,10.686756,6.104009
A,below_good,81,642,642,est_offwin,285,117239.0,-1,unclear,,7.585789,1.306939
A,below_good,81,643,643,est,455,31654530.0,1,unclear,,18.402195,1.487289
A,below_good,81,644,644,tau_echo,477,15300000.0,,unclear,,14.345910,-5.760695
A,below_good,81,645,645,est,506,31655000.0,1,unclear,,17.231623,9.560577
A,below_good,81,646,646,final,506,31655000.0,,unclear,,17.231623,9.560577
A,below_good,81,647,647,final_corrected,506,31655000.0,,unclear,,17.231623,9.560577
A,below_good,82,648,648,end_of_prompt,194,,,correct,-1,10.686756,6.104009
A,below_good,82,649,649,est_offwin,326,117000.0,-1,correct,-1,19.707180,-2.695387
A,below_good,82,650,650,est,466,11700000.0,-1,correct,-1,18.900339,-2.868726
A,below_good,82,651,651,est,525,11500000.0,-1,correct,-1,12.963308,5.023751
A,below_good,82,652,652,tau_echo,554,15300000.0,,correct,-1,18.100096,0.020402
A,below_good,82,653,653,final,554,15300000.0,,correct,-1,18.100096,0.020402
A,below_good,82,654,654,final_corrected,525,11500000.0,,correct,-1,12.963308,5.023751
A,below_good,82,655,655,belief,559,,,correct,-1,10.212408,2.922550
A,below_good,83,656,656,end_of_prompt,194,,,correct,-1,10.711992,6.150922
A,below_good,83,657,657,est_offwin,270,117000.0,-1,correct,-1,21.308117,3.387759
A,below_good,83,658,658,est,399,17550000.0,1,correct,-1,22.162786,0.117838
A,below_good,83,659,659,tau_echo,464,15300000.0,,correct,-1,16.530968,-1.324584
A,below_good,83,660,660,final,464,15300000.0,,correct,-1,16.530968,-1.324584
A,below_good,83,661,661,final_corrected,449,17550000.0,,correct,-1,25.503397,6.271236
A,below_good,83,662,662,belief,480,,,correct,-1,9.402182,6.273105
A,below_good,84,663,663,end_of_prompt,194,,,correct,-1,10.711992,6.150922
A,below_good,84,664,664,est_offwin,341,117000.0,-1,correct,-1,19.109333,0.117134
A,below_good,84,665,665,est,428,31590000.0,1,correct,-1,22.387609,2.095216
A,below_good,84,666,666,tau_echo,445,15300000.0,,correct,-1,14.897057,-3.890004
A,below_good,84,667,667,est,460,31590000.0,1,correct,-1,27.953115,9.220945
A,below_good,84,668,668,final,482,31590000.0,,correct,-1,21.010639,14.780268
A,below_good,84,669,669,final_corrected,482,31590000.0,,correct,-1,21.010639,14.780268
A,below_good,84,670,670,belief,501,,,correct,-1,9.724175,3.778715
A,below_good,85,671,671,end_of_prompt,194,,,correct,-1,10.686756,6.104009
A,below_good,85,672,672,est_offwin,331,117239.0,-1,correct,-1,8.278144,2.385508
A,below_good,85,673,673,est_offwin,360,100000.0,-1,correct,-1,11.631027,-6.104829
A,below_good,85,674,674,est,444,10500000.0,-1,correct,-1,16.581110,-3.524976
A,below_good,85,675,675,tau_echo,507,15300000.0,,correct,-1,19.049482,-1.735298
A,below_good,85,676,676,final,507,15300000.0,,correct,-1,19.049482,-1.735298
A,below_good,85,677,677,final_corrected,487,10500000.0,,correct,-1,20.145325,11.360693
A,below_good,85,678,678,belief,523,,,correct,-1,10.703966,1.902177
A,below_good,86,679,679,end_of_prompt,194,,,correct,-1,10.686756,6.104009
A,below_good,86,680,680,est_offwin,260,117000.0,-1,correct,-1,20.700651,1.976725
A,below_good,86,681,681,est,436,14625000.0,-1,correct,-1,23.024670,4.114877
A,below_good,86,682,682,tau_echo,454,15300000.0,,correct,-1,18.571199,-2.839757
A,below_good,86,683,683,est,469,14625000.0,-1,correct,-1,26.124287,10.983540
A,below_good,86,684,684,final,519,14625000.0,,correct,-1,19.139549,16.569653
A,below_good,86,685,685,final_corrected,519,14625000.0,,correct,-1,19.139549,16.569653
A,below_good,86,686,686,belief,493,,,correct,-1,9.695976,6.962584
A,below_good,87,687,687,end_of_prompt,194,,,correct,-1,10.686756,6.104009
A,below_good,87,688,688,est_offwin,275,117000.0,-1,correct,-1,19.204594,2.058372
A,below_good,87,689,689,est,448,17550000.0,1,correct,-1,21.569609,-0.106716
A,below_good,87,690,690,tau_echo,468,15300000.0,,correct,-1,16.646639,-2.660162
A,below_good,87,691,691,est,516,17550000.0,1,correct,-1,19.207546,13.003870
A,below_good,87,692,692,final,516,17550000.0,,correct,-1,19.207546,13.003870
A,below_good,87,693,693,final_corrected,516,17550000.0,,correct,-1,19.207546,13.003870
A,below_good,87,694,694,belief,485,,,correct,-1,8.826836,7.117285
A,below_good,88,695,695,end_of_prompt,194,,,correct,-1,10.711992,6.150922
A,below_good,88,696,696,est_offwin,265,68000.0,-1,correct,-1,21.604753,-1.940246
A,below_good,88,697,697,est,417,10880000.0,-1,correct,-1,21.851425,1.122376
A,below_good,88,698,698,tau_echo,465,15300000.0,,correct,-1,18.534424,-3.411520
A,below_good,88,699,699,final,465,15300000.0,,correct,-1,18.534424,-3.411520
A,below_good,88,700,700,final_corrected,443,10880000.0,,correct,-1,22.501122,13.704696
A,below_good,88,701,701,belief,482,,,correct,-1,9.686510,7.615425
A,below_good,89,702,702,end_of_prompt,194,,,correct,-1,10.642157,6.084336
A,below_good,89,703,703,est_offwin,357,117000.0,-1,correct,-1,17.949833,1.273190
A,below_good,89,704,704,est_offwin,378,32500.0,-1,correct,-1,16.887306,-0.062290
A,below_good,89,705,705,est,506,7312500.0,-1,correct,-1,21.709984,-1.625560
A,below_good,89,706,706,est_offwin,555,84500.0,-1,correct,-1,19.247295,-1.499804
A,below_good,89,707,707,est,599,19012500.0,1,correct,-1,18.709358,-2.443078
A,below_good,89,708,708,est,622,7312500.0,-1,correct,-1,22.600838,4.359312
A,below_good,89,709,709,est,639,19012500.0,1,correct,-1,23.946741,-3.446340
A,below_good,89,710,710,est,656,26325000.0,1,correct,-1,19.940495,3.118042
A,below_good,89,711,711,tau_echo,680,15300000.0,,correct,-1,13.828384,-5.665058
A,below_good,89,712,712,est,744,18000000.0,1,correct,-1,5.210229,-3.310728
A,below_good,89,713,713,final,761,18000000.0,,correct,-1,20.945335,-1.308721
A,below_good,89,714,714,final_corrected,761,18000000.0,,correct,-1,20.945335,-1.308721
A,below_good,90,715,715,end_of_prompt,194,,,unclear,,10.711992,6.150922
A,below_good,90,716,716,est_offwin,345,117000.0,-1,unclear,,17.928928,0.600077
A,below_good,90,717,717,est,431,16380000.0,1,unclear,,22.620073,0.913892
A,below_good,90,718,718,tau_echo,491,15300000.0,,unclear,,16.396294,-1.789047
A,below_good,90,719,719,final,491,15300000.0,,unclear,,16.396294,-1.789047
A,below_good,90,720,720,final_corrected,470,16380000.0,,unclear,,22.145016,12.166029
A,below_good,91,721,721,end_of_prompt,194,,,correct,-1,10.750615,6.132125
A,below_good,91,722,722,est_offwin,332,117000.0,-1,correct,-1,20.221703,1.458798
A,below_good,91,723,723,est,567,14040000.0,-1,correct,-1,21.533415,-0.210178
A,below_good,91,724,724,tau_echo,593,15300000.0,,correct,-1,18.612999,-0.752766
A,below_good,91,725,725,est,642,14500000.0,-1,correct,-1,13.540030,2.796098
A,below_good,91,726,726,final,642,14500000.0,,correct,-1,13.540030,2.796098
A,below_good,91,727,727,final_corrected,642,14500000.0,,correct,-1,13.540030,2.796098
A,below_good,92,728,728,end_of_prompt,194,,,correct,-1,10.687909,6.113922
A,below_good,92,729,729,est_offwin,279,117000.0,-1,correct,-1,20.255447,-1.641230
A,below_good,92,730,730,est,466,32760000.0,1,correct,-1,23.367115,2.612947
A,below_good,92,731,731,tau_echo,529,15300000.0,,correct,-1,15.574518,-3.141931
A,below_good,92,732,732,final,529,15300000.0,,correct,-1,15.574518,-3.141931
A,below_good,92,733,733,final_corrected,496,32760000.0,,correct,-1,23.313326,12.675283
A,below_good,92,734,734,belief,549,,,correct,-1,5.309139,6.673069
A,below_good,93,735,735,end_of_prompt,194,,,correct,-1,10.750615,6.132125
A,below_good,93,736,736,est_offwin,328,111000.0,-1,correct,-1,19.348072,1.344837
A,below_good,93,737,737,est,608,43290000.0,1,correct,-1,21.393604,2.020856
A,below_good,93,738,738,tau_echo,657,15300000.0,,correct,-1,13.967781,-3.348797
A,below_good,93,739,739,final,657,15300000.0,,correct,-1,13.967781,-3.348797
A,below_good,93,740,740,final_corrected,638,43290000.0,,correct,-1,21.264349,14.135955
A,below_good,93,741,741,belief,671,,,correct,-1,8.059286,6.456023
A,below_good,94,742,742,end_of_prompt,194,,,correct,-1,10.687909,6.113922
A,below_good,94,743,743,est_offwin,294,117000.0,-1,correct,-1,20.506994,2.156283
A,below_good,94,744,744,est,501,26034000.0,1,correct,-1,24.298241,7.010021
A,below_good,94,745,745,tau_echo,583,15300000.0,,correct,-1,15.580376,-3.023500
A,below_good,94,746,746,final,583,15300000.0,,correct,-1,15.580376,-3.023500
A,below_good,94,747,747,final_corrected,542,26034000.0,,correct,-1,23.962318,15.589018
A,below_good,94,748,748,belief,608,,,correct,-1,8.226274,7.397655
A,below_good,95,749,749,end_of_prompt,194,,,correct,-1,10.711992,6.150922
A,below_good,95,750,750,est_offwin,293,130000.0,-1,correct,-1,21.210831,-1.709299
A,below_good,95,751,751,est,395,19500000.0,1,correct,-1,21.745586,-6.304170
A,below_good,95,752,752,tau_echo,417,15300000.0,,correct,-1,16.070341,-2.245580
A,below_good,95,753,753,est,432,19500000.0,1,correct,-1,27.667974,4.587898
A,below_good,95,754,754,final,476,19500000.0,,correct,-1,18.524487,11.181956
A,below_good,95,755,755,final_corrected,476,19500000.0,,correct,-1,18.524487,11.181956
A,below_good,95,756,756,belief,455,,,correct,-1,5.593942,5.184909
A,below_good,96,757,757,end_of_prompt,194,,,correct,-1,10.711992,6.150922
A,below_good,96,758,758,est_offwin,283,117000.0,-1,correct,-1,19.087330,-2.690150
A,below_good,96,759,759,est,366,11700000.0,-1,correct,-1,19.029064,-7.552382
A,below_good,96,760,760,tau_echo,425,15300000.0,,correct,-1,19.485485,-2.501536
A,below_good,96,761,761,final,425,15300000.0,,correct,-1,19.485485,-2.501536
A,below_good,96,762,762,final_corrected,404,11700000.0,,correct,-1,19.685318,11.061144
A,below_good,96,763,763,belief,437,,,correct,-1,8.593044,4.978161
A,below_good,97,764,764,end_of_prompt,194,,,correct,-1,10.711992,6.150922
A,below_good,97,765,765,est_offwin,288,115000.0,-1,correct,-1,17.770462,-4.266370
A,below_good,97,766,766,est,374,14375000.0,-1,correct,-1,21.272907,-2.388422
A,below_good,97,767,767,tau_echo,431,15300000.0,,correct,-1,18.246756,-2.666425
A,below_good,97,768,768,final,431,15300000.0,,correct,-1,18.246756,-2.666425
A,below_good,97,769,769,final_corrected,412,14375000.0,,correct,-1,21.669977,17.010855
A,below_good,97,770,770,belief,447,,,correct,-1,8.300468,6.767173
A,below_good,98,771,771,end_of_prompt,194,,,correct,-1,10.686756,6.104009
A,below_good,98,772,772,est_offwin,376,111000.0,-1,correct,-1,17.129761,1.982358
A,below_good,98,773,773,est_offwin,408,100000.0,-1,correct,-1,12.814217,-5.393582
A,below_good,98,774,774,est,480,15000000.0,-1,correct,-1,16.779959,-5.649273
A,below_good,98,775,775,tau_echo,525,15300000.0,,correct,-1,20.282522,0.060506
A,below_good,98,776,776,final,525,15300000.0,,correct,-1,20.282522,0.060506
A,below_good,98,777,777,final_corrected,504,15000000.0,,correct,-1,17.567942,7.844460
A,below_good,98,778,778,belief,545,,,correct,-1,10.135211,7.430564
A,below_good,99,779,779,end_of_prompt,194,,,correct,-1,10.686756,6.104009
A,below_good,99,780,780,est_offwin,255,117000.0,-1,correct,-1,19.545563,-1.106021
A,below_good,99,781,781,est,436,14625000.0,-1,correct,-1,22.780699,3.898542
A,below_good,99,782,782,tau_echo,501,15300000.0,,correct,-1,19.968092,-1.826242
A,below_good,99,783,783,final,501,15300000.0,,correct,-1,19.968092,-1.826242
A,below_good,99,784,784,final_corrected,481,14625000.0,,correct,-1,22.833155,17.936453
A,below_good,99,785,785,belief,525,,,correct,-1,9.104521,7.629600
A,below_good,100,786,786,end_of_prompt,194,,,unclear,,10.711992,6.150922
A,below_good,100,787,787,est_offwin,286,110000.0,-1,unclear,,19.161369,-4.304081
A,below_good,100,788,788,est,429,33000000.0,1,unclear,,19.467171,-4.251146
A,below_good,100,789,789,tau_echo,451,15300000.0,,unclear,,17.022655,-3.274986
A,below_good,100,790,790,est,509,33000000.0,1,unclear,,17.926285,5.876716
A,below_good,100,791,791,final,509,33000000.0,,unclear,,17.926285,5.876716
A,below_good,100,792,792,final_corrected,509,33000000.0,,unclear,,17.926285,5.876716
A,below_good,101,793,793,end_of_prompt,194,,,correct,-1,10.686756,6.104009
A,below_good,101,794,794,est_offwin,282,117000.0,-1,correct,-1,19.551754,-2.595688
A,below_good,101,795,795,est,425,12870000.0,-1,correct,-1,20.419693,-4.441772
A,below_good,101,796,796,tau_echo,448,15300000.0,,correct,-1,16.123806,-6.440877
A,below_good,101,797,797,est,511,12870000.0,-1,correct,-1,18.253300,13.626354
A,below_good,101,798,798,final,511,12870000.0,,correct,-1,18.253300,13.626354
A,below_good,101,799,799,final_corrected,511,12870000.0,,correct,-1,18.253300,13.626354
A,below_good,101,800,800,belief,539,,,correct,-1,8.838552,5.935446
A,below_good,102,801,801,end_of_prompt,194,,,correct,-1,10.686756,6.104009
A,below_good,102,802,802,est_offwin,276,117000.0,-1,correct,-1,20.927109,1.762965
A,below_good,102,803,803,est,462,15210000.0,-1,correct,-1,24.196560,0.517127
A,below_good,102,804,804,tau_echo,529,15300000.0,,correct,-1,20.483143,-1.466411
A,below_good,102,805,805,final,529,15300000.0,,correct,-1,20.483143,-1.466411
A,below_good,102,806,806,final_corrected,508,15210000.0,,correct,-1,22.793055,15.359070
A,below_good,102,807,807,belief,550,,,correct,-1,13.792469,3.027252
A,below_good,103,808,808,end_of_prompt,194,,,correct,-1,10.642157,6.084336
A,below_good,103,809,809,est_offwin,284,117000.0,-1,correct,-1,18.394598,-2.757663
A,below_good,103,810,810,est,709,14625000.0,-1,correct,-1,21.785677,1.650773
A,below_good,103,811,811,tau_echo,751,15300000.0,,correct,-1,18.829102,-3.411796
A,below_good,103,812,812,final,751,15300000.0,,correct,-1,18.829102,-3.411796
A,below_good,103,813,813,final_corrected,730,14625000.0,,correct,-1,20.684372,10.431400
A,below_good,103,814,814,belief,758,,,correct,-1,12.722883,3.029284
A,below_good,104,815,815,end_of_prompt,194,,,correct,-1,10.711992,6.150922
A,below_good,104,816,816,est_offwin,378,117000.0,-1,correct,-1,18.371157,0.914672
A,below_good,104,817,817,est,424,14625000.0,-1,correct,-1,19.088223,2.076188
A,below_good,104,818,818,tau_echo,469,15300000.0,,correct,-1,18.133957,-1.653109
A,below_good,104,819,819,final,469,15300000.0,,correct,-1,18.133957,-1.653109
A,below_good,104,820,820,final_corrected,447,14625000.0,,correct,-1,10.750408,19.117809
A,below_good,104,821,821,belief,482,,,correct,-1,9.103422,7.172672
A,below_good,105,822,822,end_of_prompt,194,,,correct,-1,10.686756,6.104009
A,below_good,105,823,823,est_offwin,323,117000.0,-1,correct,-1,17.594164,-3.895885
A,below_good,105,824,824,est,446,12870000.0,-1,correct,-1,22.076546,3.001939
A,below_good,105,825,825,tau_echo,466,15300000.0,,correct,-1,20.608631,-5.560219
A,below_good,105,826,826,est,484,12870000.0,-1,correct,-1,21.616446,16.425522
A,below_good,105,827,827,final,484,12870000.0,,correct,-1,21.616446,16.425522
A,below_good,105,828,828,final_corrected,484,12870000.0,,correct,-1,21.616446,16.425522
A,below_good,105,829,829,belief,511,,,correct,-1,11.812724,4.622376
A,below_good,106,830,830,end_of_prompt,194,,,correct,-1,10.711992,6.150922
A,below_good,106,831,831,est_offwin,306,116000.0,-1,correct,-1,18.452095,-3.186532
A,below_good,106,832,832,est,379,4640000.0,-1,correct,-1,20.524223,-3.675547
A,below_good,106,833,833,tau_echo,401,15300000.0,,correct,-1,19.889414,-7.084856
A,below_good,106,834,834,est,416,4640000.0,-1,correct,-1,26.852936,7.490271
A,below_good,106,835,835,final,416,4640000.0,,correct,-1,26.852936,7.490271
A,below_good,106,836,836,final_corrected,416,4640000.0,,correct,-1,26.852936,7.490271
A,below_good,106,837,837,belief,432,,,correct,-1,9.916044,6.484179
A,below_good,107,838,838,end_of_prompt,194,,,correct,-1,10.686756,6.104009
A,below_good,107,839,839,est_offwin,344,117000.0,-1,correct,-1,17.886776,0.858030
A,below_good,107,840,840,est,434,18720000.0,1,correct,-1,23.505550,2.690431
A,below_good,107,841,841,tau_echo,497,15300000.0,,correct,-1,14.437554,-4.655993
A,below_good,107,842,842,final,497,15300000.0,,correct,-1,14.437554,-4.655993
A,below_good,107,843,843,final_corrected,472,160.0,,correct,-1,20.047064,0.826846
A,below_good,107,844,844,belief,516,,,correct,-1,9.603508,6.184192
A,below_good,108,845,845,end_of_prompt,194,,,correct,-1,10.686756,6.104009
A,below_good,108,846,846,est_offwin,286,117239.0,-1,correct,-1,7.932909,1.519673
A,below_good,108,847,847,est,408,16149362.0,1,correct,-1,9.194071,6.873360
A,below_good,108,848,848,est,449,16149363.0,1,correct,-1,3.334725,10.828127
A,below_good,108,849,849,tau_echo,468,15300000.0,,correct,-1,11.441788,-0.860894
A,below_good,108,850,850,final,468,15300000.0,,correct,-1,11.441788,-0.860894
A,below_good,108,851,851,final_corrected,449,16149363.0,,correct,-1,3.334725,10.828127
A,below_good,108,852,852,belief,496,,,correct,-1,8.589771,5.367931
A,below_good,109,853,853,end_of_prompt,194,,,correct,-1,10.711992,6.150922
A,below_good,109,854,854,est_offwin,313,117000.0,-1,correct,-1,18.368938,0.750306
A,below_good,109,855,855,est,443,11700000.0,-1,correct,-1,17.185001,-1.666311
A,below_good,109,856,856,tau_echo,464,15300000.0,,correct,-1,20.482155,-3.184856
A,below_good,109,857,857,final,464,15300000.0,,correct,-1,20.482155,-3.184856
A,below_good,109,858,858,final_corrected,443,11700000.0,,correct,-1,17.185001,-1.666311
A,below_good,109,859,859,belief,482,,,correct,-1,10.636929,5.852796
A,below_good,110,860,860,end_of_prompt,194,,,correct,-1,10.686756,6.104009
A,below_good,110,861,861,est_offwin,358,68293.0,-1,correct,-1,5.726752,4.649333
A,below_good,110,862,862,est_offwin,370,2000.0,-1,correct,-1,13.725757,-7.167974
A,below_good,110,863,863,est_offwin,395,70000.0,-1,correct,-1,17.390476,-0.345622
A,below_good,110,864,864,est,483,8750000.0,-1,correct,-1,18.962635,-1.912258
A,below_good,110,865,865,tau_echo,546,15300000.0,,correct,-1,18.516628,-2.852478
A,below_good,110,866,866,final,546,15300000.0,,correct,-1,18.516628,-2.852478
A,below_good,110,867,867,final_corrected,505,8750000.0,,correct,-1,19.514046,2.188996
A,below_good,110,868,868,belief,562,,,correct,-1,10.534056,8.607986
A,below_good,111,869,869,end_of_prompt,194,,,correct,-1,10.686756,6.104009
A,below_good,111,870,870,est_offwin,274,68000.0,-1,correct,-1,19.817848,-2.648229
A,below_good,111,871,871,est,439,8840000.0,-1,correct,-1,20.680647,-2.695808
A,below_good,111,872,872,tau_echo,455,15300000.0,,correct,-1,19.381329,-6.580279
A,below_good,111,873,873,est,470,8840000.0,-1,correct,-1,27.371798,9.737225
A,below_good,111,874,874,final,470,8840000.0,,correct,-1,27.371798,9.737225
A,below_good,111,875,875,final_corrected,470,8840000.0,,correct,-1,27.371798,9.737225
A,below_good,111,876,876,belief,489,,,correct,-1,9.092258,6.097329
A,below_good,112,877,877,end_of_prompt,194,,,correct,-1,10.711992,6.150922
A,below_good,112,878,878,est_offwin,254,60000.0,-1,correct,-1,20.204704,-4.303446
A,below_good,112,879,879,est,406,20400000.0,1,correct,-1,22.185984,-3.853693
A,below_good,112,880,880,tau_echo,446,15300000.0,,correct,-1,15.324600,-4.112411
A,below_good,112,881,881,est,501,20400000.0,1,correct,-1,18.433870,12.440804
A,below_good,112,882,882,final,501,20400000.0,,correct,-1,18.433870,12.440804
A,below_good,112,883,883,final_corrected,501,20400000.0,,correct,-1,18.433870,12.440804
A,below_good,112,884,884,belief,456,,,correct,-1,8.112288,4.476567
A,below_good,113,885,885,end_of_prompt,194,,,correct,-1,10.711992,6.150922
A,below_good,113,886,886,est_offwin,357,117000.0,-1,correct,-1,19.589954,2.515276
A,below_good,113,887,887,est,418,19890000.0,1,correct,-1,24.541645,-0.556695
A,below_good,113,888,888,tau_echo,477,15300000.0,,correct,-1,15.278327,-2.864529
A,below_good,113,889,889,final,477,15300000.0,,correct,-1,15.278327,-2.864529
A,below_good,113,890,890,final_corrected,458,19890000.0,,correct,-1,22.242996,15.856873
A,below_good,113,891,891,belief,489,,,correct,-1,9.626641,5.388229
A,below_good,114,892,892,end_of_prompt,194,,,correct,-1,10.686756,6.104009
A,below_good,114,893,893,est_offwin,250,68000.0,-1,correct,-1,21.806744,2.623668
A,below_good,114,894,894,est,424,1904000.0,-1,correct,-1,20.356239,3.700846
A,below_good,114,895,895,tau_echo,484,15300000.0,,correct,-1,20.099678,-1.842689
A,below_good,114,896,896,final,511,15300000.0,,correct,-1,17.614681,2.535312
A,below_good,114,897,897,final_corrected,463,1904000.0,,correct,-1,24.780239,16.279278
A,below_good,114,898,898,belief,524,,,correct,-1,8.471302,5.950979
A,below_good,115,899,899,end_of_prompt,194,,,unclear,,10.686756,6.104009
A,below_good,115,900,900,est_offwin,281,117000.0,-1,unclear,,17.857559,1.231487
A,below_good,115,901,901,est_offwin,401,1500.0,-1,unclear,,19.805576,-0.035397
A,below_good,115,902,902,est_offwin,463,117000.0,-1,unclear,,28.253307,3.345876
A,below_good,115,903,903,est_offwin,471,1500.0,-1,unclear,,27.294823,4.369783
A,below_good,115,904,904,est,484,175500000.0,1,unclear,,17.694517,-1.035999
A,below_good,115,905,905,tau_echo,540,15300000.0,,unclear,,12.718922,-0.953313
A,below_good,115,906,906,final,540,15300000.0,,unclear,,12.718922,-0.953313
A,below_good,115,907,907,final_corrected,508,175500000.0,,unclear,,19.345392,6.955441
A,below_good,116,908,908,end_of_prompt,194,,,correct,-1,10.687909,6.113922
A,below_good,116,909,909,est_offwin,259,117000.0,-1,correct,-1,20.229572,2.670534
A,below_good,116,910,910,est,552,17550000.0,1,correct,-1,22.461418,0.593440
A,below_good,116,911,911,tau_echo,615,15300000.0,,correct,-1,16.453394,-1.898795
A,below_good,116,912,912,final,615,15300000.0,,correct,-1,16.453394,-1.898795
A,below_good,116,913,913,final_corrected,593,17550000.0,,correct,-1,21.604338,12.271177
A,below_good,116,914,914,belief,631,,,correct,-1,6.856791,5.223012
A,below_good,117,915,915,end_of_prompt,194,,,correct,-1,10.711992,6.150922
A,below_good,117,916,916,est_offwin,361,114000.0,-1,correct,-1,21.796349,5.354010
A,below_good,117,917,917,est,422,12540000.0,-1,correct,-1,20.049164,1.418594
A,below_good,117,918,918,tau_echo,473,15300000.0,,correct,-1,19.113159,-3.430489
A,below_good,117,919,919,final,473,15300000.0,,correct,-1,19.113159,-3.430489
A,below_good,117,920,920,final_corrected,457,12540000.0,,correct,-1,23.054230,17.016792
A,below_good,117,921,921,belief,494,,,correct,-1,8.988190,7.521883
A,below_good,118,922,922,end_of_prompt,194,,,correct,-1,10.711992,6.150922
A,below_good,118,923,923,est_offwin,252,117000.0,-1,correct,-1,20.793997,2.215370
A,below_good,118,924,924,est,425,15795000.0,1,correct,-1,23.382156,5.503895
A,below_good,118,925,925,tau_echo,442,15300000.0,,correct,-1,15.514245,-0.709930
A,below_good,118,926,926,est,458,15795000.0,1,correct,-1,29.440865,6.796960
A,below_good,118,927,927,final,501,15795000.0,,correct,-1,19.631725,17.967009
A,below_good,118,928,928,final_corrected,501,15795000.0,,correct,-1,19.631725,17.967009
A,below_good,118,929,929,belief,473,,,correct,-1,9.169287,5.648304
A,below_good,119,930,930,end_of_prompt,194,,,correct,-1,10.686756,6.104009
A,below_good,119,931,931,tau_echo,281,15300000.0,,correct,-1,19.745049,-3.964859
A,below_good,119,932,932,est_offwin,337,117000.0,-1,correct,-1,21.169975,-0.577662
A,below_good,119,933,933,est,451,14040000.0,-1,correct,-1,21.568138,-0.163483
A,below_good,119,934,934,tau_echo,478,15300000.0,,correct,-1,20.864210,-4.796056
A,below_good,119,935,935,est,522,14040000.0,-1,correct,-1,20.312031,15.370096
A,below_good,119,936,936,final,522,14040000.0,,correct,-1,20.312031,15.370096
A,below_good,119,937,937,final_corrected,522,14040000.0,,correct,-1,20.312031,15.370096
A,below_good,119,938,938,belief,304,,,correct,-1,8.213264,4.199691
A,below_good,120,939,939,end_of_prompt,194,,,correct,-1,10.687909,6.113922
A,below_good,120,940,940,est,301,8000000.0,-1,correct,-1,15.266260,-8.777514
A,below_good,120,941,941,est_offwin,334,117000.0,-1,correct,-1,17.926765,-3.512547
A,below_good,120,942,942,est_offwin,352,5000.0,-1,correct,-1,18.576210,-6.481590
A,below_good,120,943,943,est_offwin,368,122000.0,-1,correct,-1,19.265646,0.887111
A,below_good,120,944,944,est,492,18300000.0,1,correct,-1,21.669216,-6.172463
A,below_good,120,945,945,tau_echo,517,15300000.0,,correct,-1,14.552169,-1.224017
A,below_good,120,946,946,est,561,8000000.0,-1,correct,-1,15.652794,2.308332
A,below_good,120,947,947,final,561,8000000.0,,correct,-1,15.652794,2.308332
A,below_good,120,948,948,final_corrected,561,8000000.0,,correct,-1,15.652794,2.308332
A,below_good,121,949,949,end_of_prompt,194,,,correct,-1,10.711992,6.150922
A,below_good,121,950,950,est_offwin,250,36000.0,-1,correct,-1,19.010183,-0.377785
A,below_good,121,951,951,est,403,4500000.0,-1,correct,-1,17.563835,-6.104247
A,below_good,121,952,952,tau_echo,458,15300000.0,,correct,-1,20.399843,-3.583071
A,below_good,121,953,953,final,458,15300000.0,,correct,-1,20.399843,-3.583071
A,below_good,121,954,954,final_corrected,436,4500000.0,,correct,-1,21.112602,9.184645
A,below_good,121,955,955,belief,468,,,correct,-1,9.082540,5.817621
A,below_good,122,956,956,end_of_prompt,194,,,unclear,,10.687909,6.113922
A,below_good,122,957,957,est_offwin,295,117000.0,-1,unclear,,19.888962,0.909873
A,below_good,122,958,958,est,501,15795000.0,1,unclear,,24.018866,2.547995
A,below_good,122,959,959,tau_echo,523,15300000.0,,unclear,,15.368757,-0.809466
A,below_good,122,960,960,est,539,15795000.0,1,unclear,,26.372017,9.400928
A,below_good,122,961,961,est,575,15800000.0,1,unclear,,12.899017,3.299325
A,below_good,122,962,962,final,575,15800000.0,,unclear,,12.899017,3.299325
A,below_good,122,963,963,final_corrected,575,15800000.0,,unclear,,12.899017,3.299325
A,below_good,123,964,964,end_of_prompt,194,,,unclear,,10.686756,6.104009
A,below_good,123,965,965,est_offwin,290,117000.0,-1,unclear,,18.129248,-1.612415
A,below_good,123,966,966,est_offwin,320,150000.0,-1,unclear,,16.943317,-3.169508
A,below_good,123,967,967,est,467,22500000.0,1,unclear,,19.333769,-3.466462
A,below_good,123,968,968,tau_echo,484,15300000.0,,unclear,,15.221431,-2.566389
A,below_good,123,969,969,est,499,22500000.0,1,unclear,,26.359890,-1.106120
A,below_good,123,970,970,final,527,22500000.0,,unclear,,17.941820,10.150059
A,below_good,123,971,971,final_corrected,527,22500000.0,,unclear,,17.941820,10.150059
A,below_good,124,972,972,end_of_prompt,194,,,correct,-1,10.687909,6.113922
A,below_good,124,973,973,est_offwin,434,133500.0,-1,correct,-1,20.342945,2.407548
A,below_good,124,974,974,est,453,20025000.0,1,correct,-1,21.720623,2.944169
A,below_good,124,975,975,tau_echo,474,15300000.0,,correct,-1,13.453060,-2.337666
A,below_good,124,976,976,est,522,20000000.0,1,correct,-1,9.978067,0.160221
A,below_good,124,977,977,final,562,20000000.0,,correct,-1,19.960747,10.818932
A,below_good,124,978,978,final_corrected,562,20000000.0,,correct,-1,19.960747,10.818932
A,below_good,125,979,979,end_of_prompt,194,,,correct,-1,10.686756,6.104009
A,below_good,125,980,980,est_offwin,277,117000.0,-1,correct,-1,20.460705,2.509061
A,below_good,125,981,981,est,439,17550000.0,1,correct,-1,23.043068,0.636992
A,below_good,125,982,982,tau_echo,498,15300000.0,,correct,-1,17.505131,-1.280841
A,below_good,125,983,983,final,498,15300000.0,,correct,-1,17.505131,-1.280841
A,below_good,125,984,984,final_corrected,477,17550000.0,,correct,-1,22.616859,12.174054
A,below_good,125,985,985,belief,510,,,correct,-1,11.004166,1.054737
A,below_good,126,986,986,end_of_prompt,194,,,unclear,,10.687909,6.113922
A,below_good,126,987,987,est_offwin,281,111000.0,-1,unclear,,18.714209,1.298039
A,below_good,126,988,988,est,467,16650000.0,1,unclear,,22.276501,0.160397
A,below_good,126,989,989,tau_echo,581,15300000.0,,unclear,,14.206122,-2.143014
A,below_good,126,990,990,final,581,15300000.0,,unclear,,14.206122,-2.143014
A,below_good,126,991,991,final_corrected,562,16650000.0,,unclear,,20.840673,17.836777
A,below_good,127,992,992,end_of_prompt,194,,,correct,-1,10.687909,6.113922
A,below_good,127,993,993,est_offwin,469,118500.0,-1,correct,-1,18.974497,2.852624
A,below_good,127,994,994,est,496,29625000.0,1,correct,-1,22.567654,4.067019
A,below_good,127,995,995,tau_echo,575,15300000.0,,correct,-1,10.367792,1.381882
A,below_good,127,996,996,final,621,15300000.0,,correct,-1,14.979725,9.655020
A,below_good,127,997,997,final_corrected,525,29625000.0,,correct,-1,22.732555,4.773580
A,below_good,127,998,998,belief,590,,,correct,-1,8.080766,4.376509
A,below_good,128,999,999,end_of_prompt,194,,,unclear,,10.686756,6.104009
A,below_good,128,1000,1000,est_offwin,301,140000.0,-1,unclear,,20.457335,-2.036459
A,below_good,128,1001,1001,est,440,18620000.0,1,unclear,,23.389996,2.354525
A,below_good,128,1002,1002,tau_echo,457,15300000.0,,unclear,,15.739677,-3.369606
A,below_good,128,1003,1003,est,497,18620000.0,1,unclear,,21.509098,14.288462
A,below_good,128,1004,1004,final,497,18620000.0,,unclear,,21.509098,14.288462
A,below_good,128,1005,1005,final_corrected,497,18620000.0,,unclear,,21.509098,14.288462
A,below_good,129,1006,1006,end_of_prompt,194,,,correct,-1,10.704596,6.137589
A,below_good,129,1007,1007,est_offwin,363,25200.0,-1,correct,-1,21.204536,3.976696
A,below_good,129,1008,1008,est_offwin,444,135000.0,-1,correct,-1,22.444458,-4.073375
A,below_good,129,1009,1009,est_offwin,467,3402000000.0,1,correct,-1,13.605570,-2.325575
A,below_good,129,1010,1010,est_offwin,561,20000.0,-1,correct,-1,12.048658,-1.114594
A,below_good,129,1011,1011,est_offwin,579,135000.0,-1,correct,-1,23.338949,-1.005082
A,below_good,129,1012,1012,est_offwin,602,2700000000.0,1,correct,-1,13.486169,-3.079921
A,below_good,129,1013,1013,tau_echo,624,15300000.0,,correct,-1,15.793449,-3.217670
A,below_good,129,1014,1014,est,701,13000000.0,-1,correct,-1,10.682539,-2.877536
A,below_good,129,1015,1015,final,701,13000000.0,,correct,-1,10.682539,-2.877536
A,below_good,129,1016,1016,final_corrected,701,13000000.0,,correct,-1,10.682539,-2.877536
A,below_good,130,1017,1017,end_of_prompt,194,,,correct,-1,10.711992,6.150922
A,below_good,130,1018,1018,est_offwin,293,117000.0,-1,correct,-1,18.862526,1.257860
A,below_good,130,1019,1019,est,406,29969000.0,1,correct,-1,25.880234,1.982300
A,below_good,130,1020,1020,tau_echo,430,15300000.0,,correct,-1,15.052530,-5.460144
A,below_good,130,1021,1021,est,446,29969000.0,1,correct,-1,29.126841,10.125758
A,below_good,130,1022,1022,final,489,29969000.0,,correct,-1,20.864273,17.713926
A,below_good,130,1023,1023,final_corrected,489,29969000.0,,correct,-1,20.864273,17.713926
A,below_good,130,1024,1024,belief,470,,,correct,-1,8.470742,6.058073
A,below_good,131,1025,1025,end_of_prompt,194,,,correct,-1,10.711992,6.150922
A,below_good,131,1026,1026,est_offwin,304,117000.0,-1,correct,-1,20.495537,2.345073
A,below_good,131,1027,1027,est,405,17550000.0,1,correct,-1,20.231606,-1.545099
A,below_good,131,1028,1028,tau_echo,422,15300000.0,,correct,-1,14.096890,-1.852180
A,below_good,131,1029,1029,est,458,17550000.0,1,correct,-1,20.052525,11.555753
A,below_good,131,1030,1030,final,458,17550000.0,,correct,-1,20.052525,11.555753
A,below_good,131,1031,1031,final_corrected,458,17550000.0,,correct,-1,20.052525,11.555753
A,below_good,132,1032,1032,end_of_prompt,194,,,correct,-1,10.709288,6.142563
A,below_good,132,1033,1033,est_offwin,437,10000.0,-1,correct,-1,20.759932,-5.414352
A,below_good,132,1034,1034,est_offwin,452,150000.0,-1,correct,-1,18.687412,-7.111391
A,below_good,132,1035,1035,est,488,5250000.0,-1,correct,-1,20.891769,-7.963107
A,below_good,132,1036,1036,est_offwin,543,117239.0,-1,correct,-1,6.171146,3.143345
A,below_good,132,1037,1037,est,578,5250000.0,-1,correct,-1,22.741291,-3.845158
A,below_good,132,1038,1038,est_offwin,591,117239.0,-1,correct,-1,19.527227,2.917656
A,below_good,132,1039,1039,est_offwin,610,6165007500.0,1,correct,-1,15.053084,4.438226
A,below_good,132,1040,1040,tau_echo,627,15300000.0,,correct,-1,16.112740,-4.536153
A,below_good,132,1041,1041,est_offwin,644,6165007500.0,1,correct,-1,23.099251,14.542862
A,below_good,132,1042,1042,est_offwin,691,6165008000.0,1,correct,-1,16.429625,12.233768
A,below_good,132,1043,1043,final,691,6165008000.0,,correct,-1,16.429625,12.233768
A,below_good,132,1044,1044,final_corrected,691,6165008000.0,,correct,-1,16.429625,12.233768
A,below_good,132,1045,1045,belief,668,,,correct,-1,9.148813,5.797490
A,below_good,133,1046,1046,end_of_prompt,194,,,correct,-1,10.686756,6.104009
A,below_good,133,1047,1047,est_offwin,294,117239.0,-1,correct,-1,8.624409,2.363278
A,below_good,133,1048,1048,est,434,21734815.0,1,correct,-1,8.434285,2.957972
A,below_good,133,1049,1049,tau_echo,499,15300000.0,,correct,-1,16.434116,-3.219757
A,below_good,133,1050,1050,final,499,15300000.0,,correct,-1,16.434116,-3.219757
A,below_good,133,1051,1051,final_corrected,478,21734815.0,,correct,-1,10.177486,13.956255
A,below_good,133,1052,1052,belief,534,,,correct,-1,8.988312,6.827993
A,below_good,134,1053,1053,end_of_prompt,194,,,correct,-1,10.686756,6.104009
A,below_good,134,1054,1054,est_offwin,312,117000.0,-1,correct,-1,19.073589,2.048299
A,below_good,134,1055,1055,est,470,10530000.0,-1,correct,-1,21.524734,1.102085
A,below_good,134,1056,1056,tau_echo,527,15300000.0,,correct,-1,19.288553,-2.469781
A,below_good,134,1057,1057,final,527,15300000.0,,correct,-1,19.288553,-2.469781
A,below_good,134,1058,1058,final_corrected,493,10530000.0,,correct,-1,22.759575,13.556705
A,below_good,134,1059,1059,belief,546,,,correct,-1,9.762298,6.643359
A,below_good,135,1060,1060,end_of_prompt,194,,,correct,-1,10.711992,6.150922
A,below_good,135,1061,1061,est_offwin,249,65000.0,-1,correct,-1,19.406313,-4.021744
A,below_good,135,1062,1062,est,406,9750000.0,-1,correct,-1,21.544470,-5.481534
A,below_good,135,1063,1063,tau_echo,468,15300000.0,,correct,-1,19.410854,-2.472445
A,below_good,135,1064,1064,final,468,15300000.0,,correct,-1,19.410854,-2.472445
A,below_good,135,1065,1065,final_corrected,448,9750000.0,,correct,-1,23.053928,12.952722
A,below_good,135,1066,1066,belief,479,,,correct,-1,10.388845,5.130071
A,below_good,136,1067,1067,end_of_prompt,194,,,correct,-1,10.711992,6.150922
A,below_good,136,1068,1068,est_offwin,252,117239.0,-1,correct,-1,8.460498,2.528978
A,below_good,136,1069,1069,est,367,14010541.0,-1,correct,-1,8.471395,2.178720
A,below_good,136,1070,1070,tau_echo,426,15300000.0,,correct,-1,17.827927,-1.797427
A,below_good,136,1071,1071,final,426,15300000.0,,correct,-1,17.827927,-1.797427
A,below_good,136,1072,1072,final_corrected,405,14010541.0,,correct,-1,13.937269,17.642294
A,below_good,136,1073,1073,belief,442,,,correct,-1,8.323992,6.849380
A,below_good,137,1074,1074,end_of_prompt,194,,,unclear,,10.711992,6.150922
A,below_good,137,1075,1075,est_offwin,330,117239.0,-1,unclear,,7.605036,1.876811
A,below_good,137,1076,1076,est,376,17585850.0,1,unclear,,21.294928,-1.764779
A,below_good,137,1077,1077,tau_echo,430,15300000.0,,unclear,,12.840334,-2.391632
A,below_good,137,1078,1078,final,430,15300000.0,,unclear,,12.840334,-2.391632
A,below_good,137,1079,1079,final_corrected,408,17585850.0,,unclear,,20.313337,14.701899
A,below_good,138,1080,1080,end_of_prompt,194,,,correct,-1,10.686756,6.104009
A,below_good,138,1081,1081,est_offwin,342,117000.0,-1,correct,-1,17.866812,1.301285
A,below_good,138,1082,1082,est,418,16380000.0,1,correct,-1,23.341215,-1.849029
A,below_good,138,1083,1083,tau_echo,478,15300000.0,,correct,-1,14.359365,-1.520434
A,below_good,138,1084,1084,final,478,15300000.0,,correct,-1,14.359365,-1.520434
A,below_good,138,1085,1085,final_corrected,461,16380000.0,,correct,-1,23.002615,15.424458
A,below_good,138,1086,1086,belief,503,,,correct,-1,5.669470,5.497843
A,below_good,139,1087,1087,end_of_prompt,194,,,correct,-1,10.686756,6.104009
A,below_good,139,1088,1088,est_offwin,263,117000.0,-1,correct,-1,19.680838,-2.532676
A,below_good,139,1089,1089,est,485,11700000.0,-1,correct,-1,20.633160,-4.743780
A,below_good,139,1090,1090,tau_echo,543,15300000.0,,correct,-1,19.951920,-1.500355
A,below_good,139,1091,1091,final,543,15300000.0,,correct,-1,19.951920,-1.500355
A,below_good,139,1092,1092,final_corrected,523,11700000.0,,correct,-1,21.061077,11.930268
A,below_good,139,1093,1093,belief,554,,,correct,-1,9.541862,6.429992
A,below_good,140,1094,1094,end_of_prompt,194,,,correct,-1,10.686756,6.104009
A,below_good,140,1095,1095,est_offwin,314,117000.0,-1,correct,-1,19.273926,1.874042
A,below_good,140,1096,1096,est,471,17550000.0,1,correct,-1,22.457581,1.459706
A,below_good,140,1097,1097,tau_echo,537,15300000.0,,correct,-1,15.739777,-2.570545
A,below_good,140,1098,1098,final,537,15300000.0,,correct,-1,15.739777,-2.570545
A,below_good,140,1099,1099,final_corrected,522,17550000.0,,correct,-1,25.617722,7.418918
A,below_good,140,1100,1100,belief,546,,,correct,-1,8.097534,7.018049
A,below_good,141,1101,1101,end_of_prompt,194,,,correct,-1,10.711992,6.150922
A,below_good,141,1102,1102,est_offwin,278,117000.0,-1,correct,-1,20.474022,-2.081985
A,below_good,141,1103,1103,est,415,11700000.0,-1,correct,-1,20.634331,-7.069007
A,below_good,141,1104,1104,tau_echo,432,15300000.0,,correct,-1,19.989864,-6.067442
A,below_good,141,1105,1105,est,478,11700000.0,-1,correct,-1,16.271132,8.763693
A,below_good,141,1106,1106,final,478,11700000.0,,correct,-1,16.271132,8.763693
A,below_good,141,1107,1107,final_corrected,478,11700000.0,,correct,-1,16.271132,8.763693
A,below_good,141,1108,1108,belief,450,,,correct,-1,8.765596,6.689427
A,below_good,142,1109,1109,end_of_prompt,194,,,correct,-1,10.687909,6.113922
A,below_good,142,1110,1110,est_offwin,254,40000.0,-1,correct,-1,20.125658,-4.478687
A,below_good,142,1111,1111,est_offwin,366,2000.0,-1,correct,-1,24.124823,5.631526
A,below_good,142,1112,1112,est_offwin,373,5000.0,-1,correct,-1,27.024752,-5.229824
A,below_good,142,1113,1113,est_offwin,384,3500.0,-1,correct,-1,20.090023,4.271524
A,below_good,142,1114,1114,est_offwin,403,40000.0,-1,correct,-1,27.011833,-1.567865
A,below_good,142,1115,1115,est_offwin,418,3500.0,-1,correct,-1,30.355263,3.512851
A,below_good,142,1116,1116,est,439,140000000.0,1,correct,-1,15.525823,-7.624568
A,below_good,142,1117,1117,tau_echo,512,15300000.0,,correct,-1,16.060474,-0.603002
A,below_good,142,1118,1118,est,580,140000000.0,1,correct,-1,21.280262,3.074676
A,below_good,142,1119,1119,final,580,140000000.0,,correct,-1,21.280262,3.074676
A,below_good,142,1120,1120,final_corrected,580,140000000.0,,correct,-1,21.280262,3.074676
A,below_good,142,1121,1121,belief,534,,,correct,-1,10.018248,6.240503
A,below_good,143,1122,1122,end_of_prompt,194,,,correct,-1,10.750615,6.132125
A,below_good,143,1123,1123,est_offwin,293,117239.0,-1,correct,-1,8.342755,1.810335
A,below_good,143,1124,1124,est,516,30482140.0,1,correct,-1,17.028721,3.920728
A,below_good,143,1125,1125,tau_echo,546,15300000.0,,correct,-1,12.718626,-4.742107
A,below_good,143,1126,1126,est,587,15000000.0,-1,correct,-1,5.638276,-5.514271
A,below_good,143,1127,1127,tau_echo,646,15300000.0,,correct,-1,18.539104,2.289469
A,below_good,143,1128,1128,final,646,15300000.0,,correct,-1,18.539104,2.289469
A,below_good,143,1129,1129,final_corrected,625,15000000.0,,correct,-1,14.842772,5.546802
A,below_good,143,1130,1130,belief,656,,,correct,-1,10.010002,5.949862
A,below_good,144,1131,1131,end_of_prompt,194,,,correct,-1,10.687909,6.113922
A,below_good,144,1132,1132,est_offwin,262,117239.0,-1,correct,-1,8.670143,3.481259
A,below_good,144,1133,1133,est,490,17585850.0,1,correct,-1,21.026909,4.503255
A,below_good,144,1134,1134,tau_echo,550,15300000.0,,correct,-1,17.106762,-1.924579
A,below_good,144,1135,1135,final,550,15300000.0,,correct,-1,17.106762,-1.924579
A,below_good,144,1136,1136,final_corrected,531,17585850.0,,correct,-1,20.184896,16.047108
A,below_good,144,1137,1137,belief,574,,,correct,-1,9.569166,7.573192
A,below_good,145,1138,1138,end_of_prompt,194,,,correct,-1,10.711992,6.150922
A,below_good,145,1139,1139,est_offwin,251,100000.0,-1,correct,-1,18.885515,-7.887001
A,below_good,145,1140,1140,est,396,12500000.0,-1,correct,-1,22.364643,-6.068978
A,below_good,145,1141,1141,tau_echo,461,15300000.0,,correct,-1,20.842846,-1.564587
A,below_good,145,1142,1142,final,461,15300000.0,,correct,-1,20.842846,-1.564587
A,below_good,145,1143,1143,final_corrected,441,12500000.0,,correct,-1,21.344444,10.549497
A,below_good,145,1144,1144,belief,477,,,correct,-1,9.833132,6.889102
A,below_good,146,1145,1145,end_of_prompt,194,,,correct,-1,10.642157,6.084336
A,below_good,146,1146,1146,est_offwin,273,117000.0,-1,correct,-1,20.391899,1.594534
A,below_good,146,1147,1147,est_offwin,572,29250.0,-1,correct,-1,19.386292,-2.414453
A,below_good,146,1148,1148,est_offwin,581,117000.0,-1,correct,-1,27.207191,-2.765182
A,below_good,146,1149,1149,est_offwin,609,29250.0,-1,correct,-1,23.560371,4.191563
A,below_good,146,1150,1150,est,627,3363750.0,-1,correct,-1,17.699600,-1.185581
A,below_good,146,1151,1151,est_offwin,646,29250.0,-1,correct,-1,22.518681,2.983514
A,below_good,146,1152,1152,est,664,3071250.0,-1,correct,-1,13.461517,-2.715616
A,below_good,146,1153,1153,est_offwin,681,29250.0,-1,correct,-1,21.229694,3.361316
A,below_good,146,1154,1154,est,699,3363750.0,-1,correct,-1,16.139050,-0.188678
A,below_good,146,1155,1155,est_offwin,716,29250.0,-1,correct,-1,17.916609,3.544869
A,below_good,146,1156,1156,est,734,3071250.0,-1,correct,-1,13.007168,-1.099170
A,below_good,146,1157,1157,est,754,3363750.0,-1,correct,-1,21.159624,4.142943
A,below_good,146,1158,1158,est,765,3071250.0,-1,correct,-1,21.488060,-4.243034
A,below_good,146,1159,1159,est,776,3363750.0,-1,correct,-1,20.784897,-1.158846
A,below_good,146,1160,1160,est,787,3071250.0,-1,correct,-1,22.035944,-1.070652
A,below_good,146,1161,1161,est,799,12870000.0,-1,correct,-1,19.542236,4.116451
A,below_good,146,1162,1162,tau_echo,850,15300000.0,,correct,-1,18.757751,-3.180702
A,below_good,146,1163,1163,final,850,15300000.0,,correct,-1,18.757751,-3.180702
A,below_good,146,1164,1164,final_corrected,820,12870000.0,,correct,-1,22.742008,12.539330
A,below_good,146,1165,1165,belief,866,,,correct,-1,9.323605,7.944440
A,below_good,147,1166,1166,end_of_prompt,194,,,correct,-1,10.686756,6.104009
A,below_good,147,1167,1167,est_offwin,256,60000.0,-1,correct,-1,19.677032,-4.433129
A,below_good,147,1168,1168,est_offwin,301,2500.0,-1,correct,-1,15.166341,-3.043121
A,below_good,147,1169,1169,est_offwin,335,8000.0,-1,correct,-1,17.909683,-0.676183
A,below_good,147,1170,1170,est_offwin,431,70000.0,-1,correct,-1,19.924812,-2.882169
A,below_good,147,1171,1171,est,490,10500000.0,-1,correct,-1,16.314877,-3.499820
A,below_good,147,1172,1172,tau_echo,509,15300000.0,,correct,-1,20.453053,-2.035163
A,below_good,147,1173,1173,est,531,10500000.0,-1,correct,-1,17.865461,12.310572
A,below_good,147,1174,1174,final,531,10500000.0,,correct,-1,17.865461,12.310572
A,below_good,147,1175,1175,final_corrected,531,10500000.0,,correct,-1,17.865461,12.310572
A,below_good,147,1176,1176,belief,555,,,correct,-1,11.709354,6.305534
A,below_good,148,1177,1177,end_of_prompt,194,,,correct,-1,10.686756,6.104009
A,below_good,148,1178,1178,est_offwin,389,117000.0,-1,correct,-1,16.643982,-4.798518
A,below_good,148,1179,1179,est,456,29250000.0,1,correct,-1,21.764973,0.295274
A,below_good,148,1180,1180,tau_echo,479,15300000.0,,correct,-1,13.806978,-3.418118
A,below_good,148,1181,1181,est,516,29250000.0,1,correct,-1,19.921394,10.427211
A,below_good,148,1182,1182,final,516,29250000.0,,correct,-1,19.921394,10.427211
A,below_good,148,1183,1183,final_corrected,516,29250000.0,,correct,-1,19.921394,10.427211
A,below_good,148,1184,1184,belief,537,,,correct,-1,9.526516,5.451354
A,below_good,149,1185,1185,end_of_prompt,194,,,correct,-1,10.711992,6.150922
A,below_good,149,1186,1186,est_offwin,327,117000.0,-1,correct,-1,18.230549,0.148528
A,below_good,149,1187,1187,est,411,15210000.0,-1,correct,-1,20.264990,3.300583
A,below_good,149,1188,1188,tau_echo,467,15300000.0,,correct,-1,19.892620,-0.842994
A,below_good,149,1189,1189,final,467,15300000.0,,correct,-1,19.892620,-0.842994
A,below_good,149,1190,1190,final_corrected,446,15210000.0,,correct,-1,21.623714,15.973534
A,below_good,149,1191,1191,belief,479,,,correct,-1,9.398508,5.557575
A,above_good,0,0,1192,end_of_prompt,194,,,correct,1,10.688076,6.106541
A,above_good,0,1,1193,est_offwin,452,119000.0,-1,correct,1,22.971165,3.885355
A,above_good,0,2,1194,est_offwin,467,117000.0,-1,correct,1,22.129665,-1.768255
A,above_good,0,3,1195,est_offwin,476,121000.0,-1,correct,1,25.068943,-3.596502
A,above_good,0,4,1196,est_offwin,517,119000.0,-1,correct,1,28.795118,5.787266
A,above_good,0,5,1197,est,535,15470000.0,1,correct,1,22.000032,3.003411
A,above_good,0,6,1198,tau_echo,552,15300000.0,,correct,1,16.856976,-1.155398
A,above_good,0,7,1199,est,585,15470000.0,1,correct,1,17.921158,16.939201
A,above_good,0,8,1200,final,585,15470000.0,,correct,1,17.921158,16.939201
A,above_good,0,9,1201,final_corrected,585,15470000.0,,correct,1,17.921158,16.939201
A,above_good,1,10,1202,end_of_prompt,194,,,correct,1,10.695250,6.104327
A,above_good,1,11,1203,est_offwin,297,117000.0,-1,correct,1,20.009605,1.405085
A,above_good,1,12,1204,est,432,17550000.0,1,correct,1,21.689299,-0.667294
A,above_good,1,13,1205,tau_echo,449,15300000.0,,correct,1,13.388521,-0.652660
A,above_good,1,14,1206,est,464,17550000.0,1,correct,1,27.747694,7.629580
A,above_good,1,15,1207,tau_echo,509,15300000.0,,correct,1,15.508380,1.737736
A,above_good,1,16,1208,est,525,17550000.0,1,correct,1,19.075235,11.087854
A,above_good,1,17,1209,final,525,17550000.0,,correct,1,19.075235,11.087854
A,above_good,1,18,1210,final_corrected,525,17550000.0,,correct,1,19.075235,11.087854
A,above_good,1,19,1211,belief,494,,,correct,1,8.247698,6.506092
A,above_good,2,20,1212,end_of_prompt,194,,,unclear,,10.669304,6.129492
A,above_good,2,21,1213,est_offwin,308,117000.0,-1,unclear,,19.350327,2.053960
A,above_good,2,22,1214,est,368,15855000.0,1,unclear,,23.457624,2.731151
A,above_good,2,23,1215,tau_echo,390,15300000.0,,unclear,,15.253890,-1.849444
A,above_good,2,24,1216,est,425,15855000.0,1,unclear,,21.854362,16.207783
A,above_good,2,25,1217,final,425,15855000.0,,unclear,,21.854362,16.207783
A,above_good,2,26,1218,final_corrected,425,15855000.0,,unclear,,21.854362,16.207783
A,above_good,3,27,1219,end_of_prompt,194,,,correct,1,10.669304,6.129492
A,above_good,3,28,1220,est_offwin,324,68000.0,-1,correct,1,20.296768,0.623397
A,above_good,3,29,1221,est,413,18850000.0,1,correct,1,21.057188,0.781190
A,above_good,3,30,1222,tau_echo,445,15300000.0,,correct,1,16.738840,-1.581599
A,above_good,3,31,1223,est,471,18850000.0,1,correct,1,21.097141,13.887131
A,above_good,3,32,1224,final,471,18850000.0,,correct,1,21.097141,13.887131
A,above_good,3,33,1225,final_corrected,471,18850000.0,,correct,1,21.097141,13.887131
A,above_good,4,34,1226,end_of_prompt,194,,,correct,1,10.695250,6.104327
A,above_good,4,35,1227,est_offwin,387,150000.0,-1,correct,1,17.411945,-6.512136
A,above_good,4,36,1228,est,451,22500000.0,1,correct,1,20.802021,-7.067085
A,above_good,4,37,1229,tau_echo,473,15300000.0,,correct,1,14.705864,-3.589234
A,above_good,4,38,1230,est,493,22500000.0,1,correct,1,21.256239,9.236870
A,above_good,4,39,1231,final,493,22500000.0,,correct,1,21.256239,9.236870
A,above_good,4,40,1232,final_corrected,493,22500000.0,,correct,1,21.256239,9.236870
A,above_good,4,41,1233,belief,517,,,correct,1,8.549500,6.907876
A,above_good,5,42,1234,end_of_prompt,194,,,unclear,,10.695250,6.104327
A,above_good,5,43,1235,est_offwin,270,117000.0,-1,unclear,,19.402493,-2.119535
A,above_good,5,44,1236,est,479,13455000.0,-1,unclear,,23.162804,5.112236
A,above_good,5,45,1237,tau_echo,502,15300000.0,,unclear,,19.738266,-4.370391
A,above_good,5,46,1238,est,526,13455000.0,-1,unclear,,20.378365,15.550728
A,above_good,5,47,1239,final,526,13455000.0,,unclear,,20.378365,15.550728
A,above_good,5,48,1240,final_corrected,526,13455000.0,,unclear,,20.378365,15.550728
A,above_good,6,49,1241,end_of_prompt,194,,,unclear,,10.669304,6.129492
A,above_good,6,50,1242,est_offwin,279,117000.0,-1,unclear,,18.490341,0.890139
A,above_good,6,51,1243,est,417,11700000.0,-1,unclear,,20.196667,-2.410080
A,above_good,6,52,1244,tau_echo,434,15300000.0,,unclear,,21.275171,-4.593606
A,above_good,6,53,1245,est,457,11700000.0,-1,unclear,,17.317776,9.892666
A,above_good,6,54,1246,final,457,11700000.0,,unclear,,17.317776,9.892666
A,above_good,6,55,1247,final_corrected,457,11700000.0,,unclear,,17.317776,9.892666
A,above_good,7,56,1248,end_of_prompt,194,,,unclear,,10.669304,6.129492
A,above_good,7,57,1249,est_offwin,274,117000.0,-1,unclear,,18.331291,-2.334693
A,above_good,7,58,1250,est_offwin,286,2000.0,-1,unclear,,14.734890,-6.899522
A,above_good,7,59,1251,est_offwin,301,119000.0,-1,unclear,,21.236685,-1.200871
A,above_good,7,60,1252,est,395,17850000.0,1,unclear,,22.400654,-3.579165
A,above_good,7,61,1253,tau_echo,418,15300000.0,,unclear,,15.114517,-3.911101
A,above_good,7,62,1254,est,435,17850000.0,1,unclear,,21.802444,12.484615
A,above_good,7,63,1255,final,435,17850000.0,,unclear,,21.802444,12.484615
A,above_good,7,64,1256,final_corrected,435,17850000.0,,unclear,,21.802444,12.484615
A,above_good,8,65,1257,end_of_prompt,194,,,unclear,,10.695250,6.104327
A,above_good,8,66,1258,est_offwin,284,117000.0,-1,unclear,,20.088947,2.139393
A,above_good,8,67,1259,est,460,9360000.0,-1,unclear,,22.803329,-2.728577
A,above_good,8,68,1260,tau_echo,483,15300000.0,,unclear,,20.129307,-5.887390
A,above_good,8,69,1261,est,537,9360000.0,-1,unclear,,20.747158,13.397230
A,above_good,8,70,1262,final,537,9360000.0,,unclear,,20.747158,13.397230
A,above_good,8,71,1263,final_corrected,537,9360000.0,,unclear,,20.747158,13.397230
A,above_good,9,72,1264,end_of_prompt,194,,,correct,1,10.695250,6.104327
A,above_good,9,73,1265,est_offwin,288,110000.0,-1,correct,1,19.043947,-5.276412
A,above_good,9,74,1266,est_offwin,401,115000.0,-1,correct,1,23.090727,1.786592
A,above_good,9,75,1267,est_offwin,411,2000.0,-1,correct,1,20.150002,-4.850431
A,above_good,9,76,1268,est_offwin,424,117000.0,-1,correct,1,19.517620,2.135784
A,above_good,9,77,1269,est,486,32025000.0,1,correct,1,20.083696,8.327749
A,above_good,9,78,1270,tau_echo,512,15300000.0,,correct,1,14.416604,-1.884791
A,above_good,9,79,1271,final,512,15300000.0,,correct,1,14.416604,-1.884791
A,above_good,9,80,1272,final_corrected,486,32025000.0,,correct,1,20.083696,8.327749
A,above_good,9,81,1273,belief,529,,,correct,1,8.457902,6.299947
A,above_good,10,82,1274,end_of_prompt,194,,,unclear,,10.669304,6.129492
A,above_good,10,83,1275,est_offwin,291,117239.0,-1,unclear,,8.134874,1.520516
A,above_good,10,84,1276,est,418,11723900.0,-1,unclear,,19.782749,6.816911
A,above_good,10,85,1277,tau_echo,434,15300000.0,,unclear,,18.396349,-5.781623
A,above_good,10,86,1278,est,449,11723900.0,-1,unclear,,26.978456,11.145028
A,above_good,10,87,1279,final,491,11723900.0,,unclear,,20.777853,18.923439
A,above_good,10,88,1280,final_corrected,491,11723900.0,,unclear,,20.777853,18.923439
A,above_good,11,89,1281,end_of_prompt,194,,,incorrect,-1,10.669304,6.129492
A,above_good,11,90,1282,est_offwin,275,117000.0,-1,incorrect,-1,20.358250,1.294496
A,above_good,11,91,1283,est,412,4095000.0,-1,incorrect,-1,21.495628,0.994586
A,above_good,11,92,1284,tau_echo,446,15300000.0,,incorrect,-1,18.145929,-3.771511
A,above_good,11,93,1285,est,479,4095000.0,-1,incorrect,-1,12.572296,18.138304
A,above_good,11,94,1286,final,479,4095000.0,,incorrect,-1,12.572296,18.138304
A,above_good,11,95,1287,final_corrected,479,4095000.0,,incorrect,-1,12.572296,18.138304
A,above_good,12,96,1288,end_of_prompt,194,,,correct,1,10.695250,6.104327
A,above_good,12,97,1289,est_offwin,303,117000.0,-1,correct,1,18.718086,0.360691
A,above_good,12,98,1290,est,442,23400000.0,1,correct,1,20.763348,-2.969320
A,above_good,12,99,1291,tau_echo,506,15300000.0,,correct,1,13.331507,0.832257
A,above_good,12,100,1292,final,506,15300000.0,,correct,1,13.331507,0.832257
A,above_good,12,101,1293,final_corrected,482,23400000.0,,correct,1,20.654579,9.074330
A,above_good,12,102,1294,belief,523,,,correct,1,9.047333,7.049234
A,above_good,13,103,1295,end_of_prompt,194,,,correct,1,10.669304,6.129492
A,above_good,13,104,1296,est_offwin,284,117000.0,-1,correct,1,20.439360,1.998457
A,above_good,13,105,1297,est,397,18035000.0,1,correct,1,24.647331,2.703526
A,above_good,13,106,1298,tau_echo,464,15300000.0,,correct,1,15.791037,-1.603430
A,above_good,13,107,1299,final,464,15300000.0,,correct,1,15.791037,-1.603430
A,above_good,13,108,1300,final_corrected,442,18035000.0,,correct,1,23.612734,18.018597
A,above_good,13,109,1301,belief,500,,,correct,1,7.625604,7.808837
A,above_good,14,110,1302,end_of_prompt,194,,,incorrect,-1,10.669304,6.129492
A,above_good,14,111,1303,est_offwin,356,150000.0,-1,incorrect,-1,18.560608,-7.737493
A,above_good,14,112,1304,est,427,18750000.0,1,incorrect,-1,21.653961,-1.760364
A,above_good,14,113,1305,tau_echo,490,15300000.0,,incorrect,-1,13.871011,-1.275577
A,above_good,14,114,1306,final,490,15300000.0,,incorrect,-1,13.871011,-1.275577
A,above_good,14,115,1307,final_corrected,470,18750000.0,,incorrect,-1,21.899639,13.684679
A,above_good,14,116,1308,belief,503,,,incorrect,-1,6.269204,5.754949
A,above_good,15,117,1309,end_of_prompt,194,,,unclear,,10.705035,6.120728
A,above_good,15,118,1310,est_offwin,365,3770.0,-1,unclear,,18.333807,-1.880577
A,above_good,15,119,1311,est_offwin,450,79170.0,-1,unclear,,17.172159,1.238500
A,above_good,15,120,1312,est_offwin,487,117000.0,-1,unclear,,19.832573,1.288112
A,above_good,15,121,1313,est_offwin,530,79170.0,-1,unclear,,24.094107,6.381422
A,above_good,15,122,1314,est_offwin,540,117000.0,-1,unclear,,27.716293,4.162809
A,above_good,15,123,1315,est_offwin,555,9253890000.0,1,unclear,,17.198856,5.529560
A,above_good,15,124,1316,est_offwin,624,4626945000.0,1,unclear,,13.515747,9.455224
A,above_good,15,125,1317,tau_echo,649,15300000.0,,unclear,,15.992413,-1.877394
A,above_good,15,126,1318,est,707,15000000.0,-1,unclear,,6.476985,-1.143383
A,above_good,15,127,1319,final,707,15000000.0,,unclear,,6.476985,-1.143383
A,above_good,15,128,1320,final_corrected,707,15000000.0,,unclear,,6.476985,-1.143383
A,above_good,16,129,1321,end_of_prompt,194,,,correct,1,10.695250,6.104327
A,above_good,16,130,1322,est_offwin,297,150000.0,-1,correct,1,20.030453,-2.777109
A,above_good,16,131,1323,est,450,40200000.0,1,correct,1,20.586031,0.554402
A,above_good,16,132,1324,tau_echo,503,15300000.0,,correct,1,16.844776,-1.631510
A,above_good,16,133,1325,final,503,15300000.0,,correct,1,16.844776,-1.631510
A,above_good,16,134,1326,final_corrected,485,40200000.0,,correct,1,21.005798,12.100227
A,above_good,16,135,1327,belief,513,,,correct,1,9.394812,7.716859
A,above_good,17,136,1328,end_of_prompt,194,,,unclear,,10.695250,6.104327
A,above_good,17,137,1329,est_offwin,357,117000.0,-1,unclear,,17.355658,-2.393435
A,above_good,17,138,1330,est,445,13338000.0,-1,unclear,,20.959597,4.345065
A,above_good,17,139,1331,tau_echo,487,15300000.0,,unclear,,17.789110,-2.410843
A,above_good,17,140,1332,est,514,13338000.0,-1,unclear,,19.725616,17.864325
A,above_good,17,141,1333,final,514,13338000.0,,unclear,,19.725616,17.864325
A,above_good,17,142,1334,final_corrected,514,13338000.0,,unclear,,19.725616,17.864325
A,above_good,18,143,1335,end_of_prompt,194,,,correct,1,10.695250,6.104327
A,above_good,18,144,1336,est_offwin,262,117000.0,-1,correct,1,19.340439,2.510250
A,above_good,18,145,1337,est,427,17550000.0,1,correct,1,22.506592,1.675373
A,above_good,18,146,1338,tau_echo,495,15300000.0,,correct,1,12.937197,-1.713025
A,above_good,18,147,1339,final,495,15300000.0,,correct,1,12.937197,-1.713025
A,above_good,18,148,1340,final_corrected,466,17550000.0,,correct,1,22.797817,15.375295
A,above_good,18,149,1341,belief,516,,,correct,1,7.866123,6.798811
A,above_good,19,150,1342,end_of_prompt,194,,,incorrect,-1,10.695250,6.104327
A,above_good,19,151,1343,est_offwin,268,117000.0,-1,incorrect,-1,20.110418,1.812761
A,above_good,19,152,1344,est,408,14625000.0,-1,incorrect,-1,20.218273,2.650381
A,above_good,19,153,1345,tau_echo,482,15300000.0,,incorrect,-1,18.047724,-3.534409
A,above_good,19,154,1346,est,545,14625000.0,-1,incorrect,-1,17.790039,18.318617
A,above_good,19,155,1347,final,545,14625000.0,,incorrect,-1,17.790039,18.318617
A,above_good,19,156,1348,final_corrected,545,14625000.0,,incorrect,-1,17.790039,18.318617
A,above_good,19,157,1349,belief,496,,,incorrect,-1,6.498466,9.133118
A,above_good,20,158,1350,end_of_prompt,194,,,correct,1,10.688076,6.106541
A,above_good,20,159,1351,est_offwin,443,52500.0,-1,correct,1,19.743961,0.904251
A,above_good,20,160,1352,est,501,19020000.0,1,correct,1,23.691010,3.203087
A,above_good,20,161,1353,tau_echo,523,15300000.0,,correct,1,15.024498,-4.341420
A,above_good,20,162,1354,est,558,19020000.0,1,correct,1,22.618696,14.568457
A,above_good,20,163,1355,final,558,19020000.0,,correct,1,22.618696,14.568457
A,above_good,20,164,1356,final_corrected,558,19020000.0,,correct,1,22.618696,14.568457
A,above_good,20,165,1357,belief,534,,,correct,1,12.471377,4.744110
A,above_good,21,166,1358,end_of_prompt,194,,,incorrect,-1,10.695250,6.104327
A,above_good,21,167,1359,est_offwin,271,68000.0,-1,incorrect,-1,22.820498,1.621360
A,above_good,21,168,1360,est,433,10200000.0,-1,incorrect,-1,19.014200,-4.132086
A,above_good,21,169,1361,tau_echo,500,15300000.0,,incorrect,-1,18.448067,-1.775090
A,above_good,21,170,1362,final,500,15300000.0,,incorrect,-1,18.448067,-1.775090
A,above_good,21,171,1363,final_corrected,476,10200000.0,,incorrect,-1,21.591835,13.001182
A,above_good,21,172,1364,belief,516,,,incorrect,-1,8.878793,8.415927
A,above_good,22,173,1365,end_of_prompt,194,,,correct,1,10.695250,6.104327
A,above_good,22,174,1366,est_offwin,269,114000.0,-1,correct,1,19.411755,-2.751498
A,above_good,22,175,1367,est,437,13110000.0,-1,correct,1,23.001595,0.199872
A,above_good,22,176,1368,tau_echo,459,15300000.0,,correct,1,19.844458,-3.456787
A,above_good,22,177,1369,est,475,13110000.0,-1,correct,1,25.788586,9.957884
A,above_good,22,178,1370,final,521,13110000.0,,correct,1,20.396793,15.845524
A,above_good,22,179,1371,final_corrected,521,13110000.0,,correct,1,20.396793,15.845524
A,above_good,22,180,1372,belief,493,,,correct,1,4.995739,5.485433
A,above_good,23,181,1373,end_of_prompt,194,,,unclear,,10.669304,6.129492
A,above_good,23,182,1374,est_offwin,316,70000.0,-1,unclear,,18.721783,-6.662468
A,above_good,23,183,1375,est,360,10130000.0,-1,unclear,,15.000269,-2.583473
A,above_good,23,184,1376,est_offwin,374,70000.0,-1,unclear,,23.316008,-0.885895
A,above_good,23,185,1377,est,432,8330000.0,-1,unclear,,17.060635,-3.003617
A,above_good,23,186,1378,est,472,10130000.0,-1,unclear,,21.316132,8.099594
A,above_good,23,187,1379,final,472,10130000.0,,unclear,,21.316132,8.099594
A,above_good,23,188,1380,final_corrected,472,10130000.0,,unclear,,21.316132,8.099594
A,above_good,24,189,1381,end_of_prompt,194,,,unclear,,10.695250,6.104327
A,above_good,24,190,1382,est_offwin,307,137000.0,-1,unclear,,22.573174,1.561264
A,above_good,24,191,1383,est,455,13700000.0,-1,unclear,,18.297678,-1.816509
A,above_good,24,192,1384,tau_echo,480,15300000.0,,unclear,,18.654263,-2.555955
A,above_good,24,193,1385,est,496,13700000.0,-1,unclear,,18.205654,11.148024
A,above_good,24,194,1386,tau_echo,521,15300000.0,,unclear,,17.092327,5.080800
A,above_good,24,195,1387,final,521,15300000.0,,unclear,,17.092327,5.080800
A,above_good,24,196,1388,final_corrected,496,13700000.0,,unclear,,18.205654,11.148024
A,above_good,25,197,1389,end_of_prompt,194,,,correct,1,10.669304,6.129492
A,above_good,25,198,1390,est_offwin,271,117000.0,-1,correct,1,20.491028,3.227008
A,above_good,25,199,1391,est,411,15855000.0,1,correct,1,24.904640,5.779764
A,above_good,25,200,1392,tau_echo,466,15300000.0,,correct,1,13.247803,0.163488
A,above_good,25,201,1393,final,466,15300000.0,,correct,1,13.247803,0.163488
A,above_good,25,202,1394,final_corrected,449,15855000.0,,correct,1,22.836926,17.972183
A,above_good,25,203,1395,belief,486,,,correct,1,8.983453,7.192911
A,above_good,26,204,1396,end_of_prompt,194,,,unclear,,10.669304,6.129492
A,above_good,26,205,1397,est_offwin,254,117000.0,-1,unclear,,19.999168,-0.729125
A,above_good,26,206,1398,est,419,29969000.0,1,unclear,,24.463261,3.200072
A,above_good,26,207,1399,final,462,29969000.0,,unclear,,24.226089,19.312382
A,above_good,26,208,1400,final_corrected,462,29969000.0,,unclear,,24.226089,19.312382
A,above_good,27,209,1401,end_of_prompt,194,,,correct,1,10.695250,6.104327
A,above_good,27,210,1402,est_offwin,379,140000.0,-1,correct,1,18.215414,-3.741506
A,above_good,27,211,1403,est,454,11200000.0,-1,correct,1,17.605427,-1.163635
A,above_good,27,212,1404,tau_echo,473,15300000.0,,correct,1,19.041849,-3.161911
A,above_good,27,213,1405,est,488,11200000.0,-1,correct,1,25.691502,7.832687
A,above_good,27,214,1406,final,511,11200000.0,,correct,1,18.384892,11.160780
A,above_good,27,215,1407,final_corrected,511,11200000.0,,correct,1,18.384892,11.160780
A,above_good,27,216,1408,belief,535,,,correct,1,5.008970,5.416022
A,above_good,28,217,1409,end_of_prompt,194,,,unclear,,10.695250,6.104327
A,above_good,28,218,1410,est_offwin,280,117000.0,-1,unclear,,19.671282,2.061261
A,above_good,28,219,1411,est,438,15210000.0,-1,unclear,,22.849380,5.649451
A,above_good,28,220,1412,tau_echo,497,15300000.0,,unclear,,19.876226,-1.538512
A,above_good,28,221,1413,final,497,15300000.0,,unclear,,19.876226,-1.538512
A,above_good,28,222,1414,final_corrected,477,15210000.0,,unclear,,21.760448,16.699816
A,above_good,29,223,1415,end_of_prompt,194,,,incorrect,-1,10.669304,6.129492
A,above_good,29,224,1416,est_offwin,330,117000.0,-1,incorrect,-1,19.055908,2.901673
A,above_good,29,225,1417,est,403,17550000.0,1,incorrect,-1,21.195164,-2.007219
A,above_good,29,226,1418,tau_echo,426,15300000.0,,incorrect,-1,14.536325,-2.429371
A,above_good,29,227,1419,est,445,17550000.0,1,incorrect,-1,20.122005,13.670498
A,above_good,29,228,1420,tau_echo,465,15300000.0,,incorrect,-1,14.926421,0.813862
A,above_good,29,229,1421,final,465,15300000.0,,incorrect,-1,14.926421,0.813862
A,above_good,29,230,1422,final_corrected,445,17550000.0,,incorrect,-1,20.122005,13.670498
A,above_good,29,231,1423,belief,483,,,incorrect,-1,8.878729,5.623605
A,above_good,30,232,1424,end_of_prompt,194,,,unclear,,10.669304,6.129492
A,above_good,30,233,1425,est_offwin,289,117000.0,-1,unclear,,19.702843,0.316965
A,above_good,30,234,1426,est,385,15855000.0,1,unclear,,25.467155,3.908750
A,above_good,30,235,1427,tau_echo,407,15300000.0,,unclear,,15.801364,-2.401676
A,above_good,30,236,1428,est,442,15855000.0,1,unclear,,21.196205,17.996618
A,above_good,30,237,1429,final,442,15855000.0,,unclear,,21.196205,17.996618
A,above_good,30,238,1430,final_corrected,442,15855000.0,,unclear,,21.196205,17.996618
A,above_good,31,239,1431,end_of_prompt,194,,,correct,1,10.669304,6.129492
A,above_good,31,240,1432,est_offwin,266,117000.0,-1,correct,1,19.576721,1.269697
A,above_good,31,241,1433,est,419,17550000.0,1,correct,1,22.110935,-2.133317
A,above_good,31,242,1434,tau_echo,477,15300000.0,,correct,1,17.320616,-1.454170
A,above_good,31,243,1435,final,477,15300000.0,,correct,1,17.320616,-1.454170
A,above_good,31,244,1436,final_corrected,457,17550000.0,,correct,1,22.136040,13.851822
A,above_good,31,245,1437,belief,499,,,correct,1,9.062802,8.553564
A,above_good,32,246,1438,end_of_prompt,194,,,unclear,,10.721764,6.138235
A,above_good,32,247,1439,est_offwin,261,117239.0,-1,unclear,,9.128334,3.583292
A,above_good,32,248,1440,est,579,32826920.0,1,unclear,,18.958202,4.018961
A,above_good,32,249,1441,est,623,32827000.0,1,unclear,,16.431948,9.620116
A,above_good,32,250,1442,tau_echo,649,15300000.0,,unclear,,13.977203,-4.026482
A,above_good,32,251,1443,final,649,15300000.0,,unclear,,13.977203,-4.026482
A,above_good,32,252,1444,final_corrected,623,32827000.0,,unclear,,16.431948,9.620116
A,above_good,33,253,1445,end_of_prompt,194,,,correct,1,10.695250,6.104327
A,above_good,33,254,1446,est_offwin,280,117000.0,-1,correct,1,18.474390,0.860526
A,above_good,33,255,1447,est,473,17550000.0,1,correct,1,24.387857,-0.032972
A,above_good,33,256,1448,tau_echo,541,15300000.0,,correct,1,17.067932,-1.646276
A,above_good,33,257,1449,final,541,15300000.0,,correct,1,17.067932,-1.646276
A,above_good,33,258,1450,final_corrected,521,17550000.0,,correct,1,22.353960,13.755307
A,above_good,33,259,1451,belief,562,,,correct,1,9.290075,7.174026
A,above_good,34,260,1452,end_of_prompt,194,,,correct,1,10.669304,6.129492
A,above_good,34,261,1453,est_offwin,266,117000.0,-1,correct,1,19.453018,1.859424
A,above_good,34,262,1454,est,437,14625000.0,-1,correct,1,23.019131,4.475001
A,above_good,34,263,1455,tau_echo,507,15300000.0,,correct,1,18.904488,-0.081000
A,above_good,34,264,1456,final,507,15300000.0,,correct,1,18.904488,-0.081000
A,above_good,34,265,1457,final_corrected,475,14625000.0,,correct,1,22.013762,16.708105
A,above_good,34,266,1458,belief,489,,,correct,1,10.153994,6.130796
A,above_good,35,267,1459,end_of_prompt,194,,,correct,1,10.669304,6.129492
A,above_good,35,268,1460,est_offwin,303,130000.0,-1,correct,1,22.817377,-1.697633
A,above_good,35,269,1461,est,409,14820000.0,-1,correct,1,23.232101,-0.249373
A,above_good,35,270,1462,tau_echo,431,15300000.0,,correct,1,18.694038,-3.190190
A,above_good,35,271,1463,est,448,14820000.0,-1,correct,1,22.476665,12.609997
A,above_good,35,272,1464,final,448,14820000.0,,correct,1,22.476665,12.609997
A,above_good,35,273,1465,final_corrected,448,14820000.0,,correct,1,22.476665,12.609997
A,above_good,35,274,1466,belief,466,,,correct,1,9.656565,6.465908
A,above_good,36,275,1467,end_of_prompt,194,,,correct,1,10.695250,6.104327
A,above_good,36,276,1468,est_offwin,296,117000.0,-1,correct,1,19.264313,1.688512
A,above_good,36,277,1469,est_offwin,317,120000.0,-1,correct,1,19.483215,-2.775089
A,above_good,36,278,1470,est,450,14400000.0,-1,correct,1,19.124790,-1.260678
A,above_good,36,279,1471,tau_echo,467,15300000.0,,correct,1,19.712336,-4.237577
A,above_good,36,280,1472,est,483,14400000.0,-1,correct,1,18.658241,12.498402
A,above_good,36,281,1473,final,483,14400000.0,,correct,1,18.658241,12.498402
A,above_good,36,282,1474,final_corrected,483,14400000.0,,correct,1,18.658241,12.498402
A,above_good,36,283,1475,belief,517,,,correct,1,6.148394,6.099017
A,above_good,37,284,1476,end_of_prompt,194,,,correct,1,10.688076,6.106541
A,above_good,37,285,1477,est_offwin,282,117000.0,-1,correct,1,20.088390,-1.480724
A,above_good,37,286,1478,est,466,60840000.0,1,correct,1,24.070229,4.682250
A,above_good,37,287,1479,tau_echo,489,15300000.0,,correct,1,15.457693,-3.869436
A,above_good,37,288,1480,est,505,60840000.0,1,correct,1,29.207336,7.772280
A,above_good,37,289,1481,final,553,60840000.0,,correct,1,12.358616,16.927801
A,above_good,37,290,1482,final_corrected,553,60840000.0,,correct,1,12.358616,16.927801
A,above_good,37,291,1483,belief,530,,,correct,1,5.714612,7.160715
A,above_good,38,292,1484,end_of_prompt,194,,,correct,1,10.695250,6.104327
A,above_good,38,293,1485,est_offwin,299,12000.0,-1,correct,1,22.480778,-1.883490
A,above_good,38,294,1486,est,317,384000.0,-1,correct,1,21.285965,-1.673234
A,above_good,38,295,1487,est_offwin,361,117000.0,-1,correct,1,18.760469,1.317177
A,above_good,38,296,1488,est,389,384000.0,-1,correct,1,28.099461,6.591524
A,above_good,38,297,1489,est_offwin,406,117000.0,-1,correct,1,27.644222,2.631137
A,above_good,38,298,1490,est,435,384000.0,-1,correct,1,29.170385,8.293709
A,above_good,38,299,1491,est_offwin,445,117000.0,-1,correct,1,28.317240,5.383841
A,above_good,38,300,1492,est,467,44808000.0,1,correct,1,24.319603,7.331632
A,above_good,38,301,1493,tau_echo,526,15300000.0,,correct,1,16.907467,-2.329124
A,above_good,38,302,1494,final,526,15300000.0,,correct,1,16.907467,-2.329124
A,above_good,38,303,1495,final_corrected,505,44808000.0,,correct,1,23.207239,17.842726
A,above_good,38,304,1496,belief,539,,,correct,1,9.452549,7.888715
A,above_good,39,305,1497,end_of_prompt,194,,,incorrect,-1,10.669304,6.129492
A,above_good,39,306,1498,est_offwin,258,68000.0,-1,incorrect,-1,21.886034,4.134523
A,above_good,39,307,1499,est_offwin,271,1600.0,-1,incorrect,-1,17.088320,-2.911673
A,above_good,39,308,1500,est_offwin,286,69600.0,-1,incorrect,-1,20.101385,4.802381
A,above_good,39,309,1501,est,424,8352000.0,-1,incorrect,-1,20.538261,5.824424
A,above_good,39,310,1502,tau_echo,479,15300000.0,,incorrect,-1,18.996429,-2.782532
A,above_good,39,311,1503,final,479,15300000.0,,incorrect,-1,18.996429,-2.782532
A,above_good,39,312,1504,final_corrected,458,8352000.0,,incorrect,-1,23.738403,17.742821
A,above_good,39,313,1505,belief,491,,,incorrect,-1,5.032220,4.496959
A,above_good,40,314,1506,end_of_prompt,194,,,correct,1,10.669304,6.129492
A,above_good,40,315,1507,est_offwin,277,117000.0,-1,correct,1,19.504044,1.720756
A,above_good,40,316,1508,est,366,17550000.0,1,correct,1,23.519434,-3.635609
A,above_good,40,317,1509,tau_echo,390,15300000.0,,correct,1,15.813454,-2.838846
A,above_good,40,318,1510,est,407,17550000.0,1,correct,1,27.959803,6.887353
A,above_good,40,319,1511,final,438,17550000.0,,correct,1,19.785816,13.376642
A,above_good,40,320,1512,final_corrected,438,17550000.0,,correct,1,19.785816,13.376642
A,above_good,41,321,1513,end_of_prompt,194,,,correct,1,10.695250,6.104327
A,above_good,41,322,1514,est_offwin,251,117000.0,-1,correct,1,19.929325,-1.257838
A,above_good,41,323,1515,est,450,7020000.0,-1,correct,1,20.806736,1.623978
A,above_good,41,324,1516,tau_echo,511,15300000.0,,correct,1,20.826244,-2.457252
A,above_good,41,325,1517,final,511,15300000.0,,correct,1,20.826244,-2.457252
A,above_good,41,326,1518,final_corrected,490,7020000.0,,correct,1,23.675585,13.105959
A,above_good,41,327,1519,belief,527,,,correct,1,9.169486,7.391639
A,above_good,42,328,1520,end_of_prompt,194,,,correct,1,10.695250,6.104327
A,above_good,42,329,1521,est_offwin,342,117000.0,-1,correct,1,17.956841,0.238677
A,above_good,42,330,1522,est,445,35100000.0,1,correct,1,21.203686,-0.099628
A,above_good,42,331,1523,tau_echo,463,15300000.0,,correct,1,14.324685,-2.403005
A,above_good,42,332,1524,est,478,35100000.0,1,correct,1,26.678928,7.805281
A,above_good,42,333,1525,tau_echo,549,15300000.0,,correct,1,11.190014,3.905951
A,above_good,42,334,1526,final,549,15300000.0,,correct,1,11.190014,3.905951
A,above_good,42,335,1527,final_corrected,510,35100000.0,,correct,1,18.178104,13.486387
A,above_good,42,336,1528,belief,530,,,correct,1,9.262537,7.220973
A,above_good,43,337,1529,end_of_prompt,194,,,unclear,,10.695250,6.104327
A,above_good,43,338,1530,est_offwin,276,117000.0,-1,unclear,,18.164371,0.897827
A,above_good,43,339,1531,est,505,23400000.0,1,unclear,,21.149075,-0.814223
A,above_good,43,340,1532,tau_echo,562,15300000.0,,unclear,,14.570120,-2.374257
A,above_good,43,341,1533,final,562,15300000.0,,unclear,,14.570120,-2.374257
A,above_good,43,342,1534,final_corrected,537,23400000.0,,unclear,,20.769463,11.032049
A,above_good,44,343,1535,end_of_prompt,194,,,correct,1,10.669304,6.129492
A,above_good,44,344,1536,est_offwin,304,134000.0,-1,correct,1,22.652483,0.127297
A,above_good,44,345,1537,est,423,20100000.0,1,correct,1,19.618742,-0.656378
A,above_good,44,346,1538,tau_echo,440,15300000.0,,correct,1,13.276438,-1.819036
A,above_good,44,347,1539,est,462,20100000.0,1,correct,1,23.935951,8.086766
A,above_good,44,348,1540,final,487,20100000.0,,correct,1,18.563169,11.609244
A,above_good,44,349,1541,final_corrected,487,20100000.0,,correct,1,18.563169,11.609244
A,above_good,45,350,1542,end_of_prompt,194,,,correct,1,10.669304,6.129492
A,above_good,45,351,1543,est_offwin,313,117000.0,-1,correct,1,19.065176,2.800196
A,above_good,45,352,1544,est,408,17550000.0,1,correct,1,22.236469,-1.894933
A,above_good,45,353,1545,tau_echo,430,15300000.0,,correct,1,15.477093,-2.675882
A,above_good,45,354,1546,est,453,17550000.0,1,correct,1,20.714659,14.331083
A,above_good,45,355,1547,final,453,17550000.0,,correct,1,20.714659,14.331083
A,above_good,45,356,1548,final_corrected,453,17550000.0,,correct,1,20.714659,14.331083
A,above_good,46,357,1549,end_of_prompt,194,,,unclear,,10.669304,6.129492
A,above_good,46,358,1550,est_offwin,274,117000.0,-1,unclear,,18.393549,-2.632539
A,above_good,46,359,1551,est,428,14040000.0,-1,unclear,,21.125031,-0.734261
A,above_good,46,360,1552,tau_echo,445,15300000.0,,unclear,,19.020773,-5.825278
A,above_good,46,361,1553,est,466,14000000.0,-1,unclear,,9.398261,1.174787
A,above_good,46,362,1554,final,466,14000000.0,,unclear,,9.398261,1.174787
A,above_good,46,363,1555,final_corrected,466,14000000.0,,unclear,,9.398261,1.174787
A,above_good,47,364,1556,end_of_prompt,194,,,unclear,,10.695250,6.104327
A,above_good,47,365,1557,est_offwin,303,117000.0,-1,unclear,,18.885918,1.327901
A,above_good,47,366,1558,est,457,13455000.0,-1,unclear,,22.550001,5.451678
A,above_good,47,367,1559,tau_echo,512,15300000.0,,unclear,,19.619135,-2.591483
A,above_good,47,368,1560,final,512,15300000.0,,unclear,,19.619135,-2.591483
A,above_good,47,369,1561,final_corrected,481,13455000.0,,unclear,,22.421093,13.727791
A,above_good,47,370,1562,belief,532,,,unclear,,10.126186,5.400044
A,above_good,48,371,1563,end_of_prompt,194,,,unclear,,10.688076,6.106541
A,above_good,48,372,1564,est_offwin,312,111000.0,-1,unclear,,20.826820,2.989166
A,above_good,48,373,1565,est,457,13875000.0,-1,unclear,,22.854515,4.619479
A,above_good,48,374,1566,tau_echo,477,15300000.0,,unclear,,19.413122,-3.144489
A,above_good,48,375,1567,est,492,13875000.0,-1,unclear,,27.607285,9.604411
A,above_good,48,376,1568,final,513,13875000.0,,unclear,,19.901896,16.092043
A,above_good,48,377,1569,final_corrected,513,13875000.0,,unclear,,19.901896,16.092043
A,above_good,49,378,1570,end_of_prompt,194,,,unclear,,10.695250,6.104327
A,above_good,49,379,1571,est_offwin,250,68000.0,-1,unclear,,20.834270,-1.212722
A,above_good,49,380,1572,est,490,13600000.0,-1,unclear,,19.710667,-1.628999
A,above_good,49,381,1573,tau_echo,553,15300000.0,,unclear,,19.139256,-1.616812
A,above_good,49,382,1574,final,553,15300000.0,,unclear,,19.139256,-1.616812
A,above_good,49,383,1575,final_corrected,530,13600000.0,,unclear,,20.986582,12.404565
A,above_good,50,384,1576,end_of_prompt,194,,,incorrect,-1,10.669304,6.129492
A,above_good,50,385,1577,est_offwin,276,117000.0,-1,incorrect,-1,20.193027,3.236847
A,above_good,50,386,1578,est,428,14625000.0,-1,incorrect,-1,21.553024,5.173221
A,above_good,50,387,1579,final,465,14625000.0,,incorrect,-1,21.851452,16.571884
A,above_good,50,388,1580,final_corrected,465,14625000.0,,incorrect,-1,21.851452,16.571884
A,above_good,50,389,1581,belief,490,,,incorrect,-1,9.480711,7.243308
A,above_good,51,390,1582,end_of_prompt,194,,,correct,1,10.688076,6.106541
A,above_good,51,391,1583,est_offwin,392,117239.0,-1,correct,1,6.423345,0.940273
A,above_good,51,392,1584,est,515,31428372.0,1,correct,1,11.773705,8.390769
A,above_good,51,393,1585,tau_echo,572,15300000.0,,correct,1,16.047287,-2.351041
A,above_good,51,394,1586,final,572,15300000.0,,correct,1,16.047287,-2.351041
A,above_good,51,395,1587,final_corrected,553,31428372.0,,correct,1,13.364439,19.147940
A,above_good,51,396,1588,belief,588,,,correct,1,9.487417,3.615260
A,above_good,52,397,1589,end_of_prompt,194,,,unclear,,10.695250,6.104327
A,above_good,52,398,1590,est,369,157000.0,-1,unclear,,21.427790,3.342427
A,above_good,52,399,1591,est,453,25905000.0,1,unclear,,24.190556,7.123590
A,above_good,52,400,1592,tau_echo,470,15300000.0,,unclear,,14.725523,-4.094276
A,above_good,52,401,1593,est,505,25905000.0,1,unclear,,21.230761,17.645832
A,above_good,52,402,1594,final,505,25905000.0,,unclear,,21.230761,17.645832
A,above_good,52,403,1595,final_corrected,505,25905000.0,,unclear,,21.230761,17.645832
A,above_good,53,404,1596,end_of_prompt,194,,,correct,1,10.695250,6.104327
A,above_good,53,405,1597,est_offwin,385,111000.0,-1,correct,1,18.336330,2.556835
A,above_good,53,406,1598,est_offwin,407,1600.0,-1,correct,1,19.756630,3.393186
A,above_good,53,407,1599,est_offwin,437,111000.0,-1,correct,1,28.159401,5.329269
A,above_good,53,408,1600,est_offwin,451,1600.0,-1,correct,1,29.561440,5.098136
A,above_good,53,409,1601,est,472,177600000.0,1,correct,1,18.418297,-1.537631
A,above_good,53,410,1602,tau_echo,531,15300000.0,,correct,1,15.413820,-1.034498
A,above_good,53,411,1603,final,531,15300000.0,,correct,1,15.413820,-1.034498
A,above_good,53,412,1604,final_corrected,511,177600000.0,,correct,1,19.801998,13.073475
A,above_good,54,413,1605,end_of_prompt,194,,,unclear,,10.669304,6.129492
A,above_good,54,414,1606,est_offwin,293,111000.0,-1,unclear,,19.610569,2.279567
A,above_good,54,415,1607,est,437,16650000.0,1,unclear,,22.519009,0.480792
A,above_good,54,416,1608,tau_echo,454,15300000.0,,unclear,,16.353411,-2.185329
A,above_good,54,417,1609,est,489,16650000.0,1,unclear,,22.079866,16.340750
A,above_good,54,418,1610,final,489,16650000.0,,unclear,,22.079866,16.340750
A,above_good,54,419,1611,final_corrected,489,16650000.0,,unclear,,22.079866,16.340750
A,above_good,55,420,1612,end_of_prompt,194,,,unclear,,10.695250,6.104327
A,above_good,55,421,1613,est_offwin,315,117000.0,-1,unclear,,19.237097,1.165783
A,above_good,55,422,1614,est,454,12870000.0,-1,unclear,,23.428185,-0.809227
A,above_good,55,423,1615,tau_echo,477,15300000.0,,unclear,,19.767445,-4.690284
A,above_good,55,424,1616,est,492,12870000.0,-1,unclear,,26.828543,10.899292
A,above_good,55,425,1617,final,520,12870000.0,,unclear,,19.909763,15.401882
A,above_good,55,426,1618,final_corrected,520,12870000.0,,unclear,,19.909763,15.401882
A,above_good,56,427,1619,end_of_prompt,194,,,correct,1,10.688076,6.106541
A,above_good,56,428,1620,est_offwin,275,117000.0,-1,correct,1,20.196764,2.151450
A,above_good,56,429,1621,est_offwin,298,120000.0,-1,correct,1,19.298836,-3.028393
A,above_good,56,430,1622,est,526,24000000.0,1,correct,1,19.008080,-6.965852
A,above_good,56,431,1623,tau_echo,584,15300000.0,,correct,1,16.779913,-1.907674
A,above_good,56,432,1624,final,584,15300000.0,,correct,1,16.779913,-1.907674
A,above_good,56,433,1625,final_corrected,566,24000000.0,,correct,1,19.987642,9.540735
A,above_good,56,434,1626,belief,611,,,correct,1,8.734158,7.052267
A,above_good,57,435,1627,end_of_prompt,194,,,correct,1,10.721764,6.138235
A,above_good,57,436,1628,est_offwin,298,117000.0,-1,correct,1,19.670792,1.513668
A,above_good,57,437,1629,est,584,12870000.0,-1,correct,1,23.379299,1.710033
A,above_good,57,438,1630,tau_echo,645,15300000.0,,correct,1,20.058842,-2.217869
A,above_good,57,439,1631,final,645,15300000.0,,correct,1,20.058842,-2.217869
A,above_good,57,440,1632,final_corrected,625,12870000.0,,correct,1,23.383652,15.285079
A,above_good,58,441,1633,end_of_prompt,194,,,unclear,,10.695250,6.104327
A,above_good,58,442,1634,est_offwin,268,117000.0,-1,unclear,,19.633070,1.786810
A,above_good,58,443,1635,est,497,16380000.0,1,unclear,,23.605940,2.564662
A,above_good,58,444,1636,final,523,16380000.0,,unclear,,11.948032,15.683041
A,above_good,58,445,1637,final_corrected,523,16380000.0,,unclear,,11.948032,15.683041
A,above_good,59,446,1638,end_of_prompt,194,,,incorrect,-1,10.669304,6.129492
A,above_good,59,447,1639,est_offwin,271,117000.0,-1,incorrect,-1,19.309589,-2.128919
A,above_good,59,448,1640,est,433,11700000.0,-1,incorrect,-1,19.910727,-6.597858
A,above_good,59,449,1641,tau_echo,455,15300000.0,,incorrect,-1,20.909660,-5.026324
A,above_good,59,450,1642,est,476,11700000.0,-1,incorrect,-1,19.520754,9.889801
A,above_good,59,451,1643,final,476,11700000.0,,incorrect,-1,19.520754,9.889801
A,above_good,59,452,1644,final_corrected,476,11700000.0,,incorrect,-1,19.520754,9.889801
A,above_good,60,453,1645,end_of_prompt,194,,,correct,1,10.670286,6.137878
A,above_good,60,454,1646,est_offwin,549,120000.0,-1,correct,1,22.147625,-1.651826
A,above_good,60,455,1647,est,580,18000000.0,1,correct,1,20.055456,-5.349178
A,above_good,60,456,1648,tau_echo,628,15300000.0,,correct,1,14.001969,-2.020098
A,above_good,60,457,1649,final,628,15300000.0,,correct,1,14.001969,-2.020098
A,above_good,60,458,1650,final_corrected,600,18000000.0,,correct,1,20.615656,6.795535
A,above_good,60,459,1651,belief,648,,,correct,1,8.948654,9.218837
A,above_good,61,460,1652,end_of_prompt,194,,,unclear,,10.669304,6.129492
A,above_good,61,461,1653,est_offwin,280,65000.0,-1,unclear,,18.372955,-3.392251
A,above_good,61,462,1654,est,414,7150000.0,-1,unclear,,21.013927,-1.243913
A,above_good,61,463,1655,tau_echo,431,15300000.0,,unclear,,20.534355,-5.686849
A,above_good,61,464,1656,est,445,7150000.0,-1,unclear,,27.904617,7.052764
A,above_good,61,465,1657,final,486,7150000.0,,unclear,,21.345079,14.535479
A,above_good,61,466,1658,final_corrected,486,7150000.0,,unclear,,21.345079,14.535479
A,above_good,62,467,1659,end_of_prompt,194,,,unclear,,10.669304,6.129492
A,above_good,62,468,1660,est_offwin,347,40000.0,-1,unclear,,20.164555,-1.257300
A,above_good,62,469,1661,est,423,5000000.0,-1,unclear,,14.290705,-7.803891
A,above_good,62,470,1662,tau_echo,441,15300000.0,,unclear,,18.391956,-3.394838
A,above_good,62,471,1663,est,455,5000000.0,-1,unclear,,22.523674,1.771472
A,above_good,62,472,1664,final,487,5000000.0,,unclear,,20.480844,8.737738
A,above_good,62,473,1665,final_corrected,487,5000000.0,,unclear,,20.480844,8.737738
A,above_good,63,474,1666,end_of_prompt,194,,,correct,1,10.695250,6.104327
A,above_good,63,475,1667,est_offwin,271,117000.0,-1,correct,1,20.862270,-2.459860
A,above_good,63,476,1668,est,463,17550000.0,1,correct,1,23.222126,1.517655
A,above_good,63,477,1669,tau_echo,480,15300000.0,,correct,1,15.726971,-2.509081
A,above_good,63,478,1670,est,521,17550000.0,1,correct,1,20.801262,13.268186
A,above_good,63,479,1671,final,521,17550000.0,,correct,1,20.801262,13.268186
A,above_good,63,480,1672,final_corrected,521,17550000.0,,correct,1,20.801262,13.268186
A,above_good,64,481,1673,end_of_prompt,194,,,incorrect,-1,10.695250,6.104327
A,above_good,64,482,1674,est_offwin,274,117239.0,-1,incorrect,-1,8.248310,2.606663
A,above_good,64,483,1675,est_offwin,351,1195.0,-1,incorrect,-1,3.666927,4.108811
A,above_good,64,484,1676,est_offwin,401,117239.0,-1,incorrect,-1,19.177404,5.930604
A,above_good,64,485,1677,est_offwin,409,1195.0,-1,incorrect,-1,12.661832,6.078357
A,above_good,64,486,1678,est,423,140096505.0,1,incorrect,-1,-6.239455,7.609523
A,above_good,64,487,1679,tau_echo,486,15300000.0,,incorrect,-1,14.652482,-2.380227
A,above_good,64,488,1680,final,486,15300000.0,,incorrect,-1,14.652482,-2.380227
A,above_good,64,489,1681,final_corrected,462,140096505.0,,incorrect,-1,3.682893,18.315584
A,above_good,64,490,1682,belief,493,,,incorrect,-1,10.767612,3.779281
A,above_good,65,491,1683,end_of_prompt,194,,,correct,1,10.695250,6.104327
A,above_good,65,492,1684,est_offwin,436,140000.0,-1,correct,1,20.636303,-2.181907
A,above_good,65,493,1685,est,465,14000000.0,-1,correct,1,19.239277,-4.495995
A,above_good,65,494,1686,tau_echo,528,15300000.0,,correct,1,18.344471,1.299108
A,above_good,65,495,1687,final,528,15300000.0,,correct,1,18.344471,1.299108
A,above_good,65,496,1688,final_corrected,503,14000000.0,,correct,1,19.140148,7.910191
A,above_good,65,497,1689,belief,540,,,correct,1,6.100813,5.815480
A,above_good,66,498,1690,end_of_prompt,194,,,correct,1,10.695250,6.104327
A,above_good,66,499,1691,est_offwin,347,117239.0,-1,correct,1,8.121738,2.585389
A,above_good,66,500,1692,est,428,14654875.0,-1,correct,1,9.370594,5.227180
A,above_good,66,501,1693,tau_echo,487,15300000.0,,correct,1,17.686453,-1.087386
A,above_good,66,502,1694,final,487,15300000.0,,correct,1,17.686453,-1.087386
A,above_good,66,503,1695,final_corrected,467,14654875.0,,correct,1,13.397533,17.697868
A,above_good,66,504,1696,belief,513,,,correct,1,5.922828,6.231120
A,above_good,67,505,1697,end_of_prompt,194,,,unclear,,10.669304,6.129492
A,above_good,67,506,1698,est_offwin,322,117000.0,-1,unclear,,17.582626,-2.278928
A,above_good,67,507,1699,est,418,13338000.0,-1,unclear,,23.010220,5.576428
A,above_good,67,508,1700,tau_echo,438,15300000.0,,unclear,,20.589661,-2.244488
A,above_good,67,509,1701,est,474,13338000.0,-1,unclear,,21.177582,18.324980
A,above_good,67,510,1702,final,474,13338000.0,,unclear,,21.177582,18.324980
A,above_good,67,511,1703,final_corrected,474,13338000.0,,unclear,,21.177582,18.324980
A,above_good,68,512,1704,end_of_prompt,194,,,unclear,,10.688076,6.106541
A,above_good,68,513,1705,est_offwin,320,117000.0,-1,unclear,,17.815737,0.089052
A,above_good,68,514,1706,est,508,14625000.0,-1,unclear,,22.006718,4.780643
A,above_good,68,515,1707,tau_echo,525,15300000.0,,unclear,,19.839237,-4.147642
A,above_good,68,516,1708,est,542,14625000.0,-1,unclear,,22.076620,14.036978
A,above_good,68,517,1709,tau_echo,584,15300000.0,,unclear,,20.182140,0.386349
A,above_good,68,518,1710,final,584,15300000.0,,unclear,,20.182140,0.386349
A,above_good,68,519,1711,final_corrected,564,14625000.0,,unclear,,20.952175,15.929068
A,above_good,69,520,1712,end_of_prompt,194,,,unclear,,10.669304,6.129492
A,above_good,69,521,1713,est_offwin,265,117000.0,-1,unclear,,19.288368,1.126989
A,above_good,69,522,1714,est,425,14625000.0,-1,unclear,,21.231655,2.897579
A,above_good,69,523,1715,tau_echo,485,15300000.0,,unclear,,19.625288,-2.188126
A,above_good,69,524,1716,final,485,15300000.0,,unclear,,19.625288,-2.188126
A,above_good,69,525,1717,final_corrected,452,14625000.0,,unclear,,21.992031,14.343044
A,above_good,70,526,1718,end_of_prompt,194,,,unclear,,10.688076,6.106541
A,above_good,70,527,1719,est_offwin,269,119800.0,-1,unclear,,20.453222,-0.798511
A,above_good,70,528,1720,est,525,13178000.0,-1,unclear,,23.904076,5.098087
A,above_good,70,529,1721,tau_echo,587,15300000.0,,unclear,,19.442598,-2.438539
A,above_good,70,530,1722,final,587,15300000.0,,unclear,,19.442598,-2.438539
A,above_good,70,531,1723,final_corrected,567,13178000.0,,unclear,,22.098869,15.836817
A,above_good,71,532,1724,end_of_prompt,194,,,unclear,,10.669304,6.129492
A,above_good,71,533,1725,est_offwin,298,117000.0,-1,unclear,,20.300425,1.595058
A,above_good,71,534,1726,est,420,26250000.0,1,unclear,,19.542929,-0.210745
A,above_good,71,535,1727,tau_echo,436,15300000.0,,unclear,,14.755301,-3.902985
A,above_good,71,536,1728,est,455,26250000.0,1,unclear,,21.643345,15.804269
A,above_good,71,537,1729,final,455,26250000.0,,unclear,,21.643345,15.804269
A,above_good,71,538,1730,final_corrected,455,26250000.0,,unclear,,21.643345,15.804269
A,above_good,72,539,1731,end_of_prompt,194,,,unclear,,10.669304,6.129492
A,above_good,72,540,1732,est_offwin,281,117000.0,-1,unclear,,18.939873,1.594369
A,above_good,72,541,1733,est,387,15855000.0,1,unclear,,23.573883,3.264644
A,above_good,72,542,1734,tau_echo,405,15300000.0,,unclear,,14.502712,-1.499375
A,above_good,72,543,1735,est,422,15855000.0,1,unclear,,11.583713,18.238155
A,above_good,72,544,1736,final,422,15855000.0,,unclear,,11.583713,18.238155
A,above_good,72,545,1737,final_corrected,422,15855000.0,,unclear,,11.583713,18.238155
A,above_good,73,546,1738,end_of_prompt,194,,,correct,1,10.669304,6.129492
A,above_good,73,547,1739,est_offwin,280,117000.0,-1,correct,1,18.757030,-4.207934
A,above_good,73,548,1740,est,407,13338000.0,-1,correct,1,24.147144,5.672042
A,above_good,73,549,1741,tau_echo,447,15300000.0,,correct,1,18.743742,-3.692587
A,above_good,73,550,1742,final,447,15300000.0,,correct,1,18.743742,-3.692587
A,above_good,73,551,1743,final_corrected,425,13338000.0,,correct,1,22.870541,14.167717
A,above_good,74,552,1744,end_of_prompt,194,,,correct,1,10.688076,6.106541
A,above_good,74,553,1745,est,439,158500.0,-1,correct,1,19.097532,1.151756
A,above_good,74,554,1746,est,503,19812500.0,1,correct,1,24.073586,5.038659
A,above_good,74,555,1747,tau_echo,525,15300000.0,,correct,1,13.627838,-2.365945
A,above_good,74,556,1748,est,551,19812500.0,1,correct,1,19.175919,19.664909
A,above_good,74,557,1749,final,551,19812500.0,,correct,1,19.175919,19.664909
A,above_good,74,558,1750,final_corrected,551,19812500.0,,correct,1,19.175919,19.664909
A,above_good,75,559,1751,end_of_prompt,194,,,correct,1,10.695250,6.104327
A,above_good,75,560,1752,est_offwin,283,117239.0,-1,correct,1,7.728547,2.413534
A,above_good,75,561,1753,est,453,29309750.0,1,correct,1,21.581699,3.028771
A,above_good,75,562,1754,tau_echo,474,15300000.0,,correct,1,15.596611,-3.157000
A,above_good,75,563,1755,est,512,29309750.0,1,correct,1,20.639465,17.772337
A,above_good,75,564,1756,final,512,29309750.0,,correct,1,20.639465,17.772337
A,above_good,75,565,1757,final_corrected,512,29309750.0,,correct,1,20.639465,17.772337
A,above_good,75,566,1758,belief,484,,,correct,1,9.618507,5.570113
A,above_good,76,567,1759,end_of_prompt,194,,,correct,1,10.688076,6.106541
A,above_good,76,568,1760,est_offwin,294,117000.0,-1,correct,1,19.707369,1.677094
A,above_good,76,569,1761,est,505,31296000.0,1,correct,1,22.805450,6.176557
A,above_good,76,570,1762,tau_echo,561,15300000.0,,correct,1,13.650368,-4.498844
A,above_good,76,571,1763,final,561,15300000.0,,correct,1,13.650368,-4.498844
A,above_good,76,572,1764,final_corrected,541,31296000.0,,correct,1,22.955757,19.728558
A,above_good,76,573,1765,belief,590,,,correct,1,8.741591,6.239004
A,above_good,77,574,1766,end_of_prompt,194,,,unclear,,10.695250,6.104327
A,above_good,77,575,1767,est_offwin,285,117000.0,-1,unclear,,19.780190,1.864881
A,above_good,77,576,1768,est,460,9360000.0,-1,unclear,,20.572674,1.204971
A,above_good,77,577,1769,tau_echo,516,15300000.0,,unclear,,20.081623,-2.430100
A,above_good,77,578,1770,final,516,15300000.0,,unclear,,20.081623,-2.430100
A,above_good,77,579,1771,final_corrected,495,9360000.0,,unclear,,23.866114,14.077486
A,above_good,77,580,1772,belief,528,,,unclear,,5.600327,4.261755
A,above_good,78,581,1773,end_of_prompt,194,,,correct,1,10.695250,6.104327
A,above_good,78,582,1774,est_offwin,341,111000.0,-1,correct,1,19.103840,1.995095
A,above_good,78,583,1775,est,476,12210000.0,-1,correct,1,25.434431,3.510678
A,above_good,78,584,1776,tau_echo,528,15300000.0,,correct,1,20.659620,-3.431481
A,above_good,78,585,1777,final,528,15300000.0,,correct,1,20.659620,-3.431481
A,above_good,78,586,1778,final_corrected,508,12210000.0,,correct,1,20.820292,16.978832
A,above_good,78,587,1779,belief,547,,,correct,1,9.740799,9.025095
A,above_good,79,588,1780,end_of_prompt,194,,,correct,1,10.669304,6.129492
A,above_good,79,589,1781,est_offwin,324,117000.0,-1,correct,1,18.934715,-2.251258
A,above_good,79,590,1782,est,413,17550000.0,1,correct,1,21.830757,-0.215390
A,above_good,79,591,1783,tau_echo,430,15300000.0,,correct,1,16.056400,-2.738299
A,above_good,79,592,1784,est,459,17550000.0,1,correct,1,22.070564,12.858104
A,above_good,79,593,1785,final,459,17550000.0,,correct,1,22.070564,12.858104
A,above_good,79,594,1786,final_corrected,459,17550000.0,,correct,1,22.070564,12.858104
A,above_good,79,595,1787,belief,483,,,correct,1,9.043900,6.142711
A,above_good,80,596,1788,end_of_prompt,194,,,incorrect,-1,10.688076,6.106541
A,above_good,80,597,1789,est_offwin,279,117239.0,-1,incorrect,-1,8.989625,3.489886
A,above_good,80,598,1790,est,513,14654875.0,-1,incorrect,-1,10.110876,5.443937
A,above_good,80,599,1791,tau_echo,577,15300000.0,,incorrect,-1,19.521408,-2.067268
A,above_good,80,600,1792,final,577,15300000.0,,incorrect,-1,19.521408,-2.067268
A,above_good,80,601,1793,final_corrected,557,14654875.0,,incorrect,-1,13.324169,16.814363
A,above_good,80,602,1794,belief,599,,,incorrect,-1,8.429794,6.793535
A,above_good,81,603,1795,end_of_prompt,194,,,unclear,,10.669304,6.129492
A,above_good,81,604,1796,est_offwin,284,116000.0,-1,unclear,,20.078405,-2.589476
A,above_good,81,605,1797,est,411,12760000.0,-1,unclear,,22.706741,1.682640
A,above_good,81,606,1798,final,452,12760000.0,,unclear,,23.091696,14.936073
A,above_good,81,607,1799,final_corrected,452,12760000.0,,unclear,,23.091696,14.936073
A,above_good,82,608,1800,end_of_prompt,194,,,correct,1,10.695250,6.104327
A,above_good,82,609,1801,est_offwin,274,117000.0,-1,correct,1,19.428925,1.402714
A,above_good,82,610,1802,est_offwin,395,10000.0,-1,correct,1,18.801437,-9.191166
A,above_good,82,611,1803,est_offwin,408,127000.0,-1,correct,1,19.864685,0.178295
A,above_good,82,612,1804,est,475,26670000.0,1,correct,1,24.002010,2.190497
A,above_good,82,613,1805,tau_echo,497,15300000.0,,correct,1,14.905127,-4.729420
A,above_good,82,614,1806,est,543,26670000.0,1,correct,1,22.338631,14.740915
A,above_good,82,615,1807,final,543,26670000.0,,correct,1,22.338631,14.740915
A,above_good,82,616,1808,final_corrected,543,26670000.0,,correct,1,22.338631,14.740915
A,above_good,82,617,1809,belief,522,,,correct,1,8.235991,6.367089
A,above_good,83,618,1810,end_of_prompt,194,,,unclear,,10.669304,6.129492
A,above_good,83,619,1811,est_offwin,266,114000.0,-1,unclear,,19.649260,-1.839600
A,above_good,83,620,1812,est,385,14820000.0,-1,unclear,,21.629242,3.023863
A,above_good,83,621,1813,tau_echo,444,15300000.0,,unclear,,19.448778,-1.805694
A,above_good,83,622,1814,final,444,15300000.0,,unclear,,19.448778,-1.805694
A,above_good,83,623,1815,final_corrected,423,14820000.0,,unclear,,22.672945,17.050955
A,above_good,84,624,1816,end_of_prompt,194,,,correct,1,10.695250,6.104327
A,above_good,84,625,1817,est_offwin,267,117239.0,-1,correct,1,8.223154,2.720650
A,above_good,84,626,1818,est,440,17585850.0,1,correct,1,21.333839,3.925474
A,above_good,84,627,1819,tau_echo,457,15300000.0,,correct,1,14.884882,-4.026073
A,above_good,84,628,1820,est,499,17585850.0,1,correct,1,20.166737,18.740871
A,above_good,84,629,1821,final,499,17585850.0,,correct,1,20.166737,18.740871
A,above_good,84,630,1822,final_corrected,499,17585850.0,,correct,1,20.166737,18.740871
A,above_good,85,631,1823,end_of_prompt,194,,,correct,1,10.669304,6.129492
A,above_good,85,632,1824,est_offwin,293,117000.0,-1,correct,1,20.229790,-1.474468
A,above_good,85,633,1825,est,435,12870000.0,-1,correct,1,22.135944,3.186873
A,above_good,85,634,1826,tau_echo,453,15300000.0,,correct,1,19.741552,-3.677433
A,above_good,85,635,1827,est,472,12870000.0,-1,correct,1,18.524647,19.235189
A,above_good,85,636,1828,final,472,12870000.0,,correct,1,18.524647,19.235189
A,above_good,85,637,1829,final_corrected,472,12870000.0,,correct,1,18.524647,19.235189
A,above_good,85,638,1830,belief,500,,,correct,1,6.099561,4.649872
A,above_good,86,639,1831,end_of_prompt,194,,,correct,1,10.695250,6.104327
A,above_good,86,640,1832,est_offwin,385,117000.0,-1,correct,1,19.249340,1.295464
A,above_good,86,641,1833,est,471,12870000.0,-1,correct,1,21.549627,2.540727
A,above_good,86,642,1834,tau_echo,500,15300000.0,,correct,1,18.227013,-3.395538
A,above_good,86,643,1835,est,544,12870000.0,-1,correct,1,19.146675,15.709560
A,above_good,86,644,1836,final,544,12870000.0,,correct,1,19.146675,15.709560
A,above_good,86,645,1837,final_corrected,544,12870000.0,,correct,1,19.146675,15.709560
A,above_good,87,646,1838,end_of_prompt,194,,,correct,1,10.695250,6.104327
A,above_good,87,647,1839,tau_echo,272,15300000.0,,correct,1,20.946209,-4.548460
A,above_good,87,648,1840,est_offwin,314,117239.0,-1,correct,1,8.729647,-0.333914
A,above_good,87,649,1841,est,435,17585850.0,1,correct,1,22.524988,1.146483
A,above_good,87,650,1842,tau_echo,461,15300000.0,,correct,1,17.982864,-2.433159
A,above_good,87,651,1843,est,482,17585850.0,1,correct,1,18.446037,18.839508
A,above_good,87,652,1844,final,482,17585850.0,,correct,1,18.446037,18.839508
A,above_good,87,653,1845,final_corrected,482,17585850.0,,correct,1,18.446037,18.839508
A,above_good,88,654,1846,end_of_prompt,194,,,correct,1,10.688076,6.106541
A,above_good,88,655,1847,est_offwin,273,68000.0,-1,correct,1,21.157413,-2.157963
A,above_good,88,656,1848,est,526,11560000.0,-1,correct,1,21.387352,-1.758837
A,above_good,88,657,1849,tau_echo,587,15300000.0,,correct,1,19.974491,-3.876967
A,above_good,88,658,1850,final,587,15300000.0,,correct,1,19.974491,-3.876967
A,above_good,88,659,1851,final_corrected,570,11560000.0,,correct,1,22.758163,15.317228
A,above_good,88,660,1852,belief,612,,,correct,1,6.440576,5.663861
A,above_good,89,661,1853,end_of_prompt,194,,,incorrect,-1,10.688076,6.106541
A,above_good,89,662,1854,tau_echo,269,15300000.0,,incorrect,-1,19.081419,-0.957812
A,above_good,89,663,1855,est_offwin,295,114000.0,-1,incorrect,-1,20.397675,-1.618671
A,above_good,89,664,1856,est,434,17100000.0,1,incorrect,-1,18.445324,0.405441
A,above_good,89,665,1857,tau_echo,454,15300000.0,,incorrect,-1,17.011421,-0.262637
A,above_good,89,666,1858,est_offwin,521,114000.0,-1,incorrect,-1,24.542545,5.292771
A,above_good,89,667,1859,est,539,15960000.0,1,incorrect,-1,11.580530,5.581406
A,above_good,89,668,1860,tau_echo,574,15300000.0,,incorrect,-1,12.617519,0.911081
A,above_good,89,669,1861,est,614,15000000.0,-1,incorrect,-1,3.109524,2.698965
A,above_good,89,670,1862,final,614,15000000.0,,incorrect,-1,3.109524,2.698965
A,above_good,89,671,1863,final_corrected,614,15000000.0,,incorrect,-1,3.109524,2.698965
A,above_good,90,672,1864,end_of_prompt,194,,,correct,1,10.669304,6.129492
A,above_good,90,673,1865,est_offwin,292,117000.0,-1,correct,1,19.293367,2.121534
A,above_good,90,674,1866,est,410,18135000.0,1,correct,1,25.110394,0.973680
A,above_good,90,675,1867,tau_echo,459,15300000.0,,correct,1,13.456626,-2.906281
A,above_good,90,676,1868,final,459,15300000.0,,correct,1,13.456626,-2.906281
A,above_good,90,677,1869,final_corrected,442,18135000.0,,correct,1,22.600609,16.706200
A,above_good,90,678,1870,belief,491,,,correct,1,8.351404,4.756155
A,above_good,91,679,1871,end_of_prompt,194,,,incorrect,-1,10.721764,6.138235
A,above_good,91,680,1872,est,306,158000.0,-1,incorrect,-1,19.104725,1.799723
A,above_good,91,681,1873,est,557,31600000.0,1,incorrect,-1,19.942411,-1.821065
A,above_good,91,682,1874,est,619,15000000.0,-1,incorrect,-1,6.706331,-1.063998
A,above_good,91,683,1875,tau_echo,661,15300000.0,,incorrect,-1,15.490469,0.288122
A,above_good,91,684,1876,final,661,15300000.0,,incorrect,-1,15.490469,0.288122
A,above_good,91,685,1877,final_corrected,619,15000000.0,,incorrect,-1,6.706331,-1.063998
A,above_good,92,686,1878,end_of_prompt,194,,,correct,1,10.669304,6.129492
A,above_good,92,687,1879,est_offwin,261,68000.0,-1,correct,1,21.607571,-1.736974
A,above_good,92,688,1880,est,419,15504000.0,1,correct,1,23.553743,7.018461
A,above_good,92,689,1881,tau_echo,479,15300000.0,,correct,1,12.942073,0.763454
A,above_good,92,690,1882,final,479,15300000.0,,correct,1,12.942073,0.763454
A,above_good,92,691,1883,final_corrected,461,15504000.0,,correct,1,23.880121,20.818998
A,above_good,93,692,1884,end_of_prompt,194,,,unclear,,10.688076,6.106541
A,above_good,93,693,1885,est_offwin,273,117000.0,-1,unclear,,19.929989,-1.478260
A,above_good,93,694,1886,est,476,14040000.0,-1,unclear,,20.281622,5.523032
A,above_good,93,695,1887,tau_echo,576,15300000.0,,unclear,,19.314585,-3.804952
A,above_good,93,696,1888,final,576,15300000.0,,unclear,,19.314585,-3.804952
A,above_good,93,697,1889,final_corrected,514,14040000.0,,unclear,,21.966059,17.359325
A,above_good,94,698,1890,end_of_prompt,194,,,unclear,,10.669304,6.129492
A,above_good,94,699,1891,est_offwin,250,117000.0,-1,unclear,,20.659252,2.260281
A,above_good,94,700,1892,est,415,16380000.0,1,unclear,,23.661690,-0.971195
A,above_good,94,701,1893,tau_echo,437,15300000.0,,unclear,,16.051905,-2.870204
A,above_good,94,702,1894,est,455,16000000.0,1,unclear,,10.686282,0.229567
A,above_good,94,703,1895,final,455,16000000.0,,unclear,,10.686282,0.229567
A,above_good,94,704,1896,final_corrected,455,16000000.0,,unclear,,10.686282,0.229567
A,above_good,95,705,1897,end_of_prompt,194,,,correct,1,10.688076,6.106541
A,above_good,95,706,1898,est_offwin,272,117000.0,-1,correct,1,19.820082,1.922218
A,above_good,95,707,1899,est,529,17550000.0,1,correct,1,23.169922,1.965642
A,above_good,95,708,1900,tau_echo,595,15300000.0,,correct,1,17.505381,-0.665369
A,above_good,95,709,1901,final,595,15300000.0,,correct,1,17.505381,-0.665369
A,above_good,95,710,1902,final_corrected,575,17550000.0,,correct,1,22.385176,12.136840
A,above_good,95,711,1903,belief,615,,,correct,1,9.577900,6.455592
A,above_good,96,712,1904,end_of_prompt,194,,,correct,1,10.695250,6.104327
A,above_good,96,713,1905,est_offwin,261,117000.0,-1,correct,1,20.855358,2.512970
A,above_good,96,714,1906,est,443,3510000.0,-1,correct,1,20.515903,0.780982
A,above_good,96,715,1907,tau_echo,498,15300000.0,,correct,1,20.315762,-1.661571
A,above_good,96,716,1908,final,498,15300000.0,,correct,1,20.315762,-1.661571
A,above_good,96,717,1909,final_corrected,478,3510000.0,,correct,1,24.329054,15.058650
A,above_good,96,718,1910,belief,509,,,correct,1,4.282592,6.611179
A,above_good,97,719,1911,end_of_prompt,194,,,correct,1,10.669304,6.129492
A,above_good,97,720,1912,est_offwin,339,117000.0,-1,correct,1,19.459452,1.878724
A,above_good,97,721,1913,est,417,17550000.0,1,correct,1,22.235807,0.156438
A,above_good,97,722,1914,tau_echo,491,15300000.0,,correct,1,14.110516,0.780938
A,above_good,97,723,1915,final,491,15300000.0,,correct,1,14.110516,0.780938
A,above_good,97,724,1916,final_corrected,455,17550000.0,,correct,1,22.024258,14.490199
A,above_good,98,725,1917,end_of_prompt,194,,,correct,1,10.669304,6.129492
A,above_good,98,726,1918,est_offwin,282,117239.0,-1,correct,1,7.284534,2.311574
A,above_good,98,727,1919,est,398,18180445.0,1,correct,1,8.166439,4.731491
A,above_good,98,728,1920,tau_echo,415,15300000.0,,correct,1,13.428057,-4.494463
A,above_good,98,729,1921,est,450,18180445.0,1,correct,1,9.243764,19.790573
A,above_good,98,730,1922,final,450,18180445.0,,correct,1,9.243764,19.790573
A,above_good,98,731,1923,final_corrected,450,18180445.0,,correct,1,9.243764,19.790573
A,above_good,99,732,1924,end_of_prompt,194,,,correct,1,10.721764,6.138235
A,above_good,99,733,1925,est_offwin,264,68000.0,-1,correct,1,21.959724,-2.649943
A,above_good,99,734,1926,est,581,8160000.0,-1,correct,1,19.770950,1.016593
A,above_good,99,735,1927,tau_echo,638,15300000.0,,correct,1,18.996609,-2.576444
A,above_good,99,736,1928,final,638,15300000.0,,correct,1,18.996609,-2.576444
A,above_good,99,737,1929,final_corrected,617,8160000.0,,correct,1,23.218792,14.167526
A,above_good,99,738,1930,belief,649,,,correct,1,4.426584,5.128255
A,above_good,100,739,1931,end_of_prompt,194,,,correct,1,10.670286,6.137878
A,above_good,100,740,1932,est_offwin,272,117239.0,-1,correct,1,8.492302,2.602732
A,above_good,100,741,1933,est,542,8206730.0,-1,correct,1,17.611282,1.253376
A,above_good,100,742,1934,tau_echo,605,15300000.0,,correct,1,19.164770,-2.562138
A,above_good,100,743,1935,final,605,15300000.0,,correct,1,19.164770,-2.562138
A,above_good,100,744,1936,final_corrected,586,8206730.0,,correct,1,19.951351,16.435507
A,above_good,100,745,1937,belief,625,,,correct,1,4.975948,6.111992
A,above_good,101,746,1938,end_of_prompt,194,,,unclear,,10.669304,6.129492
A,above_good,101,747,1939,est_offwin,275,117000.0,-1,unclear,,19.717474,-2.954811
A,above_good,101,748,1940,est,402,14040000.0,-1,unclear,,22.376045,0.401888
A,above_good,101,749,1941,tau_echo,448,15300000.0,,unclear,,19.371695,-2.565377
A,above_good,101,750,1942,final,448,15300000.0,,unclear,,19.371695,-2.565377
A,above_good,101,751,1943,final_corrected,428,14040000.0,,unclear,,22.174475,16.716785
A,above_good,102,752,1944,end_of_prompt,194,,,correct,1,10.669304,6.129492
A,above_good,102,753,1945,est_offwin,342,117239.0,-1,correct,1,6.981205,2.400357
A,above_good,102,754,1946,est,400,15241070.0,-1,correct,1,18.552010,0.176350
A,above_good,102,755,1947,tau_echo,463,15300000.0,,correct,1,16.619732,-1.696503
A,above_good,102,756,1948,final,463,15300000.0,,correct,1,16.619732,-1.696503
A,above_good,102,757,1949,final_corrected,445,15241070.0,,correct,1,19.590225,16.774162
A,above_good,102,758,1950,belief,482,,,correct,1,5.283349,5.356206
A,above_good,103,759,1951,end_of_prompt,194,,,correct,1,10.669304,6.129492
A,above_good,103,760,1952,est_offwin,277,68000.0,-1,correct,1,21.832468,-2.721593
A,above_good,103,761,1953,est,409,9520000.0,-1,correct,1,22.130074,-1.550639
A,above_good,103,762,1954,tau_echo,433,15300000.0,,correct,1,19.441746,-6.086375
A,above_good,103,763,1955,est,447,9520000.0,-1,correct,1,26.335232,9.776877
A,above_good,103,764,1956,final,500,9520000.0,,correct,1,21.415146,12.922756
A,above_good,103,765,1957,final_corrected,500,9520000.0,,correct,1,21.415146,12.922756
A,above_good,104,766,1958,end_of_prompt,194,,,correct,1,10.688076,6.106541
A,above_good,104,767,1959,est_offwin,357,117000.0,-1,correct,1,18.796265,0.867677
A,above_good,104,768,1960,est_offwin,414,10000.0,-1,correct,1,17.437946,-4.368352
A,above_good,104,769,1961,est_offwin,449,5250.0,-1,correct,1,15.486145,0.294849
A,above_good,104,770,1962,est_offwin,483,10000.0,-1,correct,1,25.460258,0.304141
A,above_good,104,771,1963,est_offwin,494,117000.0,-1,correct,1,26.724762,-3.940365
A,above_good,104,772,1964,est_offwin,525,5250.0,-1,correct,1,25.067284,5.171450
A,above_good,104,773,1965,est,538,615750000.0,1,correct,1,18.153280,2.069909
A,above_good,104,774,1966,tau_echo,557,15300000.0,,correct,1,16.513807,-3.219898
A,above_good,104,775,1967,est,598,615750000.0,1,correct,1,19.630299,16.128426
A,above_good,104,776,1968,final,598,615750000.0,,correct,1,19.630299,16.128426
A,above_good,104,777,1969,final_corrected,598,615750000.0,,correct,1,19.630299,16.128426
A,above_good,104,778,1970,belief,622,,,correct,1,9.249646,6.896736
A,above_good,105,779,1971,end_of_prompt,194,,,unclear,,10.669304,6.129492
A,above_good,105,780,1972,est_offwin,286,137000.0,-1,unclear,,20.896029,2.607613
A,above_good,105,781,1973,est,418,13015000.0,-1,unclear,,23.050236,4.469612
A,above_good,105,782,1974,tau_echo,435,15300000.0,,unclear,,18.908964,-3.507378
A,above_good,105,783,1975,est,450,13015000.0,-1,unclear,,27.478802,10.083414
A,above_good,105,784,1976,final,474,13015000.0,,unclear,,20.796366,16.009108
A,above_good,105,785,1977,final_corrected,474,13015000.0,,unclear,,20.796366,16.009108
A,above_good,106,786,1978,end_of_prompt,194,,,correct,1,10.669304,6.129492
A,above_good,106,787,1979,est_offwin,309,92250.0,-1,correct,1,18.158295,0.000110
A,above_good,106,788,1980,est,412,25606250.0,1,correct,1,22.347382,1.451705
A,above_good,106,789,1981,tau_echo,463,15300000.0,,correct,1,15.558094,-6.088430
A,above_good,106,790,1982,final,463,15300000.0,,correct,1,15.558094,-6.088430
A,above_good,106,791,1983,final_corrected,430,25606250.0,,correct,1,20.432215,10.086894
A,above_good,106,792,1984,belief,481,,,correct,1,9.560537,6.691943
A,above_good,107,793,1985,end_of_prompt,194,,,correct,1,10.669304,6.129492
A,above_good,107,794,1986,est_offwin,313,117000.0,-1,correct,1,19.146437,1.313427
A,above_good,107,795,1987,est,403,4680000.0,-1,correct,1,22.303743,-0.859183
A,above_good,107,796,1988,tau_echo,420,15300000.0,,correct,1,19.882551,-5.748495
A,above_good,107,797,1989,est,451,4680000.0,-1,correct,1,21.858955,15.174288
A,above_good,107,798,1990,final,451,4680000.0,,correct,1,21.858955,15.174288
A,above_good,107,799,1991,final_corrected,451,4680000.0,,correct,1,21.858955,15.174288
A,above_good,107,800,1992,belief,486,,,correct,1,7.135875,3.235204
A,above_good,108,801,1993,end_of_prompt,194,,,correct,1,10.695250,6.104327
A,above_good,108,802,1994,est_offwin,378,117000.0,-1,correct,1,23.518887,2.816634
A,above_good,108,803,1995,est,396,28080000.0,1,correct,1,21.933815,-0.642018
A,above_good,108,804,1996,est_offwin,410,130000.0,-1,correct,1,23.205952,-3.345124
A,above_good,108,805,1997,est,428,78000000.0,1,correct,1,14.393822,-5.938344
A,above_good,108,806,1998,est,451,28080000.0,1,correct,1,22.060278,5.683942
A,above_good,108,807,1999,est,463,78000000.0,1,correct,1,22.392838,-7.869509
A,above_good,108,808,2000,est,479,53040000.0,1,correct,1,16.389494,4.845116
A,above_good,108,809,2001,tau_echo,536,15300000.0,,correct,1,16.266354,-1.451993
A,above_good,108,810,2002,final,536,15300000.0,,correct,1,16.266354,-1.451993
A,above_good,108,811,2003,final_corrected,516,53040000.0,,correct,1,20.795122,14.109601
A,above_good,108,812,2004,belief,552,,,correct,1,9.720007,8.192028
A,above_good,109,813,2005,end_of_prompt,194,,,correct,1,10.695250,6.104327
A,above_good,109,814,2006,est_offwin,345,150000.0,-1,correct,1,17.220690,-6.225606
A,above_good,109,815,2007,est,405,17250000.0,1,correct,1,22.011446,-4.364703
A,above_good,109,816,2008,tau_echo,424,15300000.0,,correct,1,11.581678,-2.311859
A,above_good,109,817,2009,est,443,17250000.0,1,correct,1,20.795561,14.324694
A,above_good,109,818,2010,tau_echo,499,15300000.0,,correct,1,9.103158,1.878774
A,above_good,109,819,2011,est,546,17250000.0,1,correct,1,20.563238,7.559059
A,above_good,109,820,2012,final,546,17250000.0,,correct,1,20.563238,7.559059
A,above_good,109,821,2013,final_corrected,546,17250000.0,,correct,1,20.563238,7.559059
A,above_good,109,822,2014,belief,516,,,correct,1,7.911721,8.322110
A,above_good,110,823,2015,end_of_prompt,194,,,correct,1,10.695250,6.104327
A,above_good,110,824,2016,est_offwin,263,114000.0,-1,correct,1,20.452854,-2.464405
A,above_good,110,825,2017,est,468,34200000.0,1,correct,1,21.448217,-0.691138
A,above_good,110,826,2018,tau_echo,523,15300000.0,,correct,1,14.607173,0.035758
A,above_good,110,827,2019,final,523,15300000.0,,correct,1,14.607173,0.035758
A,above_good,110,828,2020,final_corrected,502,34200000.0,,correct,1,20.991709,11.833403
A,above_good,110,829,2021,belief,543,,,correct,1,9.353165,6.917770
A,above_good,111,830,2022,end_of_prompt,194,,,unclear,,10.688076,6.106541
A,above_good,111,831,2023,est_offwin,389,117239.0,-1,unclear,,6.906232,1.448983
A,above_good,111,832,2024,est,494,12906290.0,-1,unclear,,18.030684,2.165774
A,above_good,111,833,2025,tau_echo,530,15300000.0,,unclear,,18.069767,-3.865537
A,above_good,111,834,2026,final,530,15300000.0,,unclear,,18.069767,-3.865537
A,above_good,111,835,2027,final_corrected,510,12906290.0,,unclear,,22.011440,12.328726
A,above_good,112,836,2028,end_of_prompt,194,,,correct,1,10.695250,6.104327
A,above_good,112,837,2029,est_offwin,345,111000.0,-1,correct,1,17.807997,-1.943455
A,above_good,112,838,2030,est,466,16650000.0,1,correct,1,22.890377,0.160142
A,above_good,112,839,2031,tau_echo,499,15300000.0,,correct,1,16.249718,-3.246314
A,above_good,112,840,2032,est,522,16650000.0,1,correct,1,24.774572,10.164198
A,above_good,112,841,2033,final,553,16650000.0,,correct,1,19.454786,13.705555
A,above_good,112,842,2034,final_corrected,553,16650000.0,,correct,1,19.454786,13.705555
A,above_good,112,843,2035,belief,529,,,correct,1,10.239046,6.404662
A,above_good,113,844,2036,end_of_prompt,194,,,correct,1,10.721764,6.138235
A,above_good,113,845,2037,est_offwin,531,111000.0,-1,correct,1,17.688923,0.746173
A,above_good,113,846,2038,est,609,20812500.0,1,correct,1,22.516338,5.201907
A,above_good,113,847,2039,tau_echo,655,15300000.0,,correct,1,15.569210,-3.062083
A,above_good,113,848,2040,final,655,15300000.0,,correct,1,15.569210,-3.062083
A,above_good,113,849,2041,final_corrected,637,20812500.0,,correct,1,22.767363,16.652710
A,above_good,113,850,2042,belief,677,,,correct,1,8.659132,8.773809
A,above_good,114,851,2043,end_of_prompt,194,,,correct,1,10.695250,6.104327
A,above_good,114,852,2044,est_offwin,506,35000.0,-1,correct,1,18.609844,-1.793244
A,above_good,114,853,2045,est_offwin,522,5000.0,-1,correct,1,15.480742,-2.803938
A,above_good,114,854,2046,est_offwin,537,1500.0,-1,correct,1,13.940124,-2.855661
A,above_good,114,855,2047,est_offwin,551,3000.0,-1,correct,1,16.250969,-0.871667
A,above_good,114,856,2048,est_offwin,566,30000.0,-1,correct,1,16.204016,-2.100412
A,above_good,114,857,2049,est_offwin,608,35000.0,-1,correct,1,28.264395,-2.069458
A,above_good,114,858,2050,est_offwin,643,5000.0,-1,correct,1,21.424168,-4.242283
A,above_good,114,859,2051,est_offwin,678,1500.0,-1,correct,1,18.055239,-4.006064
A,above_good,114,860,2052,est_offwin,716,3000.0,-1,correct,1,20.961966,-3.422298
A,above_good,114,861,2053,est_offwin,753,30000.0,-1,correct,1,18.346092,-4.984577
A,above_good,114,862,2054,est_offwin,787,35000.0,-1,correct,1,28.765978,1.284692
A,above_good,114,863,2055,est,798,4550000.0,-1,correct,1,20.780949,-5.081332
A,above_good,114,864,2056,est_offwin,821,5000.0,-1,correct,1,23.329247,-2.626822
A,above_good,114,865,2057,est,830,600000.0,-1,correct,1,15.838442,-5.100987
A,above_good,114,866,2058,est_offwin,853,1500.0,-1,correct,1,21.313351,-2.561689
A,above_good,114,867,2059,est,862,217500.0,-1,correct,1,14.320490,1.857837
A,above_good,114,868,2060,est_offwin,883,3000.0,-1,correct,1,22.770540,-0.920128
A,above_good,114,869,2061,est,892,390000.0,-1,correct,1,16.503117,-0.739099
A,above_good,114,870,2062,est_offwin,914,30000.0,-1,correct,1,22.030119,-2.998303
A,above_good,114,871,2063,est,925,3600000.0,-1,correct,1,11.970122,-7.287895
A,above_good,114,872,2064,est,944,4550000.0,-1,correct,1,23.383295,2.335443
A,above_good,114,873,2065,est,953,600000.0,-1,correct,1,23.111633,-6.026724
A,above_good,114,874,2066,est,962,217500.0,-1,correct,1,21.064688,0.689225
A,above_good,114,875,2067,est,971,390000.0,-1,correct,1,24.462963,-1.988177
A,above_good,114,876,2068,est,982,3600000.0,-1,correct,1,22.341400,-5.608248
A,above_good,114,877,2069,est,993,9357500.0,-1,correct,1,17.953535,7.919298
A,above_good,114,878,2070,tau_echo,1069,15300000.0,,correct,1,18.511612,-3.815719
A,above_good,114,879,2071,final,1069,15300000.0,,correct,1,18.511612,-3.815719
A,above_good,114,880,2072,final_corrected,1053,9357500.0,,correct,1,24.652512,14.313873
A,above_good,114,881,2073,belief,1090,,,correct,1,9.133905,8.092333
A,above_good,115,882,2074,end_of_prompt,194,,,unclear,,10.721764,6.138235
A,above_good,115,883,2075,est_offwin,273,68000.0,-1,unclear,,22.086010,1.945036
A,above_good,115,884,2076,est,593,8160000.0,-1,unclear,,20.138046,3.309902
A,above_good,115,885,2077,tau_echo,648,15300000.0,,unclear,,19.876608,-3.289086
A,above_good,115,886,2078,final,670,15300000.0,,unclear,,17.653151,2.549495
A,above_good,115,887,2079,final_corrected,627,8160000.0,,unclear,,23.590918,15.173714
A,above_good,116,888,2080,end_of_prompt,194,,,incorrect,-1,10.688076,6.106541
A,above_good,116,889,2081,est_offwin,340,117000.0,-1,incorrect,-1,18.458508,-0.252936
A,above_good,116,890,2082,est,486,25740000.0,1,incorrect,-1,21.767836,-3.315609
A,above_good,116,891,2083,tau_echo,506,15300000.0,,incorrect,-1,11.116837,-4.036744
A,above_good,116,892,2084,est,547,15200000.0,-1,incorrect,-1,8.239838,-0.429030
A,above_good,116,893,2085,final,562,15200000.0,,incorrect,-1,17.745440,4.237265
A,above_good,116,894,2086,final_corrected,562,15200000.0,,incorrect,-1,17.745440,4.237265
A,above_good,116,895,2087,belief,516,,,incorrect,-1,9.399868,2.944106
A,above_good,117,896,2088,end_of_prompt,194,,,correct,1,10.695250,6.104327
A,above_good,117,897,2089,est_offwin,283,117000.0,-1,correct,1,20.011614,1.628549
A,above_good,117,898,2090,est,418,32025000.0,1,correct,1,24.905220,2.599664
A,above_good,117,899,2091,tau_echo,442,15300000.0,,correct,1,15.668081,-4.403465
A,above_good,117,900,2092,est,457,32025000.0,1,correct,1,27.654472,10.687870
A,above_good,117,901,2093,final,516,32025000.0,,correct,1,20.492008,18.466721
A,above_good,117,902,2094,final_corrected,516,32025000.0,,correct,1,20.492008,18.466721
A,above_good,117,903,2095,belief,479,,,correct,1,9.764176,8.308550
A,above_good,118,904,2096,end_of_prompt,194,,,unclear,,10.688076,6.106541
A,above_good,118,905,2097,est_offwin,315,117000.0,-1,unclear,,19.900461,2.203080
A,above_good,118,906,2098,est,489,14625000.0,-1,unclear,,22.960632,3.880484
A,above_good,118,907,2099,tau_echo,533,15300000.0,,unclear,,18.625376,-2.862631
A,above_good,118,908,2100,est,567,14625000.0,-1,unclear,,19.813318,20.206825
A,above_good,118,909,2101,final,567,14625000.0,,unclear,,19.813318,20.206825
A,above_good,118,910,2102,final_corrected,567,14625000.0,,unclear,,19.813318,20.206825
A,above_good,119,911,2103,end_of_prompt,194,,,unclear,,10.669304,6.129492
A,above_good,119,912,2104,est_offwin,259,117000.0,-1,unclear,,21.205046,2.743556
A,above_good,119,913,2105,est,397,15210000.0,-1,unclear,,23.065876,2.352732
A,above_good,119,914,2106,tau_echo,419,15300000.0,,unclear,,20.119839,-3.759557
A,above_good,119,915,2107,est,441,15210000.0,-1,unclear,,18.668060,20.229504
A,above_good,119,916,2108,final,441,15210000.0,,unclear,,18.668060,20.229504
A,above_good,119,917,2109,final_corrected,441,15210000.0,,unclear,,18.668060,20.229504
A,above_good,120,918,2110,end_of_prompt,194,,,correct,1,10.688076,6.106541
A,above_good,120,919,2111,est_offwin,310,68000.0,-1,correct,1,19.086143,-0.731332
A,above_good,120,920,2112,est_offwin,360,80000.0,-1,correct,1,18.125139,-1.064903
A,above_good,120,921,2113,est,478,10000000.0,-1,correct,1,15.084552,-8.611901
A,above_good,120,922,2114,tau_echo,549,15300000.0,,correct,1,19.699726,-1.371992
A,above_good,120,923,2115,final,549,15300000.0,,correct,1,19.699726,-1.371992
A,above_good,120,924,2116,final_corrected,528,10000000.0,,correct,1,16.398796,11.163470
A,above_good,120,925,2117,belief,571,,,correct,1,8.331930,6.826305
A,above_good,121,926,2118,end_of_prompt,194,,,unclear,,10.721764,6.138235
A,above_good,121,927,2119,est_offwin,425,68000.0,-1,unclear,,18.969486,2.031229
A,above_good,121,928,2120,est_offwin,499,70000.0,-1,unclear,,19.027454,-4.178948
A,above_good,121,929,2121,est,604,10500000.0,-1,unclear,,18.233706,-4.473093
A,above_good,121,930,2122,tau_echo,626,15300000.0,,unclear,,20.342890,-4.262041
A,above_good,121,931,2123,est,646,10500000.0,-1,unclear,,19.379477,11.424809
A,above_good,121,932,2124,final,646,10500000.0,,unclear,,19.379477,11.424809
A,above_good,121,933,2125,final_corrected,646,10500000.0,,unclear,,19.379477,11.424809
A,above_good,122,934,2126,end_of_prompt,194,,,unclear,,10.619771,6.095538
A,above_good,122,935,2127,est_offwin,531,116500.0,-1,unclear,,19.325256,2.965449
A,above_good,122,936,2128,est,814,13640500.0,-1,unclear,,21.557804,3.151371
A,above_good,122,937,2129,tau_echo,875,15300000.0,,unclear,,18.822565,-2.670172
A,above_good,122,938,2130,final,875,15300000.0,,unclear,,18.822565,-2.670172
A,above_good,122,939,2131,final_corrected,856,13640500.0,,unclear,,21.007298,15.639095
A,above_good,123,940,2132,end_of_prompt,194,,,correct,1,10.688076,6.106541
A,above_good,123,941,2133,est_offwin,285,117239.0,-1,correct,1,8.102211,2.659932
A,above_good,123,942,2134,est_offwin,404,1500.0,-1,correct,1,14.505070,-0.482798
A,above_good,123,943,2135,est_offwin,449,117239.0,-1,correct,1,18.111917,3.992809
A,above_good,123,944,2136,est_offwin,463,1500.0,-1,correct,1,26.167994,2.264081
A,above_good,123,945,2137,est,484,175858500.0,1,correct,1,16.968819,3.553238
A,above_good,123,946,2138,tau_echo,506,15300000.0,,correct,1,14.863524,-3.808258
A,above_good,123,947,2139,est,551,175858500.0,1,correct,1,20.210388,17.779470
A,above_good,123,948,2140,final,551,175858500.0,,correct,1,20.210388,17.779470
A,above_good,123,949,2141,final_corrected,551,175858500.0,,correct,1,20.210388,17.779470
A,above_good,123,950,2142,belief,536,,,correct,1,7.731979,5.674330
A,above_good,124,951,2143,end_of_prompt,194,,,correct,1,10.695250,6.104327
A,above_good,124,952,2144,est_offwin,286,117239.0,-1,correct,1,8.034401,2.357440
A,above_good,124,953,2145,est,482,23447800.0,1,correct,1,24.454620,7.652397
A,above_good,124,954,2146,tau_echo,532,15300000.0,,correct,1,16.457945,-3.225610
A,above_good,124,955,2147,final,532,15300000.0,,correct,1,16.457945,-3.225610
A,above_good,124,956,2148,final_corrected,500,23447800.0,,correct,1,23.403513,16.009293
A,above_good,124,957,2149,belief,549,,,correct,1,9.268018,8.297441
A,above_good,125,958,2150,end_of_prompt,194,,,unclear,,10.669304,6.129492
A,above_good,125,959,2151,est_offwin,360,111000.0,-1,unclear,,19.474037,1.585342
A,above_good,125,960,2152,est,430,12210000.0,-1,unclear,,22.777239,2.614738
A,above_good,125,961,2153,tau_echo,447,15300000.0,,unclear,,20.222254,-5.255834
A,above_good,125,962,2154,est,462,12210000.0,-1,unclear,,27.291779,11.473087
A,above_good,125,963,2155,final,489,12210000.0,,unclear,,20.560013,16.578918
A,above_good,125,964,2156,final_corrected,489,12210000.0,,unclear,,20.560013,16.578918
A,above_good,126,965,2157,end_of_prompt,194,,,correct,1,10.695250,6.104327
A,above_good,126,966,2158,est_offwin,272,117000.0,-1,correct,1,19.665628,1.932883
A,above_good,126,967,2159,est,435,14625000.0,-1,correct,1,21.780830,4.733375
A,above_good,126,968,2160,tau_echo,490,15300000.0,,correct,1,19.632626,-1.316756
A,above_good,126,969,2161,final,490,15300000.0,,correct,1,19.632626,-1.316756
A,above_good,126,970,2162,final_corrected,470,14625000.0,,correct,1,22.120754,17.159584
A,above_good,126,971,2163,belief,510,,,correct,1,5.440301,7.591592
A,above_good,127,972,2164,end_of_prompt,194,,,incorrect,-1,10.705035,6.120728
A,above_good,127,973,2165,est_offwin,351,117239.0,-1,incorrect,-1,7.564979,2.749759
A,above_good,127,974,2166,est,455,35171700.0,1,incorrect,-1,23.315569,7.302697
A,above_good,127,975,2167,tau_echo,474,15300000.0,,incorrect,-1,14.524153,-3.109970
A,above_good,127,976,2168,est_offwin,534,117239.0,-1,incorrect,-1,18.077297,5.767011
A,above_good,127,977,2169,est,568,25792580.0,1,incorrect,-1,7.579477,6.746936
A,above_good,127,978,2170,est_offwin,610,117239.0,-1,incorrect,-1,18.012276,6.268078
A,above_good,127,979,2171,est,642,2110302.0,-1,incorrect,-1,-10.291815,10.774848
A,above_good,127,980,2172,est,677,16000000.0,1,incorrect,-1,6.493494,-5.088368
A,above_good,127,981,2173,final,677,16000000.0,,incorrect,-1,6.493494,-5.088368
A,above_good,127,982,2174,final_corrected,677,16000000.0,,incorrect,-1,6.493494,-5.088368
A,above_good,128,983,2175,end_of_prompt,194,,,correct,1,10.695250,6.104327
A,above_good,128,984,2176,est_offwin,261,114000.0,-1,correct,1,19.551674,-1.624972
A,above_good,128,985,2177,est,482,17670000.0,1,correct,1,20.919495,11.274658
A,above_good,128,986,2178,tau_echo,498,15300000.0,,correct,1,14.472192,-2.700632
A,above_good,128,987,2179,est,511,17670000.0,1,correct,1,28.066265,6.070765
A,above_good,128,988,2180,final,511,17670000.0,,correct,1,28.066265,6.070765
A,above_good,128,989,2181,final_corrected,511,17670000.0,,correct,1,28.066265,6.070765
A,above_good,128,990,2182,belief,529,,,correct,1,9.043111,6.372993
A,above_good,129,991,2183,end_of_prompt,194,,,correct,1,10.669304,6.129492
A,above_good,129,992,2184,est_offwin,261,68000.0,-1,correct,1,21.314262,-1.782192
A,above_good,129,993,2185,est,387,8500000.0,-1,correct,1,17.528257,-5.276118
A,above_good,129,994,2186,tau_echo,444,15300000.0,,correct,1,19.706196,-1.938069
A,above_good,129,995,2187,final,444,15300000.0,,correct,1,19.706196,-1.938069
A,above_good,129,996,2188,final_corrected,424,8500000.0,,correct,1,21.481224,10.546364
A,above_good,129,997,2189,belief,464,,,correct,1,5.078853,4.040772
A,above_good,130,998,2190,end_of_prompt,194,,,correct,1,10.695250,6.104327
A,above_good,130,999,2191,est_offwin,348,117000.0,-1,correct,1,18.916016,0.856697
A,above_good,130,1000,2192,est,466,16380000.0,1,correct,1,22.513550,1.894350
A,above_good,130,1001,2193,tau_echo,521,15300000.0,,correct,1,17.441143,-1.305773
A,above_good,130,1002,2194,final,521,15300000.0,,correct,1,17.441143,-1.305773
A,above_good,130,1003,2195,final_corrected,503,16380000.0,,correct,1,21.644342,15.950216
A,above_good,131,1004,2196,end_of_prompt,194,,,correct,1,10.695250,6.104327
A,above_good,131,1005,2197,est_offwin,282,114000.0,-1,correct,1,20.114521,-1.959324
A,above_good,131,1006,2198,est,447,17100000.0,1,correct,1,21.558136,-1.858442
A,above_good,131,1007,2199,tau_echo,504,15300000.0,,correct,1,15.082150,-1.293703
A,above_good,131,1008,2200,final,504,15300000.0,,correct,1,15.082150,-1.293703
A,above_good,131,1009,2201,final_corrected,487,17100000.0,,correct,1,20.618074,10.976153
A,above_good,131,1010,2202,belief,527,,,correct,1,9.452313,8.028950
A,above_good,132,1011,2203,end_of_prompt,194,,,unclear,,10.669304,6.129492
A,above_good,132,1012,2204,est_offwin,301,100000.0,-1,unclear,,15.096857,-11.371867
A,above_good,132,1013,2205,est,414,15000000.0,-1,unclear,,18.720608,-4.966604
A,above_good,132,1014,2206,tau_echo,436,15300000.0,,unclear,,20.280014,-0.380938
A,above_good,132,1015,2207,est,452,15000000.0,-1,unclear,,15.565727,8.594801
A,above_good,132,1016,2208,final,452,15000000.0,,unclear,,15.565727,8.594801
A,above_good,132,1017,2209,final_corrected,452,15000000.0,,unclear,,15.565727,8.594801
A,above_good,133,1018,2210,end_of_prompt,194,,,unclear,,10.695250,6.104327
A,above_good,133,1019,2211,est_offwin,276,114000.0,-1,unclear,,19.487043,-2.848963
A,above_good,133,1020,2212,est,400,6840000.0,-1,unclear,,21.896193,-2.665956
A,above_good,133,1021,2213,est,456,7500000.0,-1,unclear,,13.438605,-7.398767
A,above_good,133,1022,2214,tau_echo,499,15300000.0,,unclear,,19.146696,-3.148983
A,above_good,133,1023,2215,final,499,15300000.0,,unclear,,19.146696,-3.148983
A,above_good,133,1024,2216,final_corrected,478,7500000.0,,unclear,,19.840250,6.619611
A,above_good,134,1025,2217,end_of_prompt,194,,,unclear,,10.669304,6.129492
A,above_good,134,1026,2218,est_offwin,351,117000.0,-1,unclear,,19.008610,2.299070
A,above_good,134,1027,2219,est,415,4095000.0,-1,unclear,,19.839191,1.626397
A,above_good,134,1028,2220,tau_echo,478,15300000.0,,unclear,,19.791050,-4.035287
A,above_good,134,1029,2221,final,478,15300000.0,,unclear,,19.791050,-4.035287
A,above_good,134,1030,2222,final_corrected,456,4095000.0,,unclear,,23.403370,17.874382
A,above_good,135,1031,2223,end_of_prompt,194,,,unclear,,10.688076,6.106541
A,above_good,135,1032,2224,est_offwin,277,117000.0,-1,unclear,,19.910852,-2.128635
A,above_good,135,1033,2225,est,494,58500000.0,1,unclear,,20.101578,-2.240406
A,above_good,135,1034,2226,tau_echo,514,15300000.0,,unclear,,16.835194,-3.434346
A,above_good,135,1035,2227,est,534,58500000.0,1,unclear,,22.885098,7.477321
A,above_good,135,1036,2228,final,576,58500000.0,,unclear,,18.765034,11.053344
A,above_good,135,1037,2229,final_corrected,576,58500000.0,,unclear,,18.765034,11.053344
A,above_good,136,1038,2230,end_of_prompt,194,,,correct,1,10.669304,6.129492
A,above_good,136,1039,2231,est_offwin,282,117000.0,-1,correct,1,20.404587,-1.025403
A,above_good,136,1040,2232,est,425,17550000.0,1,correct,1,21.833809,-0.734570
A,above_good,136,1041,2233,tau_echo,498,15300000.0,,correct,1,14.142110,-2.214506
A,above_good,136,1042,2234,final,498,15300000.0,,correct,1,14.142110,-2.214506
A,above_good,136,1043,2235,final_corrected,464,17550000.0,,correct,1,21.306973,13.843487
A,above_good,137,1044,2236,end_of_prompt,194,,,unclear,,10.695250,6.104327
A,above_good,137,1045,2237,est_offwin,377,117000.0,-1,unclear,,23.692226,0.047310
A,above_good,137,1046,2238,est,444,17550000.0,1,unclear,,22.536703,-3.878984
A,above_good,137,1047,2239,tau_echo,468,15300000.0,,unclear,,13.467373,-1.413548
A,above_good,137,1048,2240,est,487,17550000.0,1,unclear,,21.881645,9.739807
A,above_good,137,1049,2241,final,515,17550000.0,,unclear,,20.180855,15.063445
A,above_good,137,1050,2242,final_corrected,515,17550000.0,,unclear,,20.180855,15.063445
A,above_good,138,1051,2243,end_of_prompt,194,,,unclear,,10.669304,6.129492
A,above_good,138,1052,2244,est_offwin,260,114000.0,-1,unclear,,19.738234,-2.025361
A,above_good,138,1053,2245,est,368,19950000.0,1,unclear,,22.296150,-4.062842
A,above_good,138,1054,2246,tau_echo,387,15300000.0,,unclear,,12.624435,-3.841141
A,above_good,138,1055,2247,est,420,19950000.0,1,unclear,,21.076321,14.911242
A,above_good,138,1056,2248,final,420,19950000.0,,unclear,,21.076321,14.911242
A,above_good,138,1057,2249,final_corrected,420,19950000.0,,unclear,,21.076321,14.911242
A,above_good,139,1058,2250,end_of_prompt,194,,,unclear,,10.669304,6.129492
A,above_good,139,1059,2251,est_offwin,286,117000.0,-1,unclear,,20.652042,1.503360
A,above_good,139,1060,2252,est,416,12870000.0,-1,unclear,,22.060062,3.339002
A,above_good,139,1061,2253,tau_echo,469,15300000.0,,unclear,,19.787573,-2.737504
A,above_good,139,1062,2254,final,469,15300000.0,,unclear,,19.787573,-2.737504
A,above_good,139,1063,2255,final_corrected,437,12870000.0,,unclear,,22.552036,13.308924
A,above_good,140,1064,2256,end_of_prompt,194,,,unclear,,10.688076,6.106541
A,above_good,140,1065,2257,est_offwin,442,100000.0,-1,unclear,,16.264057,-10.341435
A,above_good,140,1066,2258,est,511,10000000.0,-1,unclear,,15.629259,-8.076483
A,above_good,140,1067,2259,tau_echo,534,15300000.0,,unclear,,21.049047,-4.706811
A,above_good,140,1068,2260,est,568,10000000.0,-1,unclear,,16.348246,7.379672
A,above_good,140,1069,2261,final,568,10000000.0,,unclear,,16.348246,7.379672
A,above_good,140,1070,2262,final_corrected,568,10000000.0,,unclear,,16.348246,7.379672
A,above_good,141,1071,2263,end_of_prompt,194,,,correct,1,10.695250,6.104327
A,above_good,141,1072,2264,est_offwin,259,117000.0,-1,correct,1,19.610218,1.218786
A,above_good,141,1073,2265,est,363,35100000.0,1,correct,1,20.030018,-5.887017
A,above_good,141,1074,2266,est,401,34000000.0,1,correct,1,12.298677,2.017312
A,above_good,141,1075,2267,est,424,35100000.0,1,correct,1,17.005692,1.224952
A,above_good,141,1076,2268,tau_echo,443,15300000.0,,correct,1,11.566572,-4.238361
A,above_good,141,1077,2269,final,476,15300000.0,,correct,1,13.022734,-1.444827
A,above_good,141,1078,2270,final_corrected,424,35100000.0,,correct,1,17.005692,1.224952
A,above_good,141,1079,2271,belief,507,,,correct,1,3.954424,4.376713
A,above_good,142,1080,2272,end_of_prompt,194,,,correct,1,10.688076,6.106541
A,above_good,142,1081,2273,est_offwin,292,117239.0,-1,correct,1,7.013834,2.638045
A,above_good,142,1082,2274,est,490,23447800.0,1,correct,1,23.608746,4.059490
A,above_good,142,1083,2275,tau_echo,507,15300000.0,,correct,1,12.184837,-5.180086
A,above_good,142,1084,2276,est,554,23447800.0,1,correct,1,20.504833,15.502051
A,above_good,142,1085,2277,final,554,23447800.0,,correct,1,20.504833,15.502051
A,above_good,142,1086,2278,final_corrected,554,23447800.0,,correct,1,20.504833,15.502051
A,above_good,142,1087,2279,belief,572,,,correct,1,9.334555,4.719058
A,above_good,143,1088,2280,end_of_prompt,194,,,correct,1,10.669304,6.129492
A,above_good,143,1089,2281,est_offwin,330,110000.0,-1,correct,1,17.497272,-1.345146
A,above_good,143,1090,2282,est,400,16500000.0,1,correct,1,21.204601,-5.298078
A,above_good,143,1091,2283,tau_echo,458,15300000.0,,correct,1,16.050171,-1.282962
A,above_good,143,1092,2284,final,458,15300000.0,,correct,1,16.050171,-1.282962
A,above_good,143,1093,2285,final_corrected,437,16500000.0,,correct,1,20.185215,11.508411
A,above_good,143,1094,2286,belief,480,,,correct,1,8.064127,6.178111
A,above_good,144,1095,2287,end_of_prompt,194,,,correct,1,10.695250,6.104327
A,above_good,144,1096,2288,est_offwin,302,117000.0,-1,correct,1,19.385225,-3.219409
A,above_good,144,1097,2289,est,456,40950000.0,1,correct,1,23.364367,-1.089460
A,above_good,144,1098,2290,tau_echo,515,15300000.0,,correct,1,14.856281,-1.397809
A,above_good,144,1099,2291,final,515,15300000.0,,correct,1,14.856281,-1.397809
A,above_good,144,1100,2292,final_corrected,494,40950000.0,,correct,1,22.545525,13.778105
A,above_good,144,1101,2293,belief,527,,,correct,1,9.427799,6.208706
A,above_good,145,1102,2294,end_of_prompt,194,,,correct,1,10.695250,6.104327
A,above_good,145,1103,2295,est_offwin,251,40000.0,-1,correct,1,21.225807,-0.477692
A,above_good,145,1104,2296,est,394,10560000.0,-1,correct,1,19.141968,0.199911
A,above_good,145,1105,2297,tau_echo,429,15300000.0,,correct,1,19.351208,-4.410858
A,above_good,145,1106,2298,final,429,15300000.0,,correct,1,19.351208,-4.410858
A,above_good,145,1107,2299,final_corrected,413,10560000.0,,correct,1,21.755892,13.450235
A,above_good,145,1108,2300,belief,468,,,correct,1,4.772930,5.922029
A,above_good,146,1109,2301,end_of_prompt,194,,,unclear,,10.669304,6.129492
A,above_good,146,1110,2302,est_offwin,271,114000.0,-1,unclear,,19.015333,-3.333960
A,above_good,146,1111,2303,est,361,13680000.0,-1,unclear,,19.854183,0.866277
A,above_good,146,1112,2304,tau_echo,408,15300000.0,,unclear,,16.110615,-1.057188
A,above_good,146,1113,2305,final,408,15300000.0,,unclear,,16.110615,-1.057188
A,above_good,146,1114,2306,final_corrected,381,13680000.0,,unclear,,22.305998,12.515411
A,above_good,147,1115,2307,end_of_prompt,194,,,correct,1,10.695250,6.104327
A,above_good,147,1116,2308,est_offwin,262,117239.0,-1,correct,1,9.864452,3.522088
A,above_good,147,1117,2309,est,385,31426672.0,1,correct,1,15.743721,7.629508
A,above_good,147,1118,2310,tau_echo,409,15300000.0,,correct,1,14.911167,-5.158937
A,above_good,147,1119,2311,est,425,31426672.0,1,correct,1,23.615005,15.374970
A,above_good,147,1120,2312,final,467,31426672.0,,correct,1,15.196733,23.374697
A,above_good,147,1121,2313,final_corrected,467,31426672.0,,correct,1,15.196733,23.374697
A,above_good,147,1122,2314,belief,510,,,correct,1,12.643955,2.006456
A,above_good,148,1123,2315,end_of_prompt,194,,,unclear,,10.695250,6.104327
A,above_good,148,1124,2316,est_offwin,311,117239.0,-1,unclear,,7.614877,1.581638
A,above_good,148,1125,2317,est,448,8086471.0,-1,unclear,,9.970169,-0.171787
A,above_good,148,1126,2318,est,475,8000000.0,-1,unclear,,9.540929,-1.218956
A,above_good,148,1127,2319,tau_echo,511,15300000.0,,unclear,,16.861084,-4.828104
A,above_good,148,1128,2320,final,511,15300000.0,,unclear,,16.861084,-4.828104
A,above_good,148,1129,2321,final_corrected,475,8000000.0,,unclear,,9.540929,-1.218956
A,above_good,149,1130,2322,end_of_prompt,194,,,correct,1,10.695250,6.104327
A,above_good,149,1131,2323,est_offwin,272,117239.0,-1,correct,1,8.252563,2.949453
A,above_good,149,1132,2324,est,441,13366046.0,-1,correct,1,12.678860,4.205731
A,above_good,149,1133,2325,tau_echo,501,15300000.0,,correct,1,18.871887,-2.682886
A,above_good,149,1134,2326,final,501,15300000.0,,correct,1,18.871887,-2.682886
A,above_good,149,1135,2327,final_corrected,481,13366046.0,,correct,1,16.071125,20.550503
A,above_good,149,1136,2328,belief,520,,,correct,1,9.675529,6.497848
A,neutral,0,0,2329,end_of_prompt,130,,,,,11.237959,5.804437
A,neutral,0,1,2330,est_offwin,243,125000.0,-1,,,21.478024,-1.313079
A,neutral,0,2,2331,est,388,8750000.0,-1,,,20.523098,-1.500358
A,neutral,0,3,2332,final,414,8750000.0,,,,25.864502,10.990791
A,neutral,0,4,2333,final_corrected,414,8750000.0,,,,25.864502,10.990791
A,neutral,1,5,2334,end_of_prompt,130,,,,,11.264093,5.791255
A,neutral,1,6,2335,est_offwin,348,100000.0,-1,,,17.050457,-10.265213
A,neutral,1,7,2336,est,475,10000000.0,-1,,,16.261879,-4.272360
A,neutral,1,8,2337,final,510,10000000.0,,,,20.551268,4.155191
A,neutral,1,9,2338,final_corrected,510,10000000.0,,,,20.551268,4.155191
A,neutral,2,10,2339,end_of_prompt,130,,,,,11.237959,5.804437
A,neutral,2,11,2340,est_offwin,409,134000.0,-1,,,22.289364,1.902798
A,neutral,2,12,2341,est_offwin,423,111000.0,-1,,,21.963226,-2.126765
A,neutral,2,13,2342,est,432,157000.0,-1,,,22.462294,0.271470
A,neutral,2,14,2343,est_offwin,449,134000.0,-1,,,30.359959,2.728353
A,neutral,2,15,2344,est,464,20100000.0,1,,,16.319290,-3.388926
A,neutral,2,16,2345,final,502,20100000.0,,,,22.432693,13.263793
A,neutral,2,17,2346,final_corrected,502,20100000.0,,,,22.432693,13.263793
A,neutral,3,18,2347,end_of_prompt,130,,,,,11.237959,5.804437
A,neutral,3,19,2348,est_offwin,238,117000.0,-1,,,18.106224,1.100202
A,neutral,3,20,2349,est,446,15795000.0,1,,,19.097988,6.841576
A,neutral,3,21,2350,final,484,15795000.0,,,,23.434990,15.739025
A,neutral,3,22,2351,final_corrected,484,15795000.0,,,,23.434990,15.739025
A,neutral,4,23,2352,end_of_prompt,130,,,,,11.275900,5.777271
A,neutral,4,24,2353,est_offwin,242,117000.0,-1,,,19.628265,2.109434
A,neutral,4,25,2354,est_offwin,271,120000.0,-1,,,19.329287,-1.886300
A,neutral,4,26,2355,est,323,18000000.0,1,,,14.872213,-6.363252
A,neutral,4,27,2356,final,359,18000000.0,,,,21.277405,6.851735
A,neutral,4,28,2357,final_corrected,359,18000000.0,,,,21.277405,6.851735
A,neutral,5,29,2358,end_of_prompt,130,,,,,11.237959,5.804437
A,neutral,5,30,2359,est_offwin,213,111000.0,-1,,,18.163311,-2.327658
A,neutral,5,31,2360,est,324,8880000.0,-1,,,19.988123,-2.580347
A,neutral,5,32,2361,final,362,8880000.0,,,,24.390110,12.604712
A,neutral,5,33,2362,final_corrected,362,8880000.0,,,,24.390110,12.604712
A,neutral,6,34,2363,end_of_prompt,130,,,,,11.237959,5.804437
A,neutral,6,35,2364,est_offwin,321,100000.0,-1,,,20.420856,-5.297680
A,neutral,6,36,2365,est,409,10000000.0,-1,,,15.597769,-4.372116
A,neutral,6,37,2366,final,437,10000000.0,,,,18.473034,2.516119
A,neutral,6,38,2367,final_corrected,437,10000000.0,,,,18.473034,2.516119
A,neutral,7,39,2368,end_of_prompt,130,,,,,11.237959,5.804437
A,neutral,7,40,2369,est_offwin,325,128500.0,-1,,,19.745064,2.196300
A,neutral,7,41,2370,est,390,25700000.0,1,,,16.973143,-2.954935
A,neutral,7,42,2371,final,433,25700000.0,,,,22.428593,10.343954
A,neutral,7,43,2372,final_corrected,433,25700000.0,,,,22.428593,10.343954
A,neutral,8,44,2373,end_of_prompt,130,,,,,11.244623,5.776815
A,neutral,8,45,2374,est_offwin,554,1946.0,-1,,,3.431416,-0.933526
A,neutral,8,46,2375,est_offwin,585,150000.0,-1,,,13.002630,-4.988311
A,neutral,8,47,2376,est_offwin,607,151946.0,-1,,,9.170718,2.768625
A,neutral,8,48,2377,est,665,22791900.0,1,,,16.363899,2.808623
A,neutral,8,49,2378,final,703,22791900.0,,,,22.359194,16.195465
A,neutral,8,50,2379,final_corrected,703,22791900.0,,,,22.359194,16.195465
A,neutral,9,51,2380,end_of_prompt,130,,,,,11.237959,5.804437
A,neutral,9,52,2381,est_offwin,320,117000.0,-1,,,17.775326,-3.325255
A,neutral,9,53,2382,est,437,23400000.0,1,,,17.140804,0.799115
A,neutral,9,54,2383,final,475,23400000.0,,,,21.870735,9.094228
A,neutral,9,55,2384,final_corrected,475,23400000.0,,,,21.870735,9.094228
A,neutral,10,56,2385,end_of_prompt,130,,,,,11.237959,5.804437
A,neutral,10,57,2386,est_offwin,219,111000.0,-1,,,18.954189,-1.731483
A,neutral,10,58,2387,est_offwin,243,1000.0,-1,,,15.984324,-4.061707
A,neutral,10,59,2388,est_offwin,324,111000.0,-1,,,28.330746,4.404129
A,neutral,10,60,2389,est,377,12210000.0,-1,,,20.424873,2.265412
A,neutral,10,61,2390,final,415,12210000.0,,,,24.559559,13.859589
A,neutral,10,62,2391,final_corrected,415,12210000.0,,,,24.559559,13.859589
A,neutral,11,63,2392,end_of_prompt,130,,,,,11.237959,5.804437
A,neutral,11,64,2393,est_offwin,229,117000.0,-1,,,19.443571,2.053355
A,neutral,11,65,2394,est,349,14040000.0,-1,,,19.527725,4.525558
A,neutral,11,66,2395,final,384,14040000.0,,,,24.140070,14.323163
A,neutral,11,67,2396,final_corrected,384,14040000.0,,,,24.140070,14.323163
A,neutral,12,68,2397,end_of_prompt,130,,,,,11.226124,5.804578
A,neutral,12,69,2398,est_offwin,552,111000.0,-1,,,20.548742,1.152099
A,neutral,12,70,2399,est,606,33300000.0,1,,,16.314774,-3.116913
A,neutral,12,71,2400,final,646,33300000.0,,,,21.778679,10.748016
A,neutral,12,72,2401,final_corrected,646,33300000.0,,,,21.778679,10.748016
A,neutral,13,73,2402,end_of_prompt,130,,,,,11.237959,5.804437
A,neutral,13,74,2403,est_offwin,208,115000.0,-1,,,18.721289,-3.348342
A,neutral,13,75,2404,est,381,12650000.0,-1,,,19.931572,2.771240
A,neutral,13,76,2405,final,418,12650000.0,,,,24.127419,12.170284
A,neutral,13,77,2406,final_corrected,418,12650000.0,,,,24.127419,12.170284
A,neutral,14,78,2407,end_of_prompt,130,,,,,11.264093,5.791255
A,neutral,14,79,2408,est_offwin,209,114000.0,-1,,,20.692408,-0.916485
A,neutral,14,80,2409,est,483,14250000.0,-1,,,19.505779,2.286363
A,neutral,14,81,2410,final,520,14250000.0,,,,23.015778,11.502769
A,neutral,14,82,2411,final_corrected,520,14250000.0,,,,23.015778,11.502769
A,neutral,15,83,2412,end_of_prompt,130,,,,,11.237959,5.804437
A,neutral,15,84,2413,est_offwin,317,111000.0,-1,,,17.845907,1.126480
A,neutral,15,85,2414,est,405,11655000.0,-1,,,19.320499,5.873239
A,neutral,15,86,2415,final,443,11655000.0,,,,24.510235,15.291771
A,neutral,15,87,2416,final_corrected,443,11655000.0,,,,24.510235,15.291771
A,neutral,16,88,2417,end_of_prompt,130,,,,,11.255457,5.804236
A,neutral,16,89,2418,est_offwin,190,117000.0,-1,,,19.415211,1.790009
A,neutral,16,90,2419,est,305,17550000.0,1,,,18.260681,1.141483
A,neutral,16,91,2420,final,328,17550000.0,,,,24.193645,11.666068
A,neutral,16,92,2421,final_corrected,328,17550000.0,,,,24.193645,11.666068
A,neutral,17,93,2422,end_of_prompt,130,,,,,11.237959,5.804437
A,neutral,17,94,2423,est_offwin,229,60000.0,-1,,,22.309906,0.356306
A,neutral,17,95,2424,est,367,15000000.0,-1,,,15.811396,-3.198819
A,neutral,17,96,2425,final,404,15000000.0,,,,20.998602,6.233811
A,neutral,17,97,2426,final_corrected,404,15000000.0,,,,20.998602,6.233811
A,neutral,18,98,2427,end_of_prompt,130,,,,,11.237959,5.804437
A,neutral,18,99,2428,est_offwin,215,111000.0,-1,,,18.616112,-1.915939
A,neutral,18,100,2429,est,381,16650000.0,1,,,18.649967,1.551590
A,neutral,18,101,2430,final,419,16650000.0,,,,23.419512,12.178438
A,neutral,18,102,2431,final_corrected,419,16650000.0,,,,23.419512,12.178438
A,neutral,19,103,2432,end_of_prompt,130,,,,,11.237959,5.804437
A,neutral,19,104,2433,est_offwin,250,111000.0,-1,,,18.033974,1.566055
A,neutral,19,105,2434,est,397,13875000.0,-1,,,17.407995,-1.546458
A,neutral,19,106,2435,est,447,14000000.0,-1,,,12.757155,-0.839600
A,neutral,19,107,2436,final,447,14000000.0,,,,12.757155,-0.839600
A,neutral,19,108,2437,final_corrected,447,14000000.0,,,,12.757155,-0.839600
A,neutral,20,109,2438,end_of_prompt,130,,,,,11.237959,5.804437
A,neutral,20,110,2439,est_offwin,348,111000.0,-1,,,18.571499,1.496927
A,neutral,20,111,2440,est,430,16650000.0,1,,,18.124008,-1.689262
A,neutral,20,112,2441,final,469,16650000.0,,,,23.191837,12.970456
A,neutral,20,113,2442,final_corrected,469,16650000.0,,,,23.191837,12.970456
A,neutral,21,114,2443,end_of_prompt,130,,,,,11.237959,5.804437
A,neutral,21,115,2444,est_offwin,206,114000.0,-1,,,19.453331,-2.000802
A,neutral,21,116,2445,est,397,15390000.0,1,,,19.311386,0.994267
A,neutral,21,117,2446,final,436,15390000.0,,,,23.990162,13.043491
A,neutral,21,118,2447,final_corrected,436,15390000.0,,,,23.990162,13.043491
A,neutral,22,119,2448,end_of_prompt,130,,,,,11.237959,5.804437
A,neutral,22,120,2449,est_offwin,231,114000.0,-1,,,20.403669,-2.424388
A,neutral,22,121,2450,est,406,12540000.0,-1,,,20.228203,3.695055
A,neutral,22,122,2451,final,441,12540000.0,,,,24.281631,13.418623
A,neutral,22,123,2452,final_corrected,441,12540000.0,,,,24.281631,13.418623
A,neutral,23,124,2453,end_of_prompt,130,,,,,11.275900,5.777271
A,neutral,23,125,2454,est_offwin,185,114000.0,-1,,,19.677673,-2.019222
A,neutral,23,126,2455,est,339,11400000.0,-1,,,15.998270,-2.920974
A,neutral,23,127,2456,final,376,11400000.0,,,,22.148262,10.650584
A,neutral,23,128,2457,final_corrected,376,11400000.0,,,,22.148262,10.650584
A,neutral,24,129,2458,end_of_prompt,130,,,,,11.237959,5.804437
A,neutral,24,130,2459,est_offwin,247,111000.0,-1,,,17.797070,-2.828601
A,neutral,24,131,2460,est,357,12654000.0,-1,,,20.771706,4.911231
A,neutral,24,132,2461,final,393,12654000.0,,,,25.431351,16.340328
A,neutral,24,133,2462,final_corrected,393,12654000.0,,,,25.431351,16.340328
A,neutral,25,134,2463,end_of_prompt,130,,,,,11.237959,5.804437
A,neutral,25,135,2464,est_offwin,220,117000.0,-1,,,19.366938,1.334217
A,neutral,25,136,2465,est,398,10530000.0,-1,,,19.832674,4.597769
A,neutral,25,137,2466,final,434,10530000.0,,,,24.021122,13.343081
A,neutral,25,138,2467,final_corrected,434,10530000.0,,,,24.021122,13.343081
A,neutral,26,139,2468,end_of_prompt,130,,,,,11.264093,5.791255
A,neutral,26,140,2469,est_offwin,319,32500.0,-1,,,19.450060,-0.662439
A,neutral,26,141,2470,est_offwin,336,11700.0,-1,,,16.275414,-3.548234
A,neutral,26,142,2471,est_offwin,367,32500.0,-1,,,28.604696,4.210186
A,neutral,26,143,2472,est,399,4875000.0,-1,,,19.331230,-2.181297
A,neutral,26,144,2473,est_offwin,423,11700.0,-1,,,23.692844,3.805788
A,neutral,26,145,2474,est,455,1755000.0,-1,,,17.470734,-0.910774
A,neutral,26,146,2475,est,478,4875000.0,-1,,,25.026119,4.243026
A,neutral,26,147,2476,est,489,1755000.0,-1,,,25.825966,-2.710088
A,neutral,26,148,2477,est,500,6630000.0,-1,,,20.848572,2.367928
A,neutral,26,149,2478,final,542,6630000.0,,,,25.658497,13.748166
A,neutral,26,150,2479,final_corrected,542,6630000.0,,,,25.658497,13.748166
A,neutral,27,151,2480,end_of_prompt,130,,,,,11.275900,5.777271
A,neutral,27,152,2481,est_offwin,268,100000.0,-1,,,24.628704,-3.210393
A,neutral,27,153,2482,est,285,15000000.0,-1,,,14.590595,-5.466863
A,neutral,27,154,2483,est_offwin,293,120000.0,-1,,,22.280499,-2.078187
A,neutral,27,155,2484,est,310,18000000.0,1,,,14.679190,-5.380270
A,neutral,27,156,2485,est,362,16500000.0,1,,,16.166639,3.344910
A,neutral,27,157,2486,final,362,16500000.0,,,,16.166639,3.344910
A,neutral,27,158,2487,final_corrected,362,16500000.0,,,,16.166639,3.344910
A,neutral,28,159,2488,end_of_prompt,130,,,,,11.237959,5.804437
A,neutral,28,160,2489,est_offwin,230,117000.0,-1,,,19.868420,3.160691
A,neutral,28,161,2490,est,399,20550000.0,1,,,18.161261,3.336448
A,neutral,28,162,2491,final,437,20550000.0,,,,23.321541,12.642639
A,neutral,28,163,2492,final_corrected,437,20550000.0,,,,23.321541,12.642639
A,neutral,29,164,2493,end_of_prompt,130,,,,,11.237959,5.804437
A,neutral,29,165,2494,est_offwin,227,117239.0,-1,,,8.770954,2.838052
A,neutral,29,166,2495,est,409,9379120.0,-1,,,16.179037,5.744940
A,neutral,29,167,2496,final,446,9379120.0,,,,22.182121,15.731399
A,neutral,29,168,2497,final_corrected,446,9379120.0,,,,22.182121,15.731399
A,neutral,30,169,2498,end_of_prompt,130,,,,,11.237959,5.804437
A,neutral,30,170,2499,est_offwin,244,111000.0,-1,,,20.456995,1.444327
A,neutral,30,171,2500,est,355,14430000.0,-1,,,19.296293,-0.258947
A,neutral,30,172,2501,final,398,14430000.0,,,,24.888817,15.013792
A,neutral,30,173,2502,final_corrected,398,14430000.0,,,,24.888817,15.013792
A,neutral,31,174,2503,end_of_prompt,130,,,,,11.275900,5.777271
A,neutral,31,175,2504,est_offwin,203,45000.0,-1,,,19.792925,-2.011274
A,neutral,31,176,2505,est,343,7515000.0,-1,,,21.010979,4.904599
A,neutral,31,177,2506,final,380,7515000.0,,,,25.378304,14.554928
A,neutral,31,178,2507,final_corrected,380,7515000.0,,,,25.378304,14.554928
A,neutral,32,179,2508,end_of_prompt,130,,,,,11.237959,5.804437
A,neutral,32,180,2509,est_offwin,275,111000.0,-1,,,18.722811,2.169599
A,neutral,32,181,2510,est,341,11100000.0,-1,,,17.776909,-4.199310
A,neutral,32,182,2511,final,387,11100000.0,,,,21.127077,14.481667
A,neutral,32,183,2512,final_corrected,387,11100000.0,,,,21.127077,14.481667
A,neutral,33,184,2513,end_of_prompt,130,,,,,11.237959,5.804437
A,neutral,33,185,2514,est_offwin,231,117000.0,-1,,,18.587017,-3.099973
A,neutral,33,186,2515,est,388,15210000.0,-1,,,20.312241,4.477085
A,neutral,33,187,2516,final,427,15210000.0,,,,23.755531,11.972741
A,neutral,33,188,2517,final_corrected,427,15210000.0,,,,23.755531,11.972741
A,neutral,34,189,2518,end_of_prompt,130,,,,,11.275900,5.777271
A,neutral,34,190,2519,est_offwin,210,111000.0,-1,,,19.369074,-1.911288
A,neutral,34,191,2520,est,331,16650000.0,1,,,17.893600,1.244633
A,neutral,34,192,2521,final,368,16650000.0,,,,23.637638,13.211573
A,neutral,34,193,2522,final_corrected,368,16650000.0,,,,23.637638,13.211573
A,neutral,35,194,2523,end_of_prompt,130,,,,,11.237959,5.804437
A,neutral,35,195,2524,est_offwin,222,117239.0,-1,,,8.372717,2.073050
A,neutral,35,196,2525,est,342,18185445.0,1,,,3.769855,4.574636
A,neutral,35,197,2526,final,385,18185445.0,,,,12.870387,17.690289
A,neutral,35,198,2527,final_corrected,385,18185445.0,,,,12.870387,17.690289
A,neutral,36,199,2528,end_of_prompt,130,,,,,11.237959,5.804437
A,neutral,36,200,2529,est_offwin,209,117239.0,-1,,,9.611019,3.072715
A,neutral,36,201,2530,est,433,17585850.0,1,,,16.027699,4.461891
A,neutral,36,202,2531,final,472,17585850.0,,,,21.725239,14.755181
A,neutral,36,203,2532,final_corrected,472,17585850.0,,,,21.725239,14.755181
A,neutral,37,204,2533,end_of_prompt,130,,,,,11.275900,5.777271
A,neutral,37,205,2534,est_offwin,197,117000.0,-1,,,18.155670,-3.409902
A,neutral,37,206,2535,est,336,14040000.0,-1,,,18.912189,3.315682
A,neutral,37,207,2536,final,358,14040000.0,,,,24.285589,13.569559
A,neutral,37,208,2537,final_corrected,358,14040000.0,,,,24.285589,13.569559
A,neutral,38,209,2538,end_of_prompt,130,,,,,11.237959,5.804437
A,neutral,38,210,2539,est_offwin,223,120000.0,-1,,,18.227890,-5.343076
A,neutral,38,211,2540,est,433,26400000.0,1,,,16.581118,-3.498527
A,neutral,38,212,2541,final,470,26400000.0,,,,22.385605,10.114822
A,neutral,38,213,2542,final_corrected,470,26400000.0,,,,22.385605,10.114822
A,neutral,39,214,2543,end_of_prompt,130,,,,,11.237959,5.804437
A,neutral,39,215,2544,est_offwin,214,114000.0,-1,,,18.849739,-1.902680
A,neutral,39,216,2545,est,376,19950000.0,1,,,18.344036,-2.283581
A,neutral,39,217,2546,final,417,19950000.0,,,,22.711576,12.881333
A,neutral,39,218,2547,final_corrected,417,19950000.0,,,,22.711576,12.881333
A,neutral,40,219,2548,end_of_prompt,130,,,,,11.275900,5.777271
A,neutral,40,220,2549,est_offwin,220,117000.0,-1,,,19.414490,0.654461
A,neutral,40,221,2550,est,320,16380000.0,1,,,18.385372,0.277455
A,neutral,40,222,2551,final,365,16380000.0,,,,22.703413,12.185902
A,neutral,40,223,2552,final_corrected,365,16380000.0,,,,22.703413,12.185902
A,neutral,41,224,2553,end_of_prompt,130,,,,,11.237959,5.804437
A,neutral,41,225,2554,est_offwin,371,117000.0,-1,,,16.694534,1.887903
A,neutral,41,226,2555,est,440,17550000.0,1,,,17.691401,-2.634598
A,neutral,41,227,2556,final,484,17550000.0,,,,23.573158,12.641320
A,neutral,41,228,2557,final_corrected,484,17550000.0,,,,23.573158,12.641320
A,neutral,42,229,2558,end_of_prompt,130,,,,,11.237959,5.804437
A,neutral,42,230,2559,est_offwin,217,114000.0,-1,,,20.140722,-2.081494
A,neutral,42,231,2560,est,392,17100000.0,1,,,18.544687,1.013802
A,neutral,42,232,2561,final,428,17100000.0,,,,23.181309,11.649543
A,neutral,42,233,2562,final_corrected,428,17100000.0,,,,23.181309,11.649543
A,neutral,43,234,2563,end_of_prompt,130,,,,,11.237959,5.804437
A,neutral,43,235,2564,est_offwin,280,117000.0,-1,,,18.152168,1.111070
A,neutral,43,236,2565,est,366,17550000.0,1,,,16.460594,-4.857150
A,neutral,43,237,2566,final,387,17550000.0,,,,21.281290,8.770753
A,neutral,43,238,2567,final_corrected,387,17550000.0,,,,21.281290,8.770753
A,neutral,44,239,2568,end_of_prompt,130,,,,,11.255457,5.804236
A,neutral,44,240,2569,est_offwin,213,117000.0,-1,,,18.897373,2.166718
A,neutral,44,241,2570,est,307,11700000.0,-1,,,16.731134,-4.090622
A,neutral,44,242,2571,final,346,11700000.0,,,,22.938549,9.869298
A,neutral,44,243,2572,final_corrected,346,11700000.0,,,,22.938549,9.869298
A,neutral,45,244,2573,end_of_prompt,130,,,,,11.237959,5.804437
A,neutral,45,245,2574,est_offwin,289,117239.0,-1,,,10.792336,2.100902
A,neutral,45,246,2575,est,342,14654875.0,-1,,,7.108152,4.798065
A,neutral,45,247,2576,final,380,14654875.0,,,,14.432012,16.794289
A,neutral,45,248,2577,final_corrected,380,14654875.0,,,,14.432012,16.794289
A,neutral,46,249,2578,end_of_prompt,130,,,,,11.255457,5.804236
A,neutral,46,250,2579,est_offwin,202,114000.0,-1,,,19.191895,-1.703510
A,neutral,46,251,2580,est,305,17100000.0,1,,,16.533123,-3.957453
A,neutral,46,252,2581,final,339,17100000.0,,,,22.046091,10.190109
A,neutral,46,253,2582,final_corrected,339,17100000.0,,,,22.046091,10.190109
A,neutral,47,254,2583,end_of_prompt,130,,,,,11.237959,5.804437
A,neutral,47,255,2584,est_offwin,234,114000.0,-1,,,19.724773,-1.783641
A,neutral,47,256,2585,est,401,14250000.0,-1,,,17.826904,1.192074
A,neutral,47,257,2586,est,432,14000000.0,-1,,,14.337901,-0.040401
A,neutral,47,258,2587,final,432,14000000.0,,,,14.337901,-0.040401
A,neutral,47,259,2588,final_corrected,432,14000000.0,,,,14.337901,-0.040401
A,neutral,48,260,2589,end_of_prompt,130,,,,,11.275900,5.777271
A,neutral,48,261,2590,est_offwin,269,136000.0,-1,,,17.647659,-0.281048
A,neutral,48,262,2591,est,332,16084000.0,1,,,19.551775,5.878565
A,neutral,48,263,2592,final,367,16084000.0,,,,24.461472,16.564955
A,neutral,48,264,2593,final_corrected,367,16084000.0,,,,24.461472,16.564955
A,neutral,49,265,2594,end_of_prompt,130,,,,,11.237959,5.804437
A,neutral,49,266,2595,est_offwin,305,111000.0,-1,,,19.732224,3.498533
A,neutral,49,267,2596,est,313,157000.0,-1,,,23.167225,-8.081657
A,neutral,49,268,2597,est_offwin,324,134000.0,-1,,,17.033710,1.196817
A,neutral,49,269,2598,est,407,23048000.0,1,,,12.864204,6.282712
A,neutral,49,270,2599,final,450,23048000.0,,,,19.636694,12.776272
A,neutral,49,271,2600,final_corrected,450,23048000.0,,,,19.636694,12.776272
B,below_good,0,0,2601,end_of_prompt,196,,,incorrect,1,4.648891,5.194833
B,below_good,0,1,2602,est_offwin,261,10000000.0,-1,incorrect,1,24.162640,21.391842
B,below_good,0,2,2603,est_offwin,351,70000.0,-1,incorrect,1,7.547015,6.231042
B,below_good,0,3,2604,est_offwin,411,10000000.0,-1,incorrect,1,15.689851,8.623647
B,below_good,0,4,2605,est_offwin,420,70000.0,-1,incorrect,1,11.641040,3.709357
B,below_good,0,5,2606,est_offwin,446,700000000000.0,1,incorrect,1,1.010633,5.780720
B,below_good,0,6,2607,tau_echo,516,4500000000.0,,incorrect,1,-10.927975,0.681566
B,below_good,0,7,2608,final,516,4500000000.0,,incorrect,1,-10.927975,0.681566
B,below_good,0,8,2609,final_corrected,490,700000000000.0,,incorrect,1,-1.939951,6.406863
B,below_good,0,9,2610,belief,535,,,incorrect,1,0.492975,2.385084
B,below_good,1,10,2611,end_of_prompt,196,,,unclear,,4.648891,5.194833
B,below_good,1,11,2612,est_offwin,316,2000.0,-1,unclear,,6.771537,14.362106
B,below_good,1,12,2613,est_offwin,379,37500000.0,-1,unclear,,15.558981,15.415236
B,below_good,1,13,2614,est_offwin,389,2000.0,-1,unclear,,3.435793,9.749743
B,below_good,1,14,2615,est_offwin,410,37500000.0,-1,unclear,,13.625977,9.947671
B,below_good,1,15,2616,est_offwin,418,2000.0,-1,unclear,,5.493104,8.366470
B,below_good,1,16,2617,est,434,75000000000.0,1,unclear,,0.340479,10.026884
B,below_good,1,17,2618,tau_echo,465,4500000000.0,,unclear,,-12.521885,-0.080968
B,below_good,1,18,2619,est,496,75000000000.0,1,unclear,,0.447124,3.605630
B,below_good,1,19,2620,final,496,75000000000.0,,unclear,,0.447124,3.605630
B,below_good,1,20,2621,final_corrected,496,75000000000.0,,unclear,,0.447124,3.605630
B,below_good,2,21,2622,end_of_prompt,196,,,correct,-1,4.677787,5.217660
B,below_good,2,22,2623,est_offwin,338,1200.0,-1,correct,-1,5.484335,12.193557
B,below_good,2,23,2624,est_offwin,401,250000.0,-1,correct,-1,13.391782,8.174857
B,below_good,2,24,2625,est_offwin,422,1200.0,-1,correct,-1,7.361731,12.611361
B,below_good,2,25,2626,est_offwin,439,250000.0,-1,correct,-1,16.319588,12.765734
B,below_good,2,26,2627,est_offwin,452,1200.0,-1,correct,-1,9.685114,12.722635
B,below_good,2,27,2628,est_offwin,470,250000.0,-1,correct,-1,15.725386,11.436586
B,below_good,2,28,2629,est,490,300000000.0,-1,correct,-1,7.581149,8.838789
B,below_good,2,29,2630,est,568,450000000.0,-1,correct,-1,-1.807693,7.103488
B,below_good,2,30,2631,tau_echo,614,4500000000.0,,correct,-1,-8.259756,6.351381
B,below_good,2,31,2632,est,670,450000000.0,-1,correct,-1,2.156036,8.241819
B,below_good,2,32,2633,final,670,450000000.0,,correct,-1,2.156036,8.241819
B,below_good,2,33,2634,final_corrected,670,450000000.0,,correct,-1,2.156036,8.241819
B,below_good,2,34,2635,belief,625,,,correct,-1,-0.310462,1.294688
B,below_good,3,35,2636,end_of_prompt,196,,,unclear,,4.608104,5.141998
B,below_good,3,36,2637,est_offwin,261,1500000.0,-1,unclear,,21.321251,20.716352
B,below_good,3,37,2638,est_offwin,372,4000.0,-1,unclear,,2.031221,7.081424
B,below_good,3,38,2639,est_offwin,415,1500000.0,-1,unclear,,16.120739,12.327412
B,below_good,3,39,2640,est_offwin,432,4000.0,-1,unclear,,6.262151,6.070449
B,below_good,3,40,2641,est,458,6000000000.0,1,unclear,,-2.464648,15.313702
B,below_good,3,41,2642,tau_echo,489,4500000000.0,,unclear,,-17.503588,-2.310145
B,below_good,3,42,2643,est,507,6000000000.0,1,unclear,,1.463807,6.934489
B,below_good,3,43,2644,final,536,6000000000.0,,unclear,,-5.340294,13.678337
B,below_good,3,44,2645,final_corrected,536,6000000000.0,,unclear,,-5.340294,13.678337
B,below_good,4,45,2646,end_of_prompt,196,,,correct,-1,4.669802,5.228902
B,below_good,4,46,2647,est_offwin,323,625000.0,-1,correct,-1,10.541269,8.426271
B,below_good,4,47,2648,est_offwin,367,50000.0,-1,correct,-1,12.781467,10.730217
B,below_good,4,48,2649,est_offwin,441,625000.0,-1,correct,-1,14.007986,10.385235
B,below_good,4,49,2650,est_offwin,450,50000.0,-1,correct,-1,11.255727,3.543229
B,below_good,4,50,2651,est,466,31250000000.0,1,correct,-1,-0.971328,13.308833
B,below_good,4,51,2652,tau_echo,487,4500000000.0,,correct,-1,-13.282828,-0.094882
B,below_good,4,52,2653,est,503,31250000000.0,1,correct,-1,1.883551,5.702418
B,below_good,4,53,2654,est_offwin,567,45000.0,-1,correct,-1,0.531880,-0.310610
B,below_good,4,54,2655,est_offwin,607,625000.0,-1,correct,-1,10.326580,5.987858
B,below_good,4,55,2656,est_offwin,616,45000.0,-1,correct,-1,5.494541,0.097856
B,below_good,4,56,2657,est,632,28125000000.0,1,correct,-1,-18.682974,-5.818670
B,below_good,4,57,2658,tau_echo,668,4500000000.0,,correct,-1,-12.262570,-2.955396
B,below_good,4,58,2659,est_offwin,681,7000.0,-1,correct,-1,-0.024174,3.228346
B,below_good,4,59,2660,est_offwin,712,625000.0,-1,correct,-1,9.572830,5.755898
B,below_good,4,60,2661,est_offwin,720,7000.0,-1,correct,-1,4.157798,2.667708
B,below_good,4,61,2662,est,735,4375000000.0,-1,correct,-1,-17.306538,-3.160602
B,below_good,4,62,2663,final,784,4375000000.0,,correct,-1,-10.266601,4.775937
B,below_good,4,63,2664,final_corrected,784,4375000000.0,,correct,-1,-10.266601,4.775937
B,below_good,4,64,2665,belief,755,,,correct,-1,0.661481,1.821301
B,below_good,5,65,2666,end_of_prompt,196,,,correct,-1,4.648891,5.194833
B,below_good,5,66,2667,est_offwin,295,2000.0,-1,correct,-1,7.214133,15.454002
B,below_good,5,67,2668,est_offwin,367,300000.0,-1,correct,-1,11.881496,6.182190
B,below_good,5,68,2669,est_offwin,440,2000.0,-1,correct,-1,4.905684,7.306642
B,below_good,5,69,2670,est,453,600000000.0,-1,correct,-1,8.475766,6.992503
B,below_good,5,70,2671,tau_echo,513,4500000000.0,,correct,-1,-9.046263,3.155640
B,below_good,5,71,2672,final,513,4500000000.0,,correct,-1,-9.046263,3.155640
B,below_good,5,72,2673,final_corrected,490,600000000.0,,correct,-1,7.418235,12.187764
B,below_good,5,73,2674,belief,523,,,correct,-1,0.257098,1.644534
B,below_good,6,74,2675,end_of_prompt,196,,,correct,-1,4.608104,5.141998
B,below_good,6,75,2676,est_offwin,362,5000.0,-1,correct,-1,12.080461,17.544033
B,below_good,6,76,2677,est_offwin,403,20000.0,-1,correct,-1,10.767471,10.791558
B,below_good,6,77,2678,est_offwin,462,500000.0,-1,correct,-1,13.999924,8.142042
B,below_good,6,78,2679,est_offwin,488,5000.0,-1,correct,-1,10.462823,13.015718
B,below_good,6,79,2680,est_offwin,513,500000.0,-1,correct,-1,17.015862,12.268757
B,below_good,6,80,2681,est_offwin,522,5000.0,-1,correct,-1,10.292479,11.147226
B,below_good,6,81,2682,est,541,2500000000.0,-1,correct,-1,-4.534305,14.905825
B,below_good,6,82,2683,tau_echo,604,4500000000.0,,correct,-1,-11.087305,2.298629
B,below_good,6,83,2684,final,604,4500000000.0,,correct,-1,-11.087305,2.298629
B,below_good,6,84,2685,final_corrected,580,2500000000.0,,correct,-1,-5.765139,16.633774
B,below_good,6,85,2686,belief,620,,,correct,-1,1.994462,4.652511
B,below_good,7,86,2687,end_of_prompt,196,,,correct,-1,4.608104,5.141998
B,below_good,7,87,2688,est_offwin,325,750000.0,-1,correct,-1,9.382504,7.366660
B,below_good,7,88,2689,est_offwin,417,3000.0,-1,correct,-1,4.409704,12.248653
B,below_good,7,89,2690,est_offwin,467,750000.0,-1,correct,-1,13.762000,11.817424
B,below_good,7,90,2691,est_offwin,482,3000.0,-1,correct,-1,4.817575,9.325902
B,below_good,7,91,2692,est,505,2250000000.0,-1,correct,-1,-6.649944,13.309822
B,below_good,7,92,2693,tau_echo,536,4500000000.0,,correct,-1,-8.421646,4.616210
B,below_good,7,93,2694,est,595,2250000000.0,-1,correct,-1,-8.307796,10.240240
B,below_good,7,94,2695,final,595,2250000000.0,,correct,-1,-8.307796,10.240240
B,below_good,7,95,2696,final_corrected,595,2250000000.0,,correct,-1,-8.307796,10.240240
B,below_good,8,96,2697,end_of_prompt,196,,,unclear,,4.608104,5.141998
B,below_good,8,97,2698,est_offwin,322,75000.0,-1,unclear,,9.634373,8.926730
B,below_good,8,98,2699,est_offwin,395,415000.0,-1,unclear,,5.758976,6.236092
B,below_good,8,99,2700,est_offwin,419,75000.0,-1,unclear,,11.199968,7.706783
B,below_good,8,100,2701,est_offwin,437,415000.0,-1,unclear,,12.990541,8.560940
B,below_good,8,101,2702,est,460,31125000000.0,1,unclear,,-0.422320,16.247490
B,below_good,8,102,2703,tau_echo,485,4500000000.0,,unclear,,-14.030924,0.026263
B,below_good,8,103,2704,est,504,31125000000.0,1,unclear,,1.372431,7.321665
B,below_good,8,104,2705,final,553,31125000000.0,,unclear,,-2.147867,12.391724
B,below_good,8,105,2706,final_corrected,553,31125000000.0,,unclear,,-2.147867,12.391724
B,below_good,9,106,2707,end_of_prompt,196,,,unclear,,4.648891,5.194833
B,below_good,9,107,2708,est_offwin,264,3000000.0,-1,unclear,,12.899881,18.936954
B,below_good,9,108,2709,est,423,6000000000.0,1,unclear,,-2.214628,13.690526
B,below_good,9,109,2710,tau_echo,484,4500000000.0,,unclear,,-16.234634,-3.320209
B,below_good,9,110,2711,est,553,6000000000.0,1,unclear,,-4.910683,11.758579
B,below_good,9,111,2712,final,553,6000000000.0,,unclear,,-4.910683,11.758579
B,below_good,9,112,2713,final_corrected,553,6000000000.0,,unclear,,-4.910683,11.758579
B,below_good,10,113,2714,end_of_prompt,196,,,correct,-1,4.655776,5.188711
B,below_good,10,114,2715,est_offwin,277,25000000.0,-1,correct,-1,25.480169,24.605858
B,below_good,10,115,2716,est_offwin,404,22500.0,-1,correct,-1,5.152184,11.439682
B,below_good,10,116,2717,est_offwin,414,25000000.0,-1,correct,-1,24.219404,26.529503
B,below_good,10,117,2718,est_offwin,425,22500.0,-1,correct,-1,12.332781,12.235569
B,below_good,10,118,2719,est_offwin,437,562500000000.0,1,correct,-1,9.886044,25.420486
B,below_good,10,119,2720,tau_echo,458,4500000000.0,,correct,-1,-9.270981,6.140153
B,below_good,10,120,2721,est_offwin,504,15000.0,-1,correct,-1,1.499997,5.283180
B,below_good,10,121,2722,est_offwin,514,15000000.0,-1,correct,-1,10.896156,14.406846
B,below_good,10,122,2723,est_offwin,534,15000.0,-1,correct,-1,8.088114,7.785078
B,below_good,10,123,2724,est,544,225000000000.0,1,correct,-1,-5.151619,9.155648
B,below_good,10,124,2725,tau_echo,582,4500000000.0,,correct,-1,-11.434381,1.049942
B,below_good,10,125,2726,est,607,4000000000.0,-1,correct,-1,-21.201954,4.053021
B,below_good,10,126,2727,final,607,4000000000.0,,correct,-1,-21.201954,4.053021
B,below_good,10,127,2728,final_corrected,607,4000000000.0,,correct,-1,-21.201954,4.053021
B,below_good,10,128,2729,belief,643,,,correct,-1,0.696958,0.861835
B,below_good,11,129,2730,end_of_prompt,196,,,correct,-1,4.701674,5.236566
B,below_good,11,130,2731,est_offwin,369,50000.0,-1,correct,-1,11.222580,7.232312
B,below_good,11,131,2732,est_offwin,393,1250000.0,-1,correct,-1,14.642220,12.539966
B,below_good,11,132,2733,est_offwin,417,100000.0,-1,correct,-1,13.322481,10.846571
B,below_good,11,133,2734,est_offwin,500,1250000.0,-1,correct,-1,15.458581,14.021823
B,below_good,11,134,2735,est_offwin,517,100000.0,-1,correct,-1,12.261752,4.378494
B,below_good,11,135,2736,est,542,125000000000.0,1,correct,-1,1.144513,10.472660
B,below_good,11,136,2737,tau_echo,571,4500000000.0,,correct,-1,-11.543542,1.979634
B,below_good,11,137,2738,est_offwin,652,50000.0,-1,correct,-1,2.807286,2.281279
B,below_good,11,138,2739,est_offwin,665,100000.0,-1,correct,-1,8.420496,0.198342
B,below_good,11,139,2740,est_offwin,677,1250000.0,-1,correct,-1,10.931306,8.976608
B,below_good,11,140,2741,est_offwin,693,50000.0,-1,correct,-1,6.919808,2.733803
B,below_good,11,141,2742,est,717,62500000000.0,1,correct,-1,-12.249271,0.951217
B,below_good,11,142,2743,est_offwin,766,25000.0,-1,correct,-1,-2.683673,1.449327
B,below_good,11,143,2744,est_offwin,782,1250000.0,-1,correct,-1,10.851675,8.961704
B,below_good,11,144,2745,est_offwin,798,25000.0,-1,correct,-1,3.929257,3.587955
B,below_good,11,145,2746,est,822,31250000000.0,1,correct,-1,-21.333036,-5.021560
B,below_good,11,146,2747,tau_echo,917,4500000000.0,,correct,-1,-14.513684,6.500195
B,below_good,11,147,2748,final,917,4500000000.0,,correct,-1,-14.513684,6.500195
B,below_good,11,148,2749,final_corrected,845,31250000000.0,,correct,-1,-4.344101,4.249051
B,below_good,12,149,2750,end_of_prompt,196,,,correct,-1,4.648891,5.194833
B,below_good,12,150,2751,est_offwin,275,250000.0,-1,correct,-1,15.215569,9.894053
B,below_good,12,151,2752,est_offwin,368,6500.0,-1,correct,-1,3.594409,11.166433
B,below_good,12,152,2753,est_offwin,408,250000.0,-1,correct,-1,16.849855,12.346694
B,below_good,12,153,2754,est_offwin,422,6500.0,-1,correct,-1,10.263350,11.752203
B,below_good,12,154,2755,est,445,1625000000.0,-1,correct,-1,2.061367,12.107187
B,below_good,12,155,2756,tau_echo,470,4500000000.0,,correct,-1,-6.823721,7.261922
B,below_good,12,156,2757,est,494,1625000000.0,-1,correct,-1,-1.253442,14.638065
B,below_good,12,157,2758,final,494,1625000000.0,,correct,-1,-1.253442,14.638065
B,below_good,12,158,2759,final_corrected,494,1625000000.0,,correct,-1,-1.253442,14.638065
B,below_good,12,159,2760,belief,516,,,correct,-1,0.835144,1.579453
B,below_good,13,160,2761,end_of_prompt,196,,,correct,-1,4.608104,5.141998
B,below_good,13,161,2762,est_offwin,250,25000000.0,-1,correct,-1,25.741676,24.778032
B,below_good,13,162,2763,est_offwin,318,50000.0,-1,correct,-1,14.828869,11.627516
B,below_good,13,163,2764,est_offwin,365,25000000.0,-1,correct,-1,14.197920,12.220385
B,below_good,13,164,2765,est_offwin,373,50000.0,-1,correct,-1,11.969994,3.887146
B,below_good,13,165,2766,est_offwin,393,1250000000000.0,1,correct,-1,1.659214,5.684158
B,below_good,13,166,2767,est_offwin,448,1800.0,-1,correct,-1,-0.489233,7.509238
B,below_good,13,167,2768,est_offwin,480,25000000.0,-1,correct,-1,11.089560,8.437893
B,below_good,13,168,2769,est_offwin,487,1800.0,-1,correct,-1,4.451348,8.986889
B,below_good,13,169,2770,est,504,45000000000.0,1,correct,-1,-9.798487,1.777621
B,below_good,13,170,2771,tau_echo,535,4500000000.0,,correct,-1,-14.435957,-1.194167
B,below_good,13,171,2772,final,552,4500000000.0,,correct,-1,-13.894655,5.481701
B,below_good,13,172,2773,final_corrected,508,45000000000.0,,correct,-1,-0.509277,12.261312
B,below_good,14,173,2774,end_of_prompt,196,,,unclear,,4.608104,5.141998
B,below_good,14,174,2775,est_offwin,321,2000000.0,-1,unclear,,16.916338,21.359707
B,below_good,14,175,2776,est_offwin,400,5000.0,-1,unclear,,6.704018,10.931274
B,below_good,14,176,2777,est_offwin,418,2000.0,-1,unclear,,-0.012095,10.505600
B,below_good,14,177,2778,est_offwin,480,2000000.0,-1,unclear,,12.959540,10.659555
B,below_good,14,178,2779,est_offwin,488,2000.0,-1,unclear,,3.858394,4.319888
B,below_good,14,179,2780,est,503,4000000000.0,-1,unclear,,-8.606006,8.260361
B,below_good,14,180,2781,tau_echo,573,4500000000.0,,unclear,,-6.648007,3.413610
B,below_good,14,181,2782,final,573,4500000000.0,,unclear,,-6.648007,3.413610
B,below_good,14,182,2783,final_corrected,546,4000000000.0,,unclear,,-5.955104,9.480823
B,below_good,15,183,2784,end_of_prompt,196,,,correct,-1,4.608104,5.141998
B,below_good,15,184,2785,est_offwin,255,25000000.0,-1,correct,-1,25.327209,24.820049
B,below_good,15,185,2786,est_offwin,312,100000.0,-1,correct,-1,15.821979,11.383376
B,below_good,15,186,2787,est_offwin,339,25000000.0,-1,correct,-1,15.337501,14.234503
B,below_good,15,187,2788,est_offwin,356,100000.0,-1,correct,-1,14.117207,5.590057
B,below_good,15,188,2789,est_offwin,383,2500000000000.0,1,correct,-1,0.144425,5.363004
B,below_good,15,189,2790,tau_echo,436,4500000000.0,,correct,-1,-12.061517,1.727084
B,below_good,15,190,2791,est_offwin,512,25000000.0,-1,correct,-1,10.476280,9.271563
B,below_good,15,191,2792,tau_echo,551,4500000000.0,,correct,-1,-9.986384,6.719784
B,below_good,15,192,2793,est,603,4499999999.0,-1,correct,-1,-16.578230,-4.782986
B,below_good,15,193,2794,final,603,4499999999.0,,correct,-1,-16.578230,-4.782986
B,below_good,15,194,2795,final_corrected,603,4499999999.0,,correct,-1,-16.578230,-4.782986
B,below_good,16,195,2796,end_of_prompt,196,,,correct,-1,4.669802,5.228902
B,below_good,16,196,2797,est_offwin,278,2000.0,-1,correct,-1,2.623691,5.667551
B,below_good,16,197,2798,est_offwin,380,100000.0,-1,correct,-1,13.791303,9.915320
B,below_good,16,198,2799,est_offwin,449,50000.0,-1,correct,-1,4.346564,5.142414
B,below_good,16,199,2800,est_offwin,469,2000000.0,-1,correct,-1,12.271137,24.197031
B,below_good,16,200,2801,est_offwin,538,50000.0,-1,correct,-1,10.348381,3.851709
B,below_good,16,201,2802,est,555,100000000000.0,1,correct,-1,2.303206,5.621205
B,below_good,16,202,2803,tau_echo,575,4500000000.0,,correct,-1,-12.404931,1.444586
B,below_good,16,203,2804,est_offwin,611,90000.0,-1,correct,-1,2.512689,3.290666
B,below_good,16,204,2805,est_offwin,663,50000.0,-1,correct,-1,6.446259,0.560959
B,below_good,16,205,2806,tau_echo,678,4500000000.0,,correct,-1,-12.228588,2.414266
B,below_good,16,206,2807,est_offwin,725,40000.0,-1,correct,-1,-2.665190,0.291356
B,below_good,16,207,2808,est_offwin,750,90000.0,-1,correct,-1,6.740179,3.527682
B,below_good,16,208,2809,est_offwin,759,40000.0,-1,correct,-1,3.466383,-1.921728
B,below_good,16,209,2810,est,774,3600000000.0,-1,correct,-1,-22.578829,-6.820673
B,below_good,16,210,2811,final,811,3600000000.0,,correct,-1,-9.248569,8.130581
B,below_good,16,211,2812,final_corrected,811,3600000000.0,,correct,-1,-9.248569,8.130581
B,below_good,16,212,2813,belief,704,,,correct,-1,-0.458190,-0.378011
B,below_good,17,213,2814,end_of_prompt,196,,,unclear,,4.608104,5.141998
B,below_good,17,214,2815,est_offwin,314,2000000.0,-1,unclear,,8.366166,17.362968
B,below_good,17,215,2816,est_offwin,409,1650.0,-1,unclear,,8.766713,15.949406
B,below_good,17,216,2817,est_offwin,455,2000000.0,-1,unclear,,12.741421,13.408010
B,below_good,17,217,2818,est_offwin,465,1650.0,-1,unclear,,6.995529,11.391681
B,below_good,17,218,2819,est,485,3300000000.0,-1,unclear,,-10.061995,12.400480
B,below_good,17,219,2820,tau_echo,511,4500000000.0,,unclear,,-10.116482,4.000944
B,below_good,17,220,2821,est,548,3300000000.0,-1,unclear,,-7.095995,10.674103
B,below_good,17,221,2822,final,548,3300000000.0,,unclear,,-7.095995,10.674103
B,below_good,17,222,2823,final_corrected,548,3300000000.0,,unclear,,-7.095995,10.674103
B,below_good,18,223,2824,end_of_prompt,196,,,correct,-1,4.648891,5.194833
B,below_good,18,224,2825,est_offwin,253,25000000.0,-1,correct,-1,25.555706,24.765408
B,below_good,18,225,2826,est,429,50000000000.0,1,correct,-1,-0.048871,11.176748
B,below_good,18,226,2827,tau_echo,489,4500000000.0,,correct,-1,-14.463449,-0.749365
B,below_good,18,227,2828,final,489,4500000000.0,,correct,-1,-14.463449,-0.749365
B,below_good,18,228,2829,final_corrected,453,50000000000.0,,correct,-1,-3.232750,10.127188
B,below_good,18,229,2830,belief,501,,,correct,-1,1.374042,0.331049
B,below_good,19,230,2831,end_of_prompt,196,,,correct,-1,4.648891,5.194833
B,below_good,19,231,2832,est_offwin,266,250000.0,-1,correct,-1,15.963202,10.593361
B,below_good,19,232,2833,est_offwin,301,200000.0,-1,correct,-1,7.921043,7.583976
B,below_good,19,233,2834,est_offwin,350,2000.0,-1,correct,-1,6.499635,14.127872
B,below_good,19,234,2835,est_offwin,366,5000.0,-1,correct,-1,4.794120,7.927044
B,below_good,19,235,2836,est_offwin,384,3500.0,-1,correct,-1,1.814978,10.514185
B,below_good,19,236,2837,est_offwin,406,200000.0,-1,correct,-1,14.042000,13.226286
B,below_good,19,237,2838,est_offwin,425,3500.0,-1,correct,-1,6.188807,6.609525
B,below_good,19,238,2839,est_offwin,444,200000.0,-1,correct,-1,15.972424,11.698015
B,below_good,19,239,2840,est_offwin,452,3500.0,-1,correct,-1,8.002289,7.453255
B,below_good,19,240,2841,est,465,700000000.0,-1,correct,-1,9.552764,7.355175
B,below_good,19,241,2842,tau_echo,485,4500000000.0,,correct,-1,-5.133647,7.982892
B,below_good,19,242,2843,est,523,700000000.0,-1,correct,-1,3.481354,6.299029
B,below_good,19,243,2844,final,523,700000000.0,,correct,-1,3.481354,6.299029
B,below_good,19,244,2845,final_corrected,523,700000000.0,,correct,-1,3.481354,6.299029
B,below_good,19,245,2846,belief,544,,,correct,-1,0.332336,2.122925
B,below_good,20,246,2847,end_of_prompt,196,,,correct,-1,4.648891,5.194833
B,below_good,20,247,2848,est_offwin,302,1000000.0,-1,correct,-1,16.126272,17.387859
B,below_good,20,248,2849,est,510,800000000.0,-1,correct,-1,6.221498,8.459082
B,below_good,20,249,2850,tau_echo,558,4500000000.0,,correct,-1,-8.560031,4.447979
B,below_good,20,250,2851,final,558,4500000000.0,,correct,-1,-8.560031,4.447979
B,below_good,20,251,2852,final_corrected,534,800000000.0,,correct,-1,4.608427,12.869145
B,below_good,20,252,2853,belief,567,,,correct,-1,0.417135,1.493974
B,below_good,21,253,2854,end_of_prompt,196,,,unclear,,4.608104,5.141998
B,below_good,21,254,2855,est_offwin,285,2000000.0,-1,unclear,,9.650740,15.958545
B,below_good,21,255,2856,est_offwin,371,100000.0,-1,unclear,,10.998598,8.482699
B,below_good,21,256,2857,est_offwin,398,2000000.0,-1,unclear,,11.855637,11.705397
B,below_good,21,257,2858,est_offwin,415,100000.0,-1,unclear,,11.784554,4.285057
B,below_good,21,258,2859,est_offwin,434,2000000.0,-1,unclear,,13.204710,12.595182
B,below_good,21,259,2860,est_offwin,451,100000.0,-1,unclear,,12.255924,4.569985
B,below_good,21,260,2861,est,476,200000000000.0,1,unclear,,0.686303,7.841380
B,below_good,21,261,2862,tau_echo,501,4500000000.0,,unclear,,-11.183131,2.896924
B,below_good,21,262,2863,est,521,200000000000.0,1,unclear,,-0.233036,3.281817
B,below_good,21,263,2864,final,552,200000000000.0,,unclear,,-4.745507,7.116091
B,below_good,21,264,2865,final_corrected,552,200000000000.0,,unclear,,-4.745507,7.116091
B,below_good,21,265,2866,belief,573,,,unclear,,-0.049010,1.843594
B,below_good,22,266,2867,end_of_prompt,196,,,correct,-1,4.608104,5.141998
B,below_good,22,267,2868,est_offwin,365,375000.0,-1,correct,-1,8.733656,8.801960
B,below_good,22,268,2869,est_offwin,417,2100.0,-1,correct,-1,7.790240,16.364195
B,below_good,22,269,2870,est_offwin,468,375000.0,-1,correct,-1,14.056492,10.522864
B,below_good,22,270,2871,est,488,787500000.0,-1,correct,-1,9.518126,11.724380
B,below_good,22,271,2872,tau_echo,519,4500000000.0,,correct,-1,-7.689498,8.385358
B,below_good,22,272,2873,est,536,787500000.0,-1,correct,-1,5.377943,4.816246
B,below_good,22,273,2874,final,579,787500000.0,,correct,-1,2.973218,12.987746
B,below_good,22,274,2875,final_corrected,579,787500000.0,,correct,-1,2.973218,12.987746
B,below_good,22,275,2876,belief,553,,,correct,-1,0.200441,1.687756
B,below_good,23,276,2877,end_of_prompt,196,,,correct,-1,4.655776,5.188711
B,below_good,23,277,2878,est_offwin,320,10000000.0,-1,correct,-1,21.217815,20.437017
B,below_good,23,278,2879,est_offwin,371,5000.0,-1,correct,-1,8.286276,12.797880
B,below_good,23,279,2880,est_offwin,422,4500.0,-1,correct,-1,1.177010,7.011965
B,below_good,23,280,2881,est_offwin,489,10000000.0,-1,correct,-1,15.499815,7.674406
B,below_good,23,281,2882,est_offwin,497,4500.0,-1,correct,-1,5.475706,5.636472
B,below_good,23,282,2883,est,514,45000000000.0,1,correct,-1,-2.195302,10.754265
B,below_good,23,283,2884,tau_echo,534,4500000000.0,,correct,-1,-12.013834,0.969043
B,below_good,23,284,2885,est,543,45000000000.0,1,correct,-1,8.836430,20.151470
B,below_good,23,285,2886,tau_echo,577,4500000000.0,,correct,-1,-13.994708,-1.637598
B,below_good,23,286,2887,est,607,45000000000.0,1,correct,-1,-7.231496,8.119286
B,below_good,23,287,2888,final,611,45000000000.0,,correct,-1,6.448022,16.637146
B,below_good,23,288,2889,final_corrected,611,45000000000.0,,correct,-1,6.448022,16.637146
B,below_good,23,289,2890,belief,587,,,correct,-1,1.303063,1.719556
B,below_good,24,290,2891,end_of_prompt,196,,,correct,-1,4.634784,5.198078
B,below_good,24,291,2892,est_offwin,252,25000000.0,-1,correct,-1,25.771011,25.375603
B,below_good,24,292,2893,est_offwin,316,10000.0,-1,correct,-1,12.652958,12.485462
B,below_good,24,293,2894,est_offwin,347,25000000.0,-1,correct,-1,15.335108,14.729844
B,below_good,24,294,2895,est_offwin,358,10000.0,-1,correct,-1,10.193771,6.463425
B,below_good,24,295,2896,est,376,250000000000.0,1,correct,-1,-0.904533,10.724392
B,below_good,24,296,2897,est,415,200000000000.0,1,correct,-1,-16.438990,-2.479367
B,below_good,24,297,2898,tau_echo,438,4500000000.0,,correct,-1,-13.428785,0.241466
B,below_good,24,298,2899,final,438,4500000000.0,,correct,-1,-13.428785,0.241466
B,below_good,24,299,2900,final_corrected,415,200000000000.0,,correct,-1,-16.438990,-2.479367
B,below_good,24,300,2901,belief,459,,,correct,-1,-0.042832,1.956209
B,below_good,25,301,2902,end_of_prompt,196,,,correct,-1,4.669802,5.228902
B,below_good,25,302,2903,est_offwin,265,25000000.0,-1,correct,-1,25.576721,24.728828
B,below_good,25,303,2904,est_offwin,324,100000.0,-1,correct,-1,15.606285,11.186335
B,below_good,25,304,2905,est_offwin,417,25000000.0,-1,correct,-1,13.508208,10.122751
B,below_good,25,305,2906,est_offwin,427,100000.0,-1,correct,-1,12.595366,2.373646
B,below_good,25,306,2907,est_offwin,446,2500000000000.0,1,correct,-1,-0.314563,4.277916
B,below_good,25,307,2908,tau_echo,477,4500000000.0,,correct,-1,-11.748789,0.463259
B,below_good,25,308,2909,est_offwin,510,18000.0,-1,correct,-1,3.272951,6.249024
B,below_good,25,309,2910,est_offwin,548,25000000.0,-1,correct,-1,11.438861,8.131604
B,below_good,25,310,2911,est_offwin,557,18000.0,-1,correct,-1,7.346741,3.357712
B,below_good,25,311,2912,est,575,450000000000.0,1,correct,-1,-9.864411,-5.896982
B,below_good,25,312,2913,est_offwin,649,25000000.0,-1,correct,-1,9.731030,6.275372
B,below_good,25,313,2914,tau_echo,670,4500000000.0,,correct,-1,-10.901636,1.767972
B,below_good,25,314,2915,est_offwin,745,25000000.0,-1,correct,-1,8.859218,6.365825
B,below_good,25,315,2916,est,766,4375000000.0,-1,correct,-1,-18.886679,-4.398692
B,below_good,25,316,2917,final,806,4375000000.0,,correct,-1,-9.498919,5.705774
B,below_good,25,317,2918,final_corrected,806,4375000000.0,,correct,-1,-9.498919,5.705774
B,below_good,25,318,2919,belief,829,,,correct,-1,0.637660,2.751907
B,below_good,26,319,2920,end_of_prompt,196,,,correct,-1,4.655776,5.188711
B,below_good,26,320,2921,est_offwin,291,10000000.0,-1,correct,-1,24.482042,22.868223
B,below_good,26,321,2922,est_offwin,340,50000.0,-1,correct,-1,15.115294,12.142691
B,below_good,26,322,2923,est_offwin,398,10000000.0,-1,correct,-1,16.084866,8.783747
B,below_good,26,323,2924,est_offwin,407,50000.0,-1,correct,-1,12.149124,4.033338
B,below_good,26,324,2925,est_offwin,424,500000000000.0,1,correct,-1,0.047569,6.715612
B,below_good,26,325,2926,est_offwin,477,10000000.0,-1,correct,-1,11.756468,5.264125
B,below_good,26,326,2927,est_offwin,486,40000.0,-1,correct,-1,1.194973,-3.079038
B,below_good,26,327,2928,est,503,400000000000.0,1,correct,-1,-18.773172,-11.030535
B,below_good,26,328,2929,tau_echo,527,4500000000.0,,correct,-1,-10.291142,2.401815
B,below_good,26,329,2930,est_offwin,553,10000000.0,-1,correct,-1,10.169323,4.524772
B,below_good,26,330,2931,tau_echo,574,4500000000.0,,correct,-1,-12.568932,1.305693
B,below_good,26,331,2932,est,628,4000000000.0,-1,correct,-1,-24.163733,-3.236439
B,below_good,26,332,2933,final,628,4000000000.0,,correct,-1,-24.163733,-3.236439
B,below_good,26,333,2934,final_corrected,628,4000000000.0,,correct,-1,-24.163733,-3.236439
B,below_good,27,334,2935,end_of_prompt,196,,,correct,-1,4.669802,5.228902
B,below_good,27,335,2936,est_offwin,341,2000000.0,-1,correct,-1,12.047404,21.553583
B,below_good,27,336,2937,est_offwin,395,10000.0,-1,correct,-1,11.903925,10.668554
B,below_good,27,337,2938,est_offwin,474,2000000.0,-1,correct,-1,13.577456,11.405298
B,below_good,27,338,2939,est_offwin,483,10000.0,-1,correct,-1,10.104887,3.135954
B,below_good,27,339,2940,est,499,20000000000.0,1,correct,-1,-1.659498,12.969606
B,below_good,27,340,2941,tau_echo,519,4500000000.0,,correct,-1,-14.328279,0.269195
B,below_good,27,341,2942,est,538,20000000000.0,1,correct,-1,0.951846,6.115561
B,below_good,27,342,2943,est_offwin,602,1500000.0,-1,correct,-1,3.520365,3.379723
B,below_good,27,343,2944,est_offwin,611,12000.0,-1,correct,-1,0.564107,0.756124
B,below_good,27,344,2945,est,628,18000000000.0,1,correct,-1,-18.092997,-3.305169
B,below_good,27,345,2946,est_offwin,665,1500000.0,-1,correct,-1,8.309729,6.160178
B,below_good,27,346,2947,est_offwin,674,10000.0,-1,correct,-1,0.995546,-2.842623
B,below_good,27,347,2948,est,690,15000000000.0,1,correct,-1,-21.720074,-6.955444
B,below_good,27,348,2949,est_offwin,739,1000000.0,-1,correct,-1,3.973743,0.962332
B,below_good,27,349,2950,est_offwin,748,12000.0,-1,correct,-1,1.097359,0.541496
B,below_good,27,350,2951,est,764,12000000000.0,1,correct,-1,-20.202934,-5.662778
B,below_good,27,351,2952,tau_echo,791,4500000000.0,,correct,-1,-14.377052,-5.360596
B,below_good,27,352,2953,est,818,4000000000.0,-1,correct,-1,-22.540752,-2.229449
B,below_good,27,353,2954,final,818,4000000000.0,,correct,-1,-22.540752,-2.229449
B,below_good,27,354,2955,final_corrected,818,4000000000.0,,correct,-1,-22.540752,-2.229449
B,below_good,28,355,2956,end_of_prompt,196,,,correct,-1,4.608104,5.141998
B,below_good,28,356,2957,est_offwin,306,1000000.0,-1,correct,-1,18.451654,17.254629
B,below_good,28,357,2958,est_offwin,389,10000.0,-1,correct,-1,10.447382,8.279024
B,below_good,28,358,2959,est_offwin,433,1000000.0,-1,correct,-1,14.450150,8.883566
B,below_good,28,359,2960,est_offwin,449,10000.0,-1,correct,-1,7.958154,4.529823
B,below_good,28,360,2961,est_offwin,464,1000000.0,-1,correct,-1,15.939606,10.341665
B,below_good,28,361,2962,est_offwin,475,10000.0,-1,correct,-1,9.800138,6.562354
B,below_good,28,362,2963,est,495,10000000000.0,1,correct,-1,-0.970451,12.619938
B,below_good,28,363,2964,tau_echo,516,4500000000.0,,correct,-1,-17.857998,-0.944760
B,below_good,28,364,2965,est,535,10000000000.0,1,correct,-1,1.398023,5.323633
B,below_good,28,365,2966,final,590,10000000000.0,,correct,-1,-4.299828,8.964329
B,below_good,28,366,2967,final_corrected,590,10000000000.0,,correct,-1,-4.299828,8.964329
B,below_good,28,367,2968,belief,562,,,correct,-1,0.906551,1.495655
B,below_good,29,368,2969,end_of_prompt,196,,,correct,-1,4.648891,5.194833
B,below_good,29,369,2970,est_offwin,353,2000.0,-1,correct,-1,6.275802,12.599457
B,below_good,29,370,2971,est_offwin,362,10000.0,-1,correct,-1,7.706315,7.337777
B,below_good,29,371,2972,est_offwin,381,5000.0,-1,correct,-1,3.475105,9.572004
B,below_good,29,372,2973,est_offwin,454,240000.0,-1,correct,-1,10.866714,7.499838
B,below_good,29,373,2974,est_offwin,462,5000.0,-1,correct,-1,7.425854,5.486776
B,below_good,29,374,2975,est,488,1200000000.0,-1,correct,-1,2.769139,10.731743
B,below_good,29,375,2976,tau_echo,549,4500000000.0,,correct,-1,-9.392344,2.846043
B,below_good,29,376,2977,final,549,4500000000.0,,correct,-1,-9.392344,2.846043
B,below_good,29,377,2978,final_corrected,525,1200000000.0,,correct,-1,0.643352,12.063549
B,below_good,29,378,2979,belief,556,,,correct,-1,3.873982,5.369896
B,below_good,30,379,2980,end_of_prompt,196,,,correct,-1,4.648891,5.194833
B,below_good,30,380,2981,est_offwin,281,1250.0,-1,correct,-1,10.232274,16.681227
B,below_good,30,381,2982,est_offwin,330,8000000.0,-1,correct,-1,22.487968,22.418993
B,below_good,30,382,2983,est_offwin,359,1250.0,-1,correct,-1,9.494408,14.263630
B,below_good,30,383,2984,est_offwin,369,8000000.0,-1,correct,-1,21.970055,19.247561
B,below_good,30,384,2985,est_offwin,381,1250.0,-1,correct,-1,11.341383,14.906848
B,below_good,30,385,2986,est_offwin,401,8000000.0,-1,correct,-1,15.251076,9.496450
B,below_good,30,386,2987,est,424,10000000000.0,1,correct,-1,-2.800751,13.303040
B,below_good,30,387,2988,tau_echo,497,4500000000.0,,correct,-1,-16.459337,-0.793593
B,below_good,30,388,2989,final,502,4500000000.0,,correct,-1,-5.539416,5.121100
B,below_good,30,389,2990,final_corrected,475,10000000000.0,,correct,-1,7.390876,19.118675
B,below_good,30,390,2991,belief,520,,,correct,-1,0.764059,0.739064
B,below_good,31,391,2992,end_of_prompt,196,,,correct,-1,4.608104,5.141998
B,below_good,31,392,2993,est_offwin,297,100000.0,-1,correct,-1,15.190266,6.927845
B,below_good,31,393,2994,est_offwin,367,2000.0,-1,correct,-1,7.827556,15.501696
B,below_good,31,394,2995,est_offwin,485,2000000.0,-1,correct,-1,8.251766,8.125198
B,below_good,31,395,2996,est_offwin,493,2000.0,-1,correct,-1,1.857829,3.286414
B,below_good,31,396,2997,est,518,4000000000.0,-1,correct,-1,-8.011187,10.017788
B,below_good,31,397,2998,tau_echo,546,4500000000.0,,correct,-1,-9.376341,1.185682
B,below_good,31,398,2999,est,584,4000000000.0,-1,correct,-1,-8.403897,9.173960
B,below_good,31,399,3000,final,584,4000000000.0,,correct,-1,-8.403897,9.173960
B,below_good,31,400,3001,final_corrected,584,4000000000.0,,correct,-1,-8.403897,9.173960
B,below_good,32,401,3002,end_of_prompt,196,,,correct,-1,4.655776,5.188711
B,below_good,32,402,3003,est_offwin,433,3000.0,-1,correct,-1,-1.418801,7.772701
B,below_good,32,403,3004,tau_echo,574,4500000000.0,,correct,-1,-7.290679,5.987514
B,below_good,32,404,3005,final,602,4500000000.0,,correct,-1,-8.647657,12.385524
B,below_good,32,405,3006,final_corrected,552,9.0,,correct,-1,4.739124,15.896748
B,below_good,32,406,3007,belief,639,,,correct,-1,2.772107,5.910775
B,below_good,33,407,3008,end_of_prompt,196,,,correct,-1,4.625836,5.178909
B,below_good,33,408,3009,est_offwin,318,10000000.0,-1,correct,-1,23.368280,20.709854
B,below_good,33,409,3010,est_offwin,397,75000.0,-1,correct,-1,10.809851,9.886810
B,below_good,33,410,3011,est_offwin,411,10000000.0,-1,correct,-1,20.531719,18.849411
B,below_good,33,411,3012,est_offwin,427,75000.0,-1,correct,-1,13.876403,9.504509
B,below_good,33,412,3013,est_offwin,448,10000000.0,-1,correct,-1,14.162971,8.636297
B,below_good,33,413,3014,est_offwin,481,750000000000.0,1,correct,-1,1.163348,6.868430
B,below_good,33,414,3015,est_offwin,524,50000.0,-1,correct,-1,2.199782,3.512270
B,below_good,33,415,3016,est_offwin,532,7000000.0,-1,correct,-1,5.945631,11.758886
B,below_good,33,416,3017,est_offwin,552,50000.0,-1,correct,-1,8.877680,4.898903
B,below_good,33,417,3018,est_offwin,572,7000000.0,-1,correct,-1,8.701445,4.916069
B,below_good,33,418,3019,est,605,350000000000.0,1,correct,-1,-12.192471,-3.569875
B,below_good,33,419,3020,tau_echo,627,4500000000.0,,correct,-1,-10.274155,3.389669
B,below_good,33,420,3021,est,686,350000000.0,-1,correct,-1,0.072059,1.638378
B,below_good,33,421,3022,final,686,350000000.0,,correct,-1,0.072059,1.638378
B,below_good,33,422,3023,final_corrected,686,350000000.0,,correct,-1,0.072059,1.638378
B,below_good,34,423,3024,end_of_prompt,196,,,correct,-1,4.625836,5.178909
B,below_good,34,424,3025,est_offwin,322,9000000.0,-1,correct,-1,11.189003,15.278061
B,below_good,34,425,3026,est_offwin,467,1080.0,-1,correct,-1,5.768316,12.935973
B,below_good,34,426,3027,est_offwin,551,3240.0,-1,correct,-1,1.936742,10.856899
B,below_good,34,427,3028,est_offwin,571,9000000.0,-1,correct,-1,19.545849,23.485270
B,below_good,34,428,3029,est_offwin,592,3240.0,-1,correct,-1,7.944380,9.726716
B,below_good,34,429,3030,est,615,29160000000.0,1,correct,-1,-1.948061,17.676712
B,below_good,34,430,3031,tau_echo,679,4500000000.0,,correct,-1,-3.792861,12.947652
B,below_good,34,431,3032,final,679,4500000000.0,,correct,-1,-3.792861,12.947652
B,below_good,34,432,3033,final_corrected,663,29160000000.0,,correct,-1,6.146376,20.795538
B,below_good,34,433,3034,belief,691,,,correct,-1,2.139078,0.417310
B,below_good,35,434,3035,end_of_prompt,196,,,correct,-1,4.608104,5.141998
B,below_good,35,435,3036,est_offwin,296,300000.0,-1,correct,-1,12.242990,8.793734
B,below_good,35,436,3037,est_offwin,382,7500.0,-1,correct,-1,2.552080,9.658680
B,below_good,35,437,3038,est_offwin,423,300000.0,-1,correct,-1,15.318651,11.484327
B,below_good,35,438,3039,est_offwin,440,7500.0,-1,correct,-1,8.062604,8.973299
B,below_good,35,439,3040,est,465,2250000000.0,-1,correct,-1,-4.679371,13.582903
B,below_good,35,440,3041,tau_echo,493,4500000000.0,,correct,-1,-8.487026,6.430692
B,below_good,35,441,3042,est,508,2250000000.0,-1,correct,-1,-4.002157,4.919434
B,below_good,35,442,3043,final,552,2250000000.0,,correct,-1,-5.548666,9.741179
B,below_good,35,443,3044,final_corrected,552,2250000000.0,,correct,-1,-5.548666,9.741179
B,below_good,36,444,3045,end_of_prompt,196,,,correct,-1,4.648891,5.194833
B,below_good,36,445,3046,est_offwin,408,1000.0,-1,correct,-1,7.331859,12.070575
B,below_good,36,446,3047,est,488,1500000000.0,-1,correct,-1,-2.187032,15.011912
B,below_good,36,447,3048,tau_echo,538,4500000000.0,,correct,-1,-10.741834,3.352037
B,below_good,36,448,3049,final,538,4500000000.0,,correct,-1,-10.741834,3.352037
B,below_good,36,449,3050,final_corrected,514,1500000000.0,,correct,-1,-2.596274,14.233648
B,below_good,36,450,3051,belief,556,,,correct,-1,-0.350359,1.955937
B,below_good,37,451,3052,end_of_prompt,196,,,correct,-1,4.634784,5.198078
B,below_good,37,452,3053,est_offwin,282,250000.0,-1,correct,-1,15.560252,9.069626
B,below_good,37,453,3054,est_offwin,368,3000.0,-1,correct,-1,-1.996718,7.268077
B,below_good,37,454,3055,est_offwin,414,250000.0,-1,correct,-1,16.167112,12.338237
B,below_good,37,455,3056,est_offwin,422,3000.0,-1,correct,-1,5.287023,7.313916
B,below_good,37,456,3057,est,435,750000000.0,-1,correct,-1,6.710516,8.325844
B,below_good,37,457,3058,tau_echo,477,4500000000.0,,correct,-1,-7.304628,6.084393
B,below_good,37,458,3059,final,477,4500000000.0,,correct,-1,-7.304628,6.084393
B,below_good,37,459,3060,final_corrected,457,750000000.0,,correct,-1,4.001582,13.201421
B,below_good,37,460,3061,belief,497,,,correct,-1,-1.035732,1.496565
B,below_good,38,461,3062,end_of_prompt,196,,,correct,-1,4.608104,5.141998
B,below_good,38,462,3063,est_offwin,265,5000000.0,-1,correct,-1,18.800539,22.244513
B,below_good,38,463,3064,est_offwin,433,6500.0,-1,correct,-1,10.515060,17.382578
B,below_good,38,464,3065,est_offwin,457,5000000.0,-1,correct,-1,14.299204,13.938461
B,below_good,38,465,3066,est_offwin,472,6500.0,-1,correct,-1,8.178003,10.738629
B,below_good,38,466,3067,est,496,32500000000.0,1,correct,-1,-2.764264,15.310532
B,below_good,38,467,3068,tau_echo,524,4500000000.0,,correct,-1,-14.348923,-0.351912
B,below_good,38,468,3069,est,544,32500000000.0,1,correct,-1,-2.521633,7.685105
B,below_good,38,469,3070,est_offwin,587,5000000.0,-1,correct,-1,14.666819,18.099836
B,below_good,38,470,3071,est_offwin,605,6500.0,-1,correct,-1,5.426707,9.352276
B,below_good,38,471,3072,final,605,6500.0,,correct,-1,5.426707,9.352276
B,below_good,38,472,3073,final_corrected,605,6500.0,,correct,-1,5.426707,9.352276
B,below_good,38,473,3074,belief,617,,,correct,-1,2.242630,2.245675
B,below_good,39,474,3075,end_of_prompt,196,,,correct,-1,4.648891,5.194833
B,below_good,39,475,3076,est_offwin,404,625000.0,-1,correct,-1,10.696234,8.127636
B,below_good,39,476,3077,est_offwin,420,60000.0,-1,correct,-1,7.067487,3.480994
B,below_good,39,477,3078,est_offwin,441,625000.0,-1,correct,-1,14.799889,12.752118
B,below_good,39,478,3079,est_offwin,457,60000.0,-1,correct,-1,9.950123,5.227504
B,below_good,39,479,3080,est,481,37500000000.0,1,correct,-1,-1.142435,13.878028
B,below_good,39,480,3081,tau_echo,536,4500000000.0,,correct,-1,-13.551757,-1.239109
B,below_good,39,481,3082,final,536,4500000000.0,,correct,-1,-13.551757,-1.239109
B,below_good,39,482,3083,final_corrected,512,37500000000.0,,correct,-1,-5.629505,11.706986
B,below_good,39,483,3084,belief,557,,,correct,-1,0.226577,2.128158
B,below_good,40,484,3085,end_of_prompt,196,,,correct,-1,4.655776,5.188711
B,below_good,40,485,3086,est_offwin,345,1100.0,-1,correct,-1,2.374165,9.482649
B,below_good,40,486,3087,est_offwin,435,3000000.0,-1,correct,-1,5.180168,12.377689
B,below_good,40,487,3088,est_offwin,524,1100.0,-1,correct,-1,7.563164,9.370486
B,below_good,40,488,3089,est_offwin,536,3000000.0,-1,correct,-1,11.961519,8.046608
B,below_good,40,489,3090,est,551,3300000000.0,-1,correct,-1,-9.530256,9.472505
B,below_good,40,490,3091,tau_echo,601,4500000000.0,,correct,-1,-9.951557,0.788535
B,below_good,40,491,3092,final,622,4500000000.0,,correct,-1,-4.656951,2.187796
B,below_good,40,492,3093,final_corrected,577,3300000000.0,,correct,-1,-6.102952,13.569560
B,below_good,40,493,3094,belief,641,,,correct,-1,0.221919,1.071699
B,below_good,41,494,3095,end_of_prompt,196,,,correct,-1,4.625836,5.178909
B,below_good,41,495,3096,est_offwin,259,25000000.0,-1,correct,-1,25.948137,24.576355
B,below_good,41,496,3097,est_offwin,329,75000.0,-1,correct,-1,7.964805,6.962325
B,below_good,41,497,3098,est_offwin,356,25000000.0,-1,correct,-1,15.692060,14.701606
B,below_good,41,498,3099,est_offwin,372,75000.0,-1,correct,-1,11.586865,6.480340
B,below_good,41,499,3100,est_offwin,399,1875000000000.0,1,correct,-1,1.945332,7.160321
B,below_good,41,500,3101,tau_echo,426,4500000000.0,,correct,-1,-10.708778,3.578521
B,below_good,41,501,3102,est_offwin,495,20000.0,-1,correct,-1,1.767240,4.757554
B,below_good,41,502,3103,est_offwin,516,25000000.0,-1,correct,-1,11.331050,9.958351
B,below_good,41,503,3104,est_offwin,532,20000.0,-1,correct,-1,5.335993,4.317638
B,below_good,41,504,3105,est_offwin,557,500000000000.0,1,correct,-1,-11.879681,-6.239090
B,below_good,41,505,3106,tau_echo,587,4500000000.0,,correct,-1,-12.146535,0.737486
B,below_good,41,506,3107,est_offwin,629,25000000.0,-1,correct,-1,9.943335,8.226192
B,below_good,41,507,3108,tau_echo,665,4500000000.0,,correct,-1,-13.742160,3.479440
B,below_good,41,508,3109,final,703,4500000000.0,,correct,-1,-10.365368,7.107253
B,below_good,41,509,3110,final_corrected,642,180.0,,correct,-1,5.647952,7.116725
B,below_good,42,510,3111,end_of_prompt,196,,,correct,-1,4.608104,5.141998
B,below_good,42,511,3112,est_offwin,296,5000000.0,-1,correct,-1,21.044510,21.535669
B,below_good,42,512,3113,est_offwin,361,3000.0,-1,correct,-1,5.282714,13.601959
B,below_good,42,513,3114,est_offwin,377,10000.0,-1,correct,-1,8.533737,8.273177
B,below_good,42,514,3115,est_offwin,397,5000.0,-1,correct,-1,3.000800,11.057077
B,below_good,42,515,3116,est_offwin,422,5000000.0,-1,correct,-1,20.911819,21.878517
B,below_good,42,516,3117,est_offwin,435,5000.0,-1,correct,-1,9.147207,11.206182
B,below_good,42,517,3118,est_offwin,462,5000000.0,-1,correct,-1,15.421728,12.011463
B,below_good,42,518,3119,est_offwin,476,5000.0,-1,correct,-1,9.888887,10.926535
B,below_good,42,519,3120,est,500,25000000000.0,1,correct,-1,-1.169278,15.621923
B,below_good,42,520,3121,tau_echo,574,4500000000.0,,correct,-1,-14.210348,-0.004233
B,below_good,42,521,3122,final,579,4500000000.0,,correct,-1,-3.652365,6.233436
B,below_good,42,522,3123,final_corrected,552,25000000000.0,,correct,-1,7.742038,20.600658
B,below_good,42,523,3124,belief,614,,,correct,-1,0.908835,-0.026425
B,below_good,43,524,3125,end_of_prompt,196,,,correct,-1,4.648891,5.194833
B,below_good,43,525,3126,est_offwin,333,300000.0,-1,correct,-1,10.800699,10.210032
B,below_good,43,526,3127,est_offwin,418,10000.0,-1,correct,-1,10.209283,11.800104
B,below_good,43,527,3128,est_offwin,437,300000.0,-1,correct,-1,15.216047,15.685467
B,below_good,43,528,3129,est_offwin,450,10000.0,-1,correct,-1,11.722652,8.401600
B,below_good,43,529,3130,est,469,3000000000.0,-1,correct,-1,-6.755155,14.972736
B,below_good,43,530,3131,tau_echo,535,4500000000.0,,correct,-1,-11.154072,1.618694
B,below_good,43,531,3132,final,535,4500000000.0,,correct,-1,-11.154072,1.618694
B,below_good,43,532,3133,final_corrected,510,3000000000.0,,correct,-1,-6.582524,12.150569
B,below_good,43,533,3134,belief,540,,,correct,-1,3.690929,4.873359
B,below_good,44,534,3135,end_of_prompt,196,,,unclear,,4.625836,5.178909
B,below_good,44,535,3136,est_offwin,366,1000.0,-1,unclear,,8.475834,11.934494
B,below_good,44,536,3137,est_offwin,418,2000.0,-1,unclear,,4.075357,12.711155
B,below_good,44,537,3138,est_offwin,425,2000000.0,-1,unclear,,9.551729,8.260963
B,below_good,44,538,3139,est_offwin,434,1000.0,-1,unclear,,4.916882,6.316217
B,below_good,44,539,3140,est_offwin,469,10000000.0,-1,unclear,,23.559067,21.588757
B,below_good,44,540,3141,est_offwin,556,2000.0,-1,unclear,,3.842063,7.676150
B,below_good,44,541,3142,est,572,20000000000.0,1,unclear,,-2.316333,13.891661
B,below_good,44,542,3143,tau_echo,595,4500000000.0,,unclear,,-15.450803,-0.929631
B,below_good,44,543,3144,est,619,20000000000.0,1,unclear,,-1.901916,7.685923
B,below_good,44,544,3145,tau_echo,648,4500000000.0,,unclear,,-10.444040,-0.904360
B,below_good,44,545,3146,final,648,4500000000.0,,unclear,,-10.444040,-0.904360
B,below_good,44,546,3147,final_corrected,619,20000000000.0,,unclear,,-1.901916,7.685923
B,below_good,45,547,3148,end_of_prompt,196,,,correct,-1,4.677787,5.217660
B,below_good,45,548,3149,est_offwin,416,20000.0,-1,correct,-1,9.541420,10.807514
B,below_good,45,549,3150,est_offwin,448,2500000.0,-1,correct,-1,13.557105,17.896690
B,below_good,45,550,3151,est_offwin,465,20000.0,-1,correct,-1,8.184668,6.819745
B,below_good,45,551,3152,est_offwin,484,2500000.0,-1,correct,-1,13.523306,12.780762
B,below_good,45,552,3153,est_offwin,500,20000.0,-1,correct,-1,8.543302,6.990864
B,below_good,45,553,3154,est,533,50000000000.0,1,correct,-1,2.244237,11.971529
B,below_good,45,554,3155,tau_echo,557,4500000000.0,,correct,-1,-14.007495,0.345242
B,below_good,45,555,3156,est,636,4000000000.0,-1,correct,-1,-21.342707,-0.353660
B,below_good,45,556,3157,final,636,4000000000.0,,correct,-1,-21.342707,-0.353660
B,below_good,45,557,3158,final_corrected,636,4000000000.0,,correct,-1,-21.342707,-0.353660
B,below_good,45,558,3159,belief,670,,,correct,-1,0.800584,1.338917
B,below_good,46,559,3160,end_of_prompt,196,,,unclear,,4.608104,5.141998
B,below_good,46,560,3161,est_offwin,296,8000000.0,-1,unclear,,23.260965,21.895834
B,below_good,46,561,3162,est_offwin,340,50000.0,-1,unclear,,14.742764,11.911524
B,below_good,46,562,3163,est_offwin,417,8000000.0,-1,unclear,,14.761620,7.892792
B,below_good,46,563,3164,est_offwin,426,50000.0,-1,unclear,,12.159793,3.825395
B,below_good,46,564,3165,est,455,400000000000.0,1,unclear,,1.163295,5.425507
B,below_good,46,565,3166,tau_echo,528,4500000000.0,,unclear,,-11.254043,-0.025516
B,below_good,46,566,3167,final,528,4500000000.0,,unclear,,-11.254043,-0.025516
B,below_good,46,567,3168,final_corrected,502,400000000000.0,,unclear,,-2.885488,4.097069
B,below_good,47,568,3169,end_of_prompt,196,,,correct,-1,4.608104,5.141998
B,below_good,47,569,3170,est_offwin,252,25000000.0,-1,correct,-1,25.414139,24.990543
B,below_good,47,570,3171,est_offwin,300,50000.0,-1,correct,-1,14.316908,11.202261
B,below_good,47,571,3172,est_offwin,334,25000000.0,-1,correct,-1,15.550285,13.462406
B,below_good,47,572,3173,est_offwin,350,50000.0,-1,correct,-1,12.133936,5.456481
B,below_good,47,573,3174,est_offwin,377,1250000000000.0,1,correct,-1,1.600374,5.652472
B,below_good,47,574,3175,tau_echo,409,4500000000.0,,correct,-1,-10.416706,3.175735
B,below_good,47,575,3176,est_offwin,458,10000000.0,-1,correct,-1,10.042669,12.248112
B,below_good,47,576,3177,est_offwin,481,20000.0,-1,correct,-1,2.446609,2.101929
B,below_good,47,577,3178,est_offwin,502,10000000.0,-1,correct,-1,10.380821,5.390827
B,below_good,47,578,3179,est_offwin,518,20000.0,-1,correct,-1,4.826828,4.067954
B,below_good,47,579,3180,est,543,200000000000.0,1,correct,-1,-12.261945,-5.561810
B,below_good,47,580,3181,est,589,4000000000.0,-1,correct,-1,-22.820915,-1.023951
B,below_good,47,581,3182,tau_echo,614,4500000000.0,,correct,-1,-12.010077,-2.081904
B,below_good,47,582,3183,final,614,4500000000.0,,correct,-1,-12.010077,-2.081904
B,below_good,47,583,3184,final_corrected,589,4000000000.0,,correct,-1,-22.820915,-1.023951
B,below_good,47,584,3185,belief,627,,,correct,-1,0.472876,2.058695
B,below_good,48,585,3186,end_of_prompt,196,,,unclear,,4.608104,5.141998
B,below_good,48,586,3187,est_offwin,362,1000000.0,-1,unclear,,17.826706,17.058483
B,below_good,48,587,3188,est_offwin,402,5000.0,-1,unclear,,10.996801,15.181480
B,below_good,48,588,3189,est_offwin,451,1000000.0,-1,unclear,,13.918406,9.103287
B,below_good,48,589,3190,est_offwin,468,5000.0,-1,unclear,,10.176544,11.442735
B,below_good,48,590,3191,est_offwin,494,1000000.0,-1,unclear,,17.131084,10.674385
B,below_good,48,591,3192,est_offwin,508,5000.0,-1,unclear,,10.173666,11.097248
B,below_good,48,592,3193,est,531,5000000000.0,1,unclear,,-3.645239,15.484128
B,below_good,48,593,3194,final,573,5000000000.0,,unclear,,-4.066291,11.868338
B,below_good,48,594,3195,final_corrected,573,5000000000.0,,unclear,,-4.066291,11.868338
B,below_good,49,595,3196,end_of_prompt,196,,,unclear,,4.608104,5.141998
B,below_good,49,596,3197,est_offwin,278,15000000.0,-1,unclear,,15.666221,17.434326
B,below_good,49,597,3198,est_offwin,375,50000.0,-1,unclear,,7.410633,4.884744
B,below_good,49,598,3199,est_offwin,456,15000000.0,-1,unclear,,14.288883,10.739444
B,below_good,49,599,3200,est_offwin,465,50000.0,-1,unclear,,11.124358,3.736980
B,below_good,49,600,3201,est_offwin,492,750000000000.0,1,unclear,,1.290666,6.698653
B,below_good,49,601,3202,tau_echo,583,4500000000.0,,unclear,,-11.486561,0.555339
B,below_good,49,602,3203,final,583,4500000000.0,,unclear,,-11.486561,0.555339
B,below_good,49,603,3204,final_corrected,538,750000000000.0,,unclear,,-2.425245,5.513644
B,below_good,50,604,3205,end_of_prompt,196,,,correct,-1,4.648891,5.194833
B,below_good,50,605,3206,est_offwin,273,250000.0,-1,correct,-1,14.973550,9.881886
B,below_good,50,606,3207,est_offwin,330,6800.0,-1,correct,-1,11.795481,15.390263
B,below_good,50,607,3208,est_offwin,419,250000.0,-1,correct,-1,17.001163,11.197552
B,below_good,50,608,3209,est_offwin,426,6800.0,-1,correct,-1,10.297264,9.310329
B,below_good,50,609,3210,est,451,1700000000.0,-1,correct,-1,-0.180874,11.366438
B,below_good,50,610,3211,tau_echo,514,4500000000.0,,correct,-1,-9.260479,2.342257
B,below_good,50,611,3212,final,514,4500000000.0,,correct,-1,-9.260479,2.342257
B,below_good,50,612,3213,final_corrected,491,1700000000.0,,correct,-1,-0.709610,14.911352
B,below_good,50,613,3214,belief,527,,,correct,-1,0.884736,2.337018
B,below_good,51,614,3215,end_of_prompt,196,,,unclear,,4.608104,5.141998
B,below_good,51,615,3216,est_offwin,359,2000.0,-1,unclear,,-1.866673,10.895617
B,below_good,51,616,3217,est_offwin,443,3000000.0,-1,unclear,,7.136221,6.834854
B,below_good,51,617,3218,est_offwin,480,2000.0,-1,unclear,,3.409857,9.864514
B,below_good,51,618,3219,est,499,6000000000.0,1,unclear,,-4.328723,15.889728
B,below_good,51,619,3220,tau_echo,519,4500000000.0,,unclear,,-20.211294,-1.946267
B,below_good,51,620,3221,est,538,6000000000.0,1,unclear,,-1.177245,6.471539
B,below_good,51,621,3222,final,590,6000000000.0,,unclear,,-5.109800,13.385796
B,below_good,51,622,3223,final_corrected,590,6000000000.0,,unclear,,-5.109800,13.385796
B,below_good,52,623,3224,end_of_prompt,196,,,correct,-1,4.608104,5.141998
B,below_good,52,624,3225,est_offwin,332,1000000.0,-1,correct,-1,12.387192,7.350828
B,below_good,52,625,3226,est_offwin,430,4000.0,-1,correct,-1,-2.135189,4.174614
B,below_good,52,626,3227,est_offwin,463,1000000.0,-1,correct,-1,14.782760,9.271890
B,below_good,52,627,3228,est_offwin,480,4000.0,-1,correct,-1,3.734920,4.472466
B,below_good,52,628,3229,est_offwin,502,1000000.0,-1,correct,-1,16.795307,10.956612
B,below_good,52,629,3230,est_offwin,510,4000.0,-1,correct,-1,6.346109,4.904859
B,below_good,52,630,3231,est,525,4000000000.0,-1,correct,-1,-6.835248,10.331126
B,below_good,52,631,3232,tau_echo,550,4500000000.0,,correct,-1,-9.092867,1.462853
B,below_good,52,632,3233,est,587,4000000000.0,-1,correct,-1,-9.361696,5.761349
B,below_good,52,633,3234,final,587,4000000000.0,,correct,-1,-9.361696,5.761349
B,below_good,52,634,3235,final_corrected,587,4000000000.0,,correct,-1,-9.361696,5.761349
B,below_good,52,635,3236,belief,608,,,correct,-1,0.708530,1.375109
B,below_good,53,636,3237,end_of_prompt,196,,,correct,-1,4.655776,5.188711
B,below_good,53,637,3238,est_offwin,454,7000.0,-1,correct,-1,-0.119162,5.862411
B,below_good,53,638,3239,est_offwin,509,1000000.0,-1,correct,-1,12.511105,6.175504
B,below_good,53,639,3240,est_offwin,524,7000.0,-1,correct,-1,6.315949,6.785181
B,below_good,53,640,3241,est,558,7000000000.0,1,correct,-1,-0.945552,14.831216
B,below_good,53,641,3242,tau_echo,623,4500000000.0,,correct,-1,-17.488482,-2.586060
B,below_good,53,642,3243,final,623,4500000000.0,,correct,-1,-17.488482,-2.586060
B,below_good,53,643,3244,final_corrected,588,7000000000.0,,correct,-1,7.182045,21.922249
B,below_good,53,644,3245,belief,634,,,correct,-1,3.852489,5.177362
B,below_good,54,645,3246,end_of_prompt,196,,,unclear,,4.648891,5.194833
B,below_good,54,646,3247,est_offwin,337,1000000.0,-1,unclear,,16.733799,18.671616
B,below_good,54,647,3248,est_offwin,403,6500.0,-1,unclear,,2.507082,8.174582
B,below_good,54,648,3249,est_offwin,439,1000000.0,-1,unclear,,16.978666,10.470284
B,below_good,54,649,3250,est_offwin,454,6500.0,-1,unclear,,7.429902,9.270492
B,below_good,54,650,3251,est,477,6500000000.0,1,unclear,,-3.192659,16.827759
B,below_good,54,651,3252,tau_echo,502,4500000000.0,,unclear,,-18.050495,-1.398487
B,below_good,54,652,3253,est,521,6500000000.0,1,unclear,,-1.624454,9.391291
B,below_good,54,653,3254,final,552,6500000000.0,,unclear,,-5.623822,13.311728
B,below_good,54,654,3255,final_corrected,552,6500000000.0,,unclear,,-5.623822,13.311728
B,below_good,55,655,3256,end_of_prompt,196,,,correct,-1,4.648891,5.194833
B,below_good,55,656,3257,est_offwin,356,7500.0,-1,correct,-1,5.686816,13.675492
B,below_good,55,657,3258,est_offwin,379,230000.0,-1,correct,-1,13.054296,7.925890
B,below_good,55,658,3259,est_offwin,388,527000.0,-1,correct,-1,8.512060,-0.207271
B,below_good,55,659,3260,est_offwin,401,378500.0,-1,correct,-1,7.195570,4.441270
B,below_good,55,660,3261,est_offwin,416,7500.0,-1,correct,-1,10.399027,13.484665
B,below_good,55,661,3262,est_offwin,439,378500.0,-1,correct,-1,13.552246,10.661074
B,below_good,55,662,3263,est_offwin,446,7500.0,-1,correct,-1,10.249571,9.930992
B,below_good,55,663,3264,est,461,2838750000.0,-1,correct,-1,-5.395700,12.213979
B,below_good,55,664,3265,tau_echo,521,4500000000.0,,correct,-1,-10.247790,0.676312
B,below_good,55,665,3266,final,521,4500000000.0,,correct,-1,-10.247790,0.676312
B,below_good,55,666,3267,final_corrected,498,2838750000.0,,correct,-1,-2.777744,13.996876
B,below_good,55,667,3268,belief,544,,,correct,-1,0.563795,1.233515
B,below_good,56,668,3269,end_of_prompt,196,,,incorrect,1,4.648891,5.194833
B,below_good,56,669,3270,est_offwin,303,2000000.0,-1,incorrect,1,10.931635,19.324877
B,below_good,56,670,3271,est_offwin,382,4000.0,-1,incorrect,1,0.591744,7.544844
B,below_good,56,671,3272,est_offwin,437,2000000.0,-1,incorrect,1,12.900066,12.112068
B,below_good,56,672,3273,est_offwin,452,4000.0,-1,incorrect,1,5.291662,6.206235
B,below_good,56,673,3274,est,475,8000000000.0,1,incorrect,1,-1.383299,13.939116
B,below_good,56,674,3275,tau_echo,526,4500000000.0,,incorrect,1,-14.838078,-4.518083
B,below_good,56,675,3276,est,567,8000000000.0,1,incorrect,1,-5.208285,10.733295
B,below_good,56,676,3277,final,567,8000000000.0,,incorrect,1,-5.208285,10.733295
B,below_good,56,677,3278,final_corrected,567,8000000000.0,,incorrect,1,-5.208285,10.733295
B,below_good,56,678,3279,belief,544,,,incorrect,1,0.573632,1.580566
B,below_good,57,679,3280,end_of_prompt,196,,,correct,-1,4.648891,5.194833
B,below_good,57,680,3281,est_offwin,311,3000000.0,-1,correct,-1,10.864708,19.624044
B,below_good,57,681,3282,est_offwin,386,5000.0,-1,correct,-1,6.139807,11.625975
B,below_good,57,682,3283,est_offwin,450,3000000.0,-1,correct,-1,11.652132,10.255028
B,below_good,57,683,3284,est_offwin,458,5000.0,-1,correct,-1,7.247516,5.392926
B,below_good,57,684,3285,est,485,15000000000.0,1,correct,-1,-0.098222,14.805340
B,below_good,57,685,3286,tau_echo,505,4500000000.0,,correct,-1,-14.953765,-0.033436
B,below_good,57,686,3287,est,513,15000000000.0,1,correct,-1,8.902483,23.147961
B,below_good,57,687,3288,final,567,15000000000.0,,correct,-1,-5.270713,11.458161
B,below_good,57,688,3289,final_corrected,567,15000000000.0,,correct,-1,-5.270713,11.458161
B,below_good,57,689,3290,belief,538,,,correct,-1,1.809091,2.062023
B,below_good,58,690,3291,end_of_prompt,196,,,unclear,,4.677787,5.217660
B,below_good,58,691,3292,est_offwin,295,500000.0,-1,unclear,,12.842059,5.233060
B,below_good,58,692,3293,est_offwin,322,20000.0,-1,unclear,,3.959052,-0.161502
B,below_good,58,693,3294,est_offwin,485,5000.0,-1,unclear,,0.761918,9.098890
B,below_good,58,694,3295,est_offwin,513,800000.0,-1,unclear,,10.048148,7.508162
B,below_good,58,695,3296,est_offwin,553,5000.0,-1,unclear,,7.697999,9.600017
B,below_good,58,696,3297,est,572,4000000000.0,-1,unclear,,-7.419158,10.865450
B,below_good,58,697,3298,final,596,4000000000.0,,unclear,,-10.142399,10.358642
B,below_good,58,698,3299,final_corrected,596,4000000000.0,,unclear,,-10.142399,10.358642
B,below_good,59,699,3300,end_of_prompt,196,,,correct,-1,4.625836,5.178909
B,below_good,59,700,3301,est_offwin,321,2000000.0,-1,correct,-1,11.679525,20.141830
B,below_good,59,701,3302,est_offwin,372,50000.0,-1,correct,-1,14.741658,11.913862
B,below_good,59,702,3303,est_offwin,421,2000000.0,-1,correct,-1,13.539656,16.154289
B,below_good,59,703,3304,est_offwin,433,50000.0,-1,correct,-1,10.513202,7.367531
B,below_good,59,704,3305,est_offwin,460,2000000.0,-1,correct,-1,15.089095,14.392185
B,below_good,59,705,3306,est_offwin,469,50000.0,-1,correct,-1,12.491797,5.488642
B,below_good,59,706,3307,est,486,100000000000.0,1,correct,-1,3.188924,7.257630
B,below_good,59,707,3308,tau_echo,509,4500000000.0,,correct,-1,-13.210450,1.595294
B,below_good,59,708,3309,est_offwin,570,2000000.0,-1,correct,-1,8.329330,7.367246
B,below_good,59,709,3310,est_offwin,579,20000.0,-1,correct,-1,2.857090,0.785969
B,below_good,59,710,3311,est,595,40000000000.0,1,correct,-1,-14.538544,-4.821891
B,below_good,59,711,3312,tau_echo,624,4500000000.0,,correct,-1,-12.841586,-1.264461
B,below_good,59,712,3313,est_offwin,652,2000000.0,-1,correct,-1,7.038457,6.407781
B,below_good,59,713,3314,est_offwin,660,2250.0,-1,correct,-1,-1.857038,3.535372
B,below_good,59,714,3315,tau_echo,676,4500000000.0,,correct,-1,-13.862040,1.596837
B,below_good,59,715,3316,final,701,4500000000.0,,correct,-1,-10.683921,10.060730
B,below_good,59,716,3317,final_corrected,660,2250.0,,correct,-1,-1.857038,3.535372
B,below_good,59,717,3318,belief,724,,,correct,-1,1.616576,2.717476
B,below_good,60,718,3319,end_of_prompt,196,,,unclear,,4.608104,5.141998
B,below_good,60,719,3320,est_offwin,301,5000000.0,-1,unclear,,20.481606,22.856289
B,below_good,60,720,3321,est_offwin,378,1750.0,-1,unclear,,6.933117,17.241165
B,below_good,60,721,3322,est_offwin,437,5000000.0,-1,unclear,,14.254073,9.676290
B,below_good,60,722,3323,est_offwin,444,1750.0,-1,unclear,,8.019802,12.035949
B,below_good,60,723,3324,est,459,8750000000.0,1,unclear,,-2.492841,15.522693
B,below_good,60,724,3325,tau_echo,479,4500000000.0,,unclear,,-17.107924,-1.328838
B,below_good,60,725,3326,est_offwin,507,1500.0,-1,unclear,,-4.098377,5.987399
B,below_good,60,726,3327,est_offwin,539,5000000.0,-1,unclear,,9.037900,4.450955
B,below_good,60,727,3328,est_offwin,546,1500.0,-1,unclear,,2.128139,6.886011
B,below_good,60,728,3329,est,561,7500000000.0,1,unclear,,-19.238148,-4.091134
B,below_good,60,729,3330,final,616,7500000000.0,,unclear,,-8.557195,10.878817
B,below_good,60,730,3331,final_corrected,616,7500000000.0,,unclear,,-8.557195,10.878817
B,below_good,61,731,3332,end_of_prompt,196,,,correct,-1,4.648891,5.194833
B,below_good,61,732,3333,est_offwin,299,7500000.0,-1,correct,-1,15.384407,17.467945
B,below_good,61,733,3334,est_offwin,381,20000.0,-1,correct,-1,10.015978,12.416084
B,below_good,61,734,3335,est_offwin,408,7500000.0,-1,correct,-1,14.660784,14.181501
B,below_good,61,735,3336,est_offwin,419,20000.0,-1,correct,-1,10.139084,9.335026
B,below_good,61,736,3337,est,440,150000000000.0,1,correct,-1,1.206706,10.860918
B,below_good,61,737,3338,tau_echo,460,4500000000.0,,correct,-1,-13.149197,2.422966
B,below_good,61,738,3339,est,541,150000000000.0,1,correct,-1,-3.456182,7.819653
B,below_good,61,739,3340,final,546,150000000000.0,,correct,-1,6.857660,18.108391
B,below_good,61,740,3341,final_corrected,546,150000000000.0,,correct,-1,6.857660,18.108391
B,below_good,61,741,3342,belief,510,,,correct,-1,1.020527,1.231763
B,below_good,62,742,3343,end_of_prompt,196,,,correct,-1,4.625836,5.178909
B,below_good,62,743,3344,est_offwin,367,100000.0,-1,correct,-1,7.216353,4.162364
B,below_good,62,744,3345,est_offwin,452,7500000.0,-1,correct,-1,14.700318,18.628048
B,below_good,62,745,3346,est_offwin,476,100000.0,-1,correct,-1,14.562933,8.166749
B,below_good,62,746,3347,est_offwin,515,750000000000.0,1,correct,-1,-1.216198,8.212280
B,below_good,62,747,3348,tau_echo,537,4500000000.0,,correct,-1,-11.692024,4.183796
B,below_good,62,748,3349,est_offwin,581,50000.0,-1,correct,-1,3.776579,4.329891
B,below_good,62,749,3350,est_offwin,592,7500000.0,-1,correct,-1,16.588070,18.607445
B,below_good,62,750,3351,est_offwin,607,50000.0,-1,correct,-1,10.391033,7.364686
B,below_good,62,751,3352,est,646,375000000000.0,1,correct,-1,-14.991272,-3.877658
B,below_good,62,752,3353,tau_echo,691,4500000000.0,,correct,-1,-12.995538,5.938359
B,below_good,62,753,3354,final,691,4500000000.0,,correct,-1,-12.995538,5.938359
B,below_good,62,754,3355,final_corrected,646,375000000000.0,,correct,-1,-14.991272,-3.877658
B,below_good,63,755,3356,end_of_prompt,196,,,correct,-1,4.625836,5.178909
B,below_good,63,756,3357,tau_echo,273,4500000000.0,,correct,-1,-3.585606,9.954754
B,below_good,63,757,3358,est_offwin,445,30000.0,-1,correct,-1,11.000586,11.134192
B,below_good,63,758,3359,est_offwin,522,300000.0,-1,correct,-1,8.667366,6.377211
B,below_good,63,759,3360,est_offwin,556,30000.0,-1,correct,-1,9.632332,7.396772
B,below_good,63,760,3361,est_offwin,578,300000.0,-1,correct,-1,13.615393,10.363956
B,below_good,63,761,3362,est_offwin,594,30000.0,-1,correct,-1,8.742360,6.453920
B,below_good,63,762,3363,est,617,9000000000.0,1,correct,-1,-2.319707,13.079081
B,below_good,63,763,3364,tau_echo,688,4500000000.0,,correct,-1,-14.055991,-1.077498
B,below_good,63,764,3365,final,688,4500000000.0,,correct,-1,-14.055991,-1.077498
B,below_good,63,765,3366,final_corrected,664,9000000000.0,,correct,-1,-3.786747,9.878845
B,below_good,63,766,3367,belief,712,,,correct,-1,1.311510,1.165745
B,below_good,64,767,3368,end_of_prompt,196,,,correct,-1,4.677787,5.217660
B,below_good,64,768,3369,est_offwin,284,25000000.0,-1,correct,-1,25.222042,24.321218
B,below_good,64,769,3370,est_offwin,468,14400.0,-1,correct,-1,9.739103,10.170326
B,below_good,64,770,3371,est_offwin,515,25000000.0,-1,correct,-1,13.729482,13.382008
B,below_good,64,771,3372,est_offwin,531,14400.0,-1,correct,-1,8.433505,7.146678
B,below_good,64,772,3373,est,556,360000000000.0,1,correct,-1,-0.478833,7.150932
B,below_good,64,773,3374,tau_echo,648,4500000000.0,,correct,-1,-9.893155,5.023192
B,below_good,64,774,3375,final,648,4500000000.0,,correct,-1,-9.893155,5.023192
B,below_good,64,775,3376,final_corrected,592,360000000000.0,,correct,-1,-3.509143,8.876054
B,below_good,64,776,3377,belief,667,,,correct,-1,1.282045,1.602223
B,below_good,65,777,3378,end_of_prompt,196,,,correct,-1,4.608104,5.141998
B,below_good,65,778,3379,est_offwin,394,2000000.0,-1,correct,-1,13.657804,23.858522
B,below_good,65,779,3380,est_offwin,442,50000.0,-1,correct,-1,11.905718,10.089823
B,below_good,65,780,3381,est_offwin,498,2000000.0,-1,correct,-1,14.069108,11.911776
B,below_good,65,781,3382,est_offwin,507,50000.0,-1,correct,-1,12.607010,4.570028
B,below_good,65,782,3383,est,534,100000000000.0,1,correct,-1,3.510159,7.465092
B,below_good,65,783,3384,tau_echo,554,4500000000.0,,correct,-1,-11.573307,2.409361
B,below_good,65,784,3385,est,631,100000000000.0,1,correct,-1,-1.852881,6.444126
B,below_good,65,785,3386,final,631,100000000000.0,,correct,-1,-1.852881,6.444126
B,below_good,65,786,3387,final_corrected,631,100000000000.0,,correct,-1,-1.852881,6.444126
B,below_good,65,787,3388,belief,573,,,correct,-1,1.173059,1.076329
B,below_good,66,788,3389,end_of_prompt,196,,,correct,-1,4.655776,5.188711
B,below_good,66,789,3390,est_offwin,309,8000000.0,-1,correct,-1,13.059539,17.002302
B,below_good,66,790,3391,est_offwin,373,2500.0,-1,correct,-1,7.460562,16.858288
B,below_good,66,791,3392,est_offwin,413,10000.0,-1,correct,-1,9.056436,10.687662
B,below_good,66,792,3393,est_offwin,483,8000000.0,-1,correct,-1,13.884598,8.113029
B,below_good,66,793,3394,est_offwin,492,10000.0,-1,correct,-1,9.343800,2.865695
B,below_good,66,794,3395,est,508,80000000000.0,1,correct,-1,0.357634,8.871264
B,below_good,66,795,3396,tau_echo,528,4500000000.0,,correct,-1,-13.573165,0.483411
B,below_good,66,796,3397,est,547,80000000000.0,1,correct,-1,1.011482,3.098507
B,below_good,66,797,3398,final,630,80000000000.0,,correct,-1,-3.703980,6.468153
B,below_good,66,798,3399,final_corrected,630,80000000000.0,,correct,-1,-3.703980,6.468153
B,below_good,66,799,3400,belief,567,,,correct,-1,2.193236,2.395811
B,below_good,67,800,3401,end_of_prompt,196,,,correct,-1,4.669802,5.228902
B,below_good,67,801,3402,est_offwin,294,34000000.0,-1,correct,-1,15.167786,15.535212
B,below_good,67,802,3403,est_offwin,374,60000.0,-1,correct,-1,5.935797,5.769712
B,below_good,67,803,3404,est_offwin,423,34000000.0,-1,correct,-1,12.806382,9.310428
B,below_good,67,804,3405,est_offwin,441,60000.0,-1,correct,-1,10.585115,5.449778
B,below_good,67,805,3406,est_offwin,470,2040000000000.0,1,correct,-1,1.326787,7.320160
B,below_good,67,806,3407,est_offwin,559,30000000.0,-1,correct,-1,6.028050,11.912828
B,below_good,67,807,3408,est_offwin,579,50000.0,-1,correct,-1,3.961286,2.969489
B,below_good,67,808,3409,est_offwin,597,30000000.0,-1,correct,-1,7.295858,7.061757
B,below_good,67,809,3410,est_offwin,615,50000.0,-1,correct,-1,7.528852,3.415940
B,below_good,67,810,3411,est_offwin,644,1500000000000.0,1,correct,-1,-14.328908,-5.575421
B,below_good,67,811,3412,tau_echo,674,4500000000.0,,correct,-1,-10.793131,2.604371
B,below_good,67,812,3413,est,746,4000000000.0,-1,correct,-1,-19.968887,2.416447
B,below_good,67,813,3414,final,746,4000000000.0,,correct,-1,-19.968887,2.416447
B,below_good,67,814,3415,final_corrected,746,4000000000.0,,correct,-1,-19.968887,2.416447
B,below_good,68,815,3416,end_of_prompt,196,,,correct,-1,4.669802,5.228902
B,below_good,68,816,3417,est_offwin,452,500000.0,-1,correct,-1,10.887129,9.928932
B,below_good,68,817,3418,est_offwin,473,15000.0,-1,correct,-1,7.693756,10.451845
B,below_good,68,818,3419,est_offwin,511,500000.0,-1,correct,-1,15.980365,11.532513
B,below_good,68,819,3420,est_offwin,527,15000.0,-1,correct,-1,8.823007,8.275163
B,below_good,68,820,3421,est,550,7500000000.0,1,correct,-1,-1.395057,16.295170
B,below_good,68,821,3422,tau_echo,578,4500000000.0,,correct,-1,-16.054615,0.908814
B,below_good,68,822,3423,est,595,7500000000.0,1,correct,-1,-1.577065,9.552588
B,below_good,68,823,3424,tau_echo,613,4500000000.0,,correct,-1,-13.262660,-3.388813
B,below_good,68,824,3425,est,638,7500000000.0,1,correct,-1,4.439971,15.215400
B,below_good,68,825,3426,est_offwin,716,325000.0,-1,correct,-1,6.198956,8.077971
B,below_good,68,826,3427,est_offwin,729,12000.0,-1,correct,-1,0.944120,5.498116
B,below_good,68,827,3428,est_offwin,751,325000.0,-1,correct,-1,10.935905,7.854099
B,below_good,68,828,3429,est_offwin,767,12000.0,-1,correct,-1,4.631642,4.438829
B,below_good,68,829,3430,est,790,3900000000.0,-1,correct,-1,-20.094088,-2.307745
B,below_good,68,830,3431,final,813,3900000000.0,,correct,-1,-9.021600,8.909242
B,below_good,68,831,3432,final_corrected,813,3900000000.0,,correct,-1,-9.021600,8.909242
B,below_good,68,832,3433,belief,650,,,correct,-1,-0.159142,1.611145
B,below_good,69,833,3434,end_of_prompt,196,,,correct,-1,4.608104,5.141998
B,below_good,69,834,3435,est_offwin,299,2000000.0,-1,correct,-1,12.025150,20.899105
B,below_good,69,835,3436,est_offwin,401,2500.0,-1,correct,-1,2.474748,12.950159
B,below_good,69,836,3437,est_offwin,461,2000000.0,-1,correct,-1,13.889449,11.281686
B,below_good,69,837,3438,est_offwin,469,2500.0,-1,correct,-1,6.597216,8.326619
B,below_good,69,838,3439,est,495,5000000000.0,1,correct,-1,-2.673793,14.248528
B,below_good,69,839,3440,tau_echo,515,4500000000.0,,correct,-1,-17.479914,-3.253403
B,below_good,69,840,3441,est,555,5000000000.0,1,correct,-1,-6.644479,10.143587
B,below_good,69,841,3442,final,555,5000000000.0,,correct,-1,-6.644479,10.143587
B,below_good,69,842,3443,final_corrected,555,5000000000.0,,correct,-1,-6.644479,10.143587
B,below_good,70,843,3444,end_of_prompt,196,,,incorrect,1,4.655776,5.188711
B,below_good,70,844,3445,est_offwin,301,500000.0,-1,incorrect,1,11.187449,9.136615
B,below_good,70,845,3446,est_offwin,464,9360.0,-1,incorrect,1,9.477711,11.497582
B,below_good,70,846,3447,est_offwin,512,500000.0,-1,incorrect,1,15.205654,11.974094
B,below_good,70,847,3448,est_offwin,529,9360.0,-1,incorrect,1,8.799338,7.746616
B,below_good,70,848,3449,est,554,4680000000.0,1,incorrect,1,-3.266720,16.163496
B,below_good,70,849,3450,tau_echo,582,4500000000.0,,incorrect,1,-15.940207,-0.619107
B,below_good,70,850,3451,est,600,4680000000.0,1,incorrect,1,-1.356385,8.112843
B,below_good,70,851,3452,final,643,4680000000.0,,incorrect,1,-6.774502,12.331761
B,below_good,70,852,3453,final_corrected,643,4680000000.0,,incorrect,1,-6.774502,12.331761
B,below_good,70,853,3454,belief,620,,,incorrect,1,4.029425,6.803819
B,below_good,71,854,3455,end_of_prompt,196,,,correct,-1,4.648891,5.194833
B,below_good,71,855,3456,est_offwin,295,800000.0,-1,correct,-1,11.934086,10.311248
B,below_good,71,856,3457,est_offwin,349,1000.0,-1,correct,-1,9.945128,12.537505
B,below_good,71,857,3458,est_offwin,438,800000.0,-1,correct,-1,16.073591,10.749830
B,below_good,71,858,3459,est,462,400000000.0,-1,correct,-1,5.654496,6.672317
B,below_good,71,859,3460,tau_echo,482,4500000000.0,,correct,-1,-5.955339,7.178649
B,below_good,71,860,3461,est,514,400000000.0,-1,correct,-1,0.999756,7.471418
B,below_good,71,861,3462,final,514,400000000.0,,correct,-1,0.999756,7.471418
B,below_good,71,862,3463,final_corrected,514,400000000.0,,correct,-1,0.999756,7.471418
B,below_good,72,863,3464,end_of_prompt,196,,,correct,-1,4.648891,5.194833
B,below_good,72,864,3465,est_offwin,255,25000000.0,-1,correct,-1,25.947575,24.489340
B,below_good,72,865,3466,est_offwin,299,2500000.0,-1,correct,-1,12.035659,13.976027
B,below_good,72,866,3467,est_offwin,356,4000.0,-1,correct,-1,0.874917,6.343315
B,below_good,72,867,3468,est_offwin,377,2500000.0,-1,correct,-1,18.496294,22.030157
B,below_good,72,868,3469,est_offwin,391,4000.0,-1,correct,-1,8.173574,9.202215
B,below_good,72,869,3470,est_offwin,412,2500000.0,-1,correct,-1,13.605790,13.130678
B,below_good,72,870,3471,est_offwin,426,4000.0,-1,correct,-1,8.134704,9.823570
B,below_good,72,871,3472,est,450,10000000000.0,1,correct,-1,-0.574118,13.141798
B,below_good,72,872,3473,tau_echo,476,4500000000.0,,correct,-1,-17.210543,-0.898384
B,below_good,72,873,3474,est,522,10000000000.0,1,correct,-1,-4.007249,10.633705
B,below_good,72,874,3475,final,522,10000000000.0,,correct,-1,-4.007249,10.633705
B,below_good,72,875,3476,final_corrected,522,10000000000.0,,correct,-1,-4.007249,10.633705
B,below_good,72,876,3477,belief,547,,,correct,-1,1.194977,-0.684815
B,below_good,73,877,3478,end_of_prompt,196,,,correct,-1,4.648891,5.194833
B,below_good,73,878,3479,est_offwin,447,375000.0,-1,correct,-1,9.238153,8.834306
B,below_good,73,879,3480,est_offwin,476,250000.0,-1,correct,-1,-0.649057,-2.258411
B,below_good,73,880,3481,est_offwin,490,30000.0,-1,correct,-1,2.841816,-0.941247
B,below_good,73,881,3482,est_offwin,654,3000.0,-1,correct,-1,4.047042,13.346203
B,below_good,73,882,3483,est_offwin,717,375000.0,-1,correct,-1,9.393314,7.120154
B,below_good,73,883,3484,est_offwin,725,3000.0,-1,correct,-1,3.964362,5.316740
B,below_good,73,884,3485,est_offwin,743,375000.0,-1,correct,-1,6.546326,0.162916
B,below_good,73,885,3486,est_offwin,751,3000.0,-1,correct,-1,-0.831908,-3.160916
B,below_good,73,886,3487,est_offwin,770,250000.0,-1,correct,-1,2.894239,-1.661602
B,below_good,73,887,3488,est_offwin,778,3000.0,-1,correct,-1,-2.944547,-3.510176
B,below_good,73,888,3489,est_offwin,797,30000.0,-1,correct,-1,3.349345,-1.881658
B,below_good,73,889,3490,est_offwin,805,3000.0,-1,correct,-1,-4.574169,-5.667278
B,below_good,73,890,3491,est_offwin,826,375000.0,-1,correct,-1,9.835996,5.692266
B,below_good,73,891,3492,est_offwin,834,3000.0,-1,correct,-1,2.666816,2.974107
B,below_good,73,892,3493,est_offwin,844,375000.0,-1,correct,-1,6.612830,-1.350052
B,below_good,73,893,3494,est_offwin,852,3000.0,-1,correct,-1,-1.852571,-5.455731
B,below_good,73,894,3495,est_offwin,862,250000.0,-1,correct,-1,2.828346,-2.620360
B,below_good,73,895,3496,est_offwin,870,3000.0,-1,correct,-1,-3.579287,-5.537012
B,below_good,73,896,3497,est_offwin,879,30000.0,-1,correct,-1,3.676602,-2.188361
B,below_good,73,897,3498,est_offwin,887,3000.0,-1,correct,-1,-4.227334,-7.117646
B,below_good,73,898,3499,est,914,1125000000.0,-1,correct,-1,7.023912,10.847190
B,below_good,73,899,3500,est,944,750000000.0,-1,correct,-1,-3.385229,-6.290114
B,below_good,73,900,3501,est,957,90000000.0,-1,correct,-1,4.348242,-4.798527
B,below_good,73,901,3502,est,984,3090000000.0,-1,correct,-1,-9.110960,10.672167
B,below_good,73,902,3503,tau_echo,1045,4500000000.0,,correct,-1,-9.089191,1.072986
B,below_good,73,903,3504,final,1045,4500000000.0,,correct,-1,-9.089191,1.072986
B,below_good,73,904,3505,final_corrected,1009,3090000000.0,,correct,-1,-4.896952,15.240994
B,below_good,73,905,3506,belief,1057,,,correct,-1,0.911517,1.597121
B,below_good,74,906,3507,end_of_prompt,196,,,correct,-1,4.608104,5.141998
B,below_good,74,907,3508,est_offwin,337,1000000.0,-1,correct,-1,14.457933,16.343079
B,below_good,74,908,3509,est_offwin,422,2500.0,-1,correct,-1,-0.632101,9.780343
B,below_good,74,909,3510,est_offwin,495,1000000.0,-1,correct,-1,15.770134,8.546806
B,below_good,74,910,3511,est_offwin,503,2500.0,-1,correct,-1,6.360636,8.292855
B,below_good,74,911,3512,est,518,2500000000.0,-1,correct,-1,-6.753725,12.614592
B,below_good,74,912,3513,tau_echo,586,4500000000.0,,correct,-1,-9.451778,-0.172458
B,below_good,74,913,3514,final,586,4500000000.0,,correct,-1,-9.451778,-0.172458
B,below_good,74,914,3515,final_corrected,563,2500000000.0,,correct,-1,-4.788528,13.724001
B,below_good,74,915,3516,belief,606,,,correct,-1,0.394027,2.080003
B,below_good,75,916,3517,end_of_prompt,196,,,correct,-1,4.648891,5.194833
B,below_good,75,917,3518,est,241,3000000000.0,-1,correct,-1,-11.033194,9.409897
B,below_good,75,918,3519,est_offwin,264,25000000.0,-1,correct,-1,25.424557,23.300316
B,below_good,75,919,3520,est_offwin,355,100000.0,-1,correct,-1,15.343249,10.219158
B,below_good,75,920,3521,est_offwin,378,25000000.0,-1,correct,-1,22.717461,22.172569
B,below_good,75,921,3522,est_offwin,390,100000.0,-1,correct,-1,16.502151,7.329811
B,below_good,75,922,3523,est,413,2500000000.0,-1,correct,-1,-11.894275,9.642761
B,below_good,75,923,3524,est,460,3000000000.0,-1,correct,-1,-13.065475,6.279976
B,below_good,75,924,3525,tau_echo,509,4500000000.0,,correct,-1,-8.807033,2.666548
B,below_good,75,925,3526,final,509,4500000000.0,,correct,-1,-8.807033,2.666548
B,below_good,75,926,3527,final_corrected,460,3000000000.0,,correct,-1,-13.065475,6.279976
B,below_good,76,927,3528,end_of_prompt,196,,,correct,-1,4.608104,5.141998
B,below_good,76,928,3529,est_offwin,363,5500.0,-1,correct,-1,9.674257,17.550587
B,below_good,76,929,3530,est_offwin,438,9000000.0,-1,correct,-1,9.745241,13.922832
B,below_good,76,930,3531,est_offwin,465,5500.0,-1,correct,-1,8.119277,11.785465
B,below_good,76,931,3532,est_offwin,485,9000000.0,-1,correct,-1,14.134443,10.065407
B,below_good,76,932,3533,est,508,49500000000.0,1,correct,-1,-1.694458,14.110044
B,below_good,76,933,3534,tau_echo,533,4500000000.0,,correct,-1,-13.984028,1.304271
B,below_good,76,934,3535,est,552,49500000000.0,1,correct,-1,-0.167532,6.215105
B,below_good,76,935,3536,final,581,49500000000.0,,correct,-1,-4.941760,10.360170
B,below_good,76,936,3537,final_corrected,581,49500000000.0,,correct,-1,-4.941760,10.360170
B,below_good,76,937,3538,belief,606,,,correct,-1,1.096192,1.739718
B,below_good,77,938,3539,end_of_prompt,196,,,correct,-1,4.648891,5.194833
B,below_good,77,939,3540,est_offwin,302,3000000.0,-1,correct,-1,5.281738,14.278185
B,below_good,77,940,3541,est_offwin,372,3000.0,-1,correct,-1,6.699365,14.103218
B,below_good,77,941,3542,est_offwin,398,3000000.0,-1,correct,-1,10.086262,10.477355
B,below_good,77,942,3543,est_offwin,412,3000.0,-1,correct,-1,5.242115,7.883967
B,below_good,77,943,3544,est_offwin,426,3000000.0,-1,correct,-1,12.194023,12.162326
B,below_good,77,944,3545,est_offwin,436,3000.0,-1,correct,-1,5.027765,8.324240
B,below_good,77,945,3546,est,455,9000000000.0,1,correct,-1,-2.479747,14.668892
B,below_good,77,946,3547,tau_echo,475,4500000000.0,,correct,-1,-17.832407,0.111110
B,below_good,77,947,3548,est,500,9000000000.0,1,correct,-1,-5.168980,11.274214
B,below_good,77,948,3549,final,500,9000000000.0,,correct,-1,-5.168980,11.274214
B,below_good,77,949,3550,final_corrected,500,9000000000.0,,correct,-1,-5.168980,11.274214
B,below_good,78,950,3551,end_of_prompt,196,,,correct,-1,4.655776,5.188711
B,below_good,78,951,3552,est_offwin,397,10000000.0,-1,correct,-1,22.466738,20.864828
B,below_good,78,952,3553,est_offwin,485,8000.0,-1,correct,-1,7.170892,7.295028
B,below_good,78,953,3554,est_offwin,498,10000000.0,-1,correct,-1,21.097462,21.640932
B,below_good,78,954,3555,est_offwin,533,8000.0,-1,correct,-1,7.456673,5.287858
B,below_good,78,955,3556,est,549,80000000000.0,1,correct,-1,-0.541208,8.982399
B,below_good,78,956,3557,tau_echo,567,4500000000.0,,correct,-1,-1.833286,12.364687
B,below_good,78,957,3558,est,644,80000000000.0,1,correct,-1,-4.296282,6.588013
B,below_good,78,958,3559,final,648,80000000000.0,,correct,-1,2.772323,13.755449
B,below_good,78,959,3560,final_corrected,648,80000000000.0,,correct,-1,2.772323,13.755449
B,below_good,78,960,3561,belief,597,,,correct,-1,0.482259,0.229623
B,below_good,79,961,3562,end_of_prompt,196,,,unclear,,4.648891,5.194833
B,below_good,79,962,3563,est_offwin,304,8000000.0,-1,unclear,,19.825115,21.478321
B,below_good,79,963,3564,est_offwin,371,10000.0,-1,unclear,,10.943541,10.923685
B,below_good,79,964,3565,est_offwin,388,5000.0,-1,unclear,,2.892692,9.512374
B,below_good,79,965,3566,est_offwin,426,8000000.0,-1,unclear,,13.497356,9.021618
B,below_good,79,966,3567,est_offwin,441,5000.0,-1,unclear,,6.612362,7.745102
B,below_good,79,967,3568,est,468,40000000000.0,1,unclear,,0.456949,12.883822
B,below_good,79,968,3569,tau_echo,523,4500000000.0,,unclear,,-11.896695,0.917314
B,below_good,79,969,3570,final,523,4500000000.0,,unclear,,-11.896695,0.917314
B,below_good,79,970,3571,final_corrected,499,40000000000.0,,unclear,,-3.349388,8.948935
B,below_good,80,971,3572,end_of_prompt,196,,,unclear,,4.608104,5.141998
B,below_good,80,972,3573,est_offwin,308,10000000.0,-1,unclear,,23.925301,23.090874
B,below_good,80,973,3574,est_offwin,390,2500.0,-1,unclear,,2.556401,12.188945
B,below_good,80,974,3575,est_offwin,448,10000000.0,-1,unclear,,15.488430,9.194627
B,below_good,80,975,3576,est_offwin,456,2500.0,-1,unclear,,6.495896,8.521490
B,below_good,80,976,3577,est,472,25000000000.0,1,unclear,,-2.422078,13.068535
B,below_good,80,977,3578,tau_echo,492,4500000000.0,,unclear,,-13.892982,0.074822
B,below_good,80,978,3579,est,511,25000000000.0,1,unclear,,0.120676,5.236239
B,below_good,80,979,3580,final,583,25000000000.0,,unclear,,-6.423863,11.590382
B,below_good,80,980,3581,final_corrected,583,25000000000.0,,unclear,,-6.423863,11.590382
B,below_good,81,981,3582,end_of_prompt,196,,,correct,-1,4.625836,5.178909
B,below_good,81,982,3583,est_offwin,279,25000000.0,-1,correct,-1,24.245306,21.966915
B,below_good,81,983,3584,est_offwin,332,50000.0,-1,correct,-1,14.119837,10.745907
B,below_good,81,984,3585,est_offwin,413,25000000.0,-1,correct,-1,13.872974,9.892006
B,below_good,81,985,3586,est_offwin,422,50000.0,-1,correct,-1,11.487423,3.300622
B,below_good,81,986,3587,est_offwin,450,1250000000000.0,1,correct,-1,1.985658,4.698885
B,below_good,81,987,3588,tau_echo,479,4500000000.0,,correct,-1,-9.183754,1.530673
B,below_good,81,988,3589,est_offwin,507,1800.0,-1,correct,-1,-1.798416,6.896736
B,below_good,81,989,3590,est_offwin,545,25000000.0,-1,correct,-1,10.734716,6.576883
B,below_good,81,990,3591,est_offwin,553,1800.0,-1,correct,-1,4.308020,7.478374
B,below_good,81,991,3592,est,578,45000000000.0,1,correct,-1,-7.914547,-0.865064
B,below_good,81,992,3593,est_offwin,661,25000000.0,-1,correct,-1,9.317259,6.385812
B,below_good,81,993,3594,tau_echo,691,4500000000.0,,correct,-1,-11.832762,0.417768
B,below_good,81,994,3595,final,724,4500000000.0,,correct,-1,-11.568824,4.448367
B,below_good,81,995,3596,final_corrected,667,180.0,,correct,-1,5.603462,5.010070
B,below_good,82,996,3597,end_of_prompt,196,,,unclear,,4.634784,5.198078
B,below_good,82,997,3598,est_offwin,295,400000.0,-1,unclear,,10.213426,6.534923
B,below_good,82,998,3599,est_offwin,378,15000.0,-1,unclear,,5.290071,8.439019
B,below_good,82,999,3600,est_offwin,403,400000.0,-1,unclear,,14.539410,12.286890
B,below_good,82,1000,3601,est_offwin,414,15000.0,-1,unclear,,10.016136,9.851316
B,below_good,82,1001,3602,est,433,6000000000.0,1,unclear,,-2.664758,15.785021
B,below_good,82,1002,3603,tau_echo,473,4500000000.0,,unclear,,-4.265274,12.360877
B,below_good,82,1003,3604,final,473,4500000000.0,,unclear,,-4.265274,12.360877
B,below_good,82,1004,3605,final_corrected,457,6000000000.0,,unclear,,-4.602149,14.395277
B,below_good,83,1005,3606,end_of_prompt,196,,,correct,-1,4.608104,5.141998
B,below_good,83,1006,3607,est_offwin,293,350000.0,-1,correct,-1,9.817944,7.785461
B,below_good,83,1007,3608,est_offwin,353,1500.0,-1,correct,-1,8.618479,15.130006
B,below_good,83,1008,3609,est_offwin,375,2000.0,-1,correct,-1,-0.462612,10.906526
B,below_good,83,1009,3610,est_offwin,425,350000.0,-1,correct,-1,12.889054,10.210607
B,below_good,83,1010,3611,est_offwin,441,2000.0,-1,correct,-1,4.042531,8.547361
B,below_good,83,1011,3612,est_offwin,471,350000.0,-1,correct,-1,13.808744,8.782700
B,below_good,83,1012,3613,est_offwin,478,2000.0,-1,correct,-1,5.842024,7.870415
B,below_good,83,1013,3614,est,491,700000000.0,-1,correct,-1,8.353207,6.974658
B,below_good,83,1014,3615,tau_echo,554,4500000000.0,,correct,-1,-7.622242,3.864685
B,below_good,83,1015,3616,final,554,4500000000.0,,correct,-1,-7.622242,3.864685
B,below_good,83,1016,3617,final_corrected,529,700000000.0,,correct,-1,7.811280,12.219808
B,below_good,83,1017,3618,belief,564,,,correct,-1,0.587074,0.143854
B,below_good,84,1018,3619,end_of_prompt,196,,,unclear,,4.608104,5.141998
B,below_good,84,1019,3620,est_offwin,327,2500.0,-1,unclear,,0.075464,12.734488
B,below_good,84,1020,3621,est_offwin,369,2500000.0,-1,unclear,,17.390427,19.766304
B,below_good,84,1021,3622,est_offwin,413,2500.0,-1,unclear,,7.355334,15.919834
B,below_good,84,1022,3623,est_offwin,439,1500.0,-1,unclear,,-3.486968,5.636339
B,below_good,84,1023,3624,est_offwin,459,2500000.0,-1,unclear,,20.647402,19.825548
B,below_good,84,1024,3625,est_offwin,466,1500.0,-1,unclear,,9.258265,12.995734
B,below_good,84,1025,3626,est,487,3750000000.0,-1,unclear,,-7.086753,14.488068
B,below_good,84,1026,3627,tau_echo,507,4500000000.0,,unclear,,-10.761171,5.075802
B,below_good,84,1027,3628,est,525,3750000000.0,-1,unclear,,-8.998564,9.603960
B,below_good,84,1028,3629,final,525,3750000000.0,,unclear,,-8.998564,9.603960
B,below_good,84,1029,3630,final_corrected,525,3750000000.0,,unclear,,-8.998564,9.603960
B,below_good,85,1030,3631,end_of_prompt,196,,,correct,-1,4.648891,5.194833
B,below_good,85,1031,3632,est_offwin,352,25000000.0,-1,correct,-1,21.558811,21.200064
B,below_good,85,1032,3633,est_offwin,413,60000.0,-1,correct,-1,8.313709,7.430482
B,below_good,85,1033,3634,est_offwin,423,25000000.0,-1,correct,-1,19.738106,19.548603
B,below_good,85,1034,3635,est_offwin,435,60000.0,-1,correct,-1,13.521568,9.106844
B,below_good,85,1035,3636,est_offwin,448,25000000.0,-1,correct,-1,13.319865,10.528723
B,below_good,85,1036,3637,est_offwin,467,1500000000000.0,1,correct,-1,0.987500,5.139377
B,below_good,85,1037,3638,tau_echo,494,4500000000.0,,correct,-1,-11.029572,2.295025
B,below_good,85,1038,3639,est,529,1500000000.0,-1,correct,-1,-7.386144,5.330007
B,below_good,85,1039,3640,tau_echo,550,4500000000.0,,correct,-1,-10.076640,2.083504
B,below_good,85,1040,3641,final,550,4500000000.0,,correct,-1,-10.076640,2.083504
B,below_good,85,1041,3642,final_corrected,529,1500000000.0,,correct,-1,-7.386144,5.330007
B,below_good,85,1042,3643,belief,565,,,correct,-1,0.659787,1.200289
B,below_good,86,1043,3644,end_of_prompt,196,,,correct,-1,4.648891,5.194833
B,below_good,86,1044,3645,est_offwin,289,5000000.0,-1,correct,-1,21.143270,22.938850
B,below_good,86,1045,3646,est_offwin,373,5000.0,-1,correct,-1,1.751115,7.578257
B,below_good,86,1046,3647,est_offwin,404,5000000.0,-1,correct,-1,14.644225,13.172583
B,below_good,86,1047,3648,est_offwin,414,5000.0,-1,correct,-1,6.471667,7.116918
B,below_good,86,1048,3649,est,434,25000000000.0,1,correct,-1,-2.084622,16.371101
B,below_good,86,1049,3650,tau_echo,454,4500000000.0,,correct,-1,-15.696141,-0.092081
B,below_good,86,1050,3651,est,479,25000000000.0,1,correct,-1,-3.225497,9.822044
B,below_good,86,1051,3652,final,479,25000000000.0,,correct,-1,-3.225497,9.822044
B,below_good,86,1052,3653,final_corrected,479,25000000000.0,,correct,-1,-3.225497,9.822044
B,below_good,86,1053,3654,belief,508,,,correct,-1,0.386663,0.728923
B,below_good,87,1054,3655,end_of_prompt,196,,,correct,-1,4.648891,5.194833
B,below_good,87,1055,3656,est,263,230000000.0,-1,correct,-1,21.703548,17.092157
B,below_good,87,1056,3657,est_offwin,309,25000000.0,-1,correct,-1,14.622309,12.896833
B,below_good,87,1057,3658,est_offwin,406,2250.0,-1,correct,-1,2.162543,10.484442
B,below_good,87,1058,3659,est_offwin,440,25000000.0,-1,correct,-1,13.395930,12.360092
B,below_good,87,1059,3660,est_offwin,455,2250.0,-1,correct,-1,6.340870,11.072200
B,below_good,87,1060,3661,est,479,56250000000.0,1,correct,-1,0.547088,14.643353
B,below_good,87,1061,3662,tau_echo,548,4500000000.0,,correct,-1,-14.014947,-0.396617
B,below_good,87,1062,3663,final,548,4500000000.0,,correct,-1,-14.014947,-0.396617
B,below_good,87,1063,3664,final_corrected,526,56250000000.0,,correct,-1,-0.958142,11.362377
B,below_good,87,1064,3665,belief,565,,,correct,-1,1.417914,1.076796
B,below_good,88,1065,3666,end_of_prompt,196,,,correct,-1,4.648891,5.194833
B,below_good,88,1066,3667,est_offwin,266,250000.0,-1,correct,-1,16.339342,11.463294
B,below_good,88,1067,3668,est_offwin,335,4000.0,-1,correct,-1,8.339337,11.607647
B,below_good,88,1068,3669,est_offwin,384,250000.0,-1,correct,-1,16.719910,12.703186
B,below_good,88,1069,3670,est_offwin,399,4000.0,-1,correct,-1,6.922302,7.305734
B,below_good,88,1070,3671,est,432,1000000000.0,-1,correct,-1,2.985686,9.335086
B,below_good,88,1071,3672,tau_echo,496,4500000000.0,,correct,-1,-8.504330,5.582067
B,below_good,88,1072,3673,est,518,1000000000.0,-1,correct,-1,-1.337320,5.590772
B,below_good,88,1073,3674,tau_echo,543,4500000000.0,,correct,-1,-6.852587,1.711767
B,below_good,88,1074,3675,final,543,4500000000.0,,correct,-1,-6.852587,1.711767
B,below_good,88,1075,3676,final_corrected,518,1000000000.0,,correct,-1,-1.337320,5.590772
B,below_good,88,1076,3677,belief,548,,,correct,-1,3.628678,4.989949
B,below_good,89,1077,3678,end_of_prompt,196,,,correct,-1,4.648891,5.194833
B,below_good,89,1078,3679,est_offwin,349,5000.0,-1,correct,-1,6.956863,12.483757
B,below_good,89,1079,3680,est_offwin,367,3000.0,-1,correct,-1,-4.549148,5.735654
B,below_good,89,1080,3681,est_offwin,403,1000000.0,-1,correct,-1,19.334669,19.698320
B,below_good,89,1081,3682,est_offwin,462,3000.0,-1,correct,-1,2.354738,7.900308
B,below_good,89,1082,3683,est_offwin,479,1000000.0,-1,correct,-1,15.840134,11.018044
B,below_good,89,1083,3684,est_offwin,489,3000.0,-1,correct,-1,5.023630,9.909783
B,below_good,89,1084,3685,est,508,3000000000.0,-1,correct,-1,-10.375036,10.783161
B,below_good,89,1085,3686,tau_echo,528,4500000000.0,,correct,-1,-10.185018,4.711757
B,below_good,89,1086,3687,est,550,3000000000.0,-1,correct,-1,-9.697867,10.435604
B,below_good,89,1087,3688,final,550,3000000000.0,,correct,-1,-9.697867,10.435604
B,below_good,89,1088,3689,final_corrected,550,3000000000.0,,correct,-1,-9.697867,10.435604
B,below_good,89,1089,3690,belief,568,,,correct,-1,0.057497,2.309236
B,below_good,90,1090,3691,end_of_prompt,196,,,correct,-1,4.625836,5.178909
B,below_good,90,1091,3692,est_offwin,278,25000000.0,-1,correct,-1,25.372204,23.834528
B,below_good,90,1092,3693,est_offwin,390,15000.0,-1,correct,-1,9.235118,11.336387
B,below_good,90,1093,3694,est_offwin,442,25000000.0,-1,correct,-1,12.747487,11.413984
B,below_good,90,1094,3695,est,466,375000000000.0,1,correct,-1,-1.732703,9.572627
B,below_good,90,1095,3696,tau_echo,494,4500000000.0,,correct,-1,-11.797598,1.731115
B,below_good,90,1096,3697,est,514,375000000000.0,1,correct,-1,-1.653199,3.143856
B,below_good,90,1097,3698,est_offwin,583,1000.0,-1,correct,-1,0.876372,6.068255
B,below_good,90,1098,3699,est_offwin,618,25000000.0,-1,correct,-1,7.594496,5.863527
B,below_good,90,1099,3700,est,641,25000000000.0,1,correct,-1,-13.780652,0.687418
B,below_good,90,1100,3701,tau_echo,664,4500000000.0,,correct,-1,-13.376480,-4.000636
B,below_good,90,1101,3702,final,713,4500000000.0,,correct,-1,-14.852702,5.353551
B,below_good,90,1102,3703,final_corrected,641,25000000000.0,,correct,-1,-13.780652,0.687418
B,below_good,91,1103,3704,end_of_prompt,196,,,correct,-1,4.608104,5.141998
B,below_good,91,1104,3705,est_offwin,385,2500000.0,-1,correct,-1,17.962336,20.400080
B,below_good,91,1105,3706,est_offwin,421,4000.0,-1,correct,-1,-1.464626,7.008354
B,below_good,91,1106,3707,est_offwin,458,2500000.0,-1,correct,-1,12.903358,14.619614
B,below_good,91,1107,3708,est_offwin,472,4000.0,-1,correct,-1,8.441978,10.682232
B,below_good,91,1108,3709,est,496,10000000000.0,1,correct,-1,-1.100590,14.049198
B,below_good,91,1109,3710,tau_echo,562,4500000000.0,,correct,-1,-16.917852,-1.570799
B,below_good,91,1110,3711,final,562,4500000000.0,,correct,-1,-16.917852,-1.570799
B,below_good,91,1111,3712,final_corrected,535,10000000000.0,,correct,-1,-2.732778,12.023335
B,below_good,91,1112,3713,belief,580,,,correct,-1,-0.073886,1.821037
B,below_good,92,1113,3714,end_of_prompt,196,,,correct,-1,4.634784,5.198078
B,below_good,92,1114,3715,est_offwin,274,250000.0,-1,correct,-1,15.189742,10.039480
B,below_good,92,1115,3716,est_offwin,336,1500.0,-1,correct,-1,8.923389,16.209999
B,below_good,92,1116,3717,est_offwin,350,250000.0,-1,correct,-1,18.032686,15.898455
B,below_good,92,1117,3718,est_offwin,371,1500.0,-1,correct,-1,9.209505,10.512631
B,below_good,92,1118,3719,est,384,375000000.0,-1,correct,-1,8.076519,8.044262
B,below_good,92,1119,3720,tau_echo,465,4500000000.0,,correct,-1,-7.325569,5.190495
B,below_good,92,1120,3721,final,465,4500000000.0,,correct,-1,-7.325569,5.190495
B,below_good,92,1121,3722,final_corrected,441,375000000.0,,correct,-1,7.104793,13.171824
B,below_good,93,1122,3723,end_of_prompt,196,,,correct,-1,4.608104,5.141998
B,below_good,93,1123,3724,est_offwin,298,100000.0,-1,correct,-1,16.976360,8.123606
B,below_good,93,1124,3725,est_offwin,324,2500000.0,-1,correct,-1,15.889560,22.441292
B,below_good,93,1125,3726,est_offwin,340,100000.0,-1,correct,-1,15.469309,6.122971
B,below_good,93,1126,3727,est_offwin,387,50000.0,-1,correct,-1,12.412750,10.586092
B,below_good,93,1127,3728,est_offwin,455,2500000.0,-1,correct,-1,12.285915,12.338637
B,below_good,93,1128,3729,est_offwin,464,50000.0,-1,correct,-1,11.106710,3.882351
B,below_good,93,1129,3730,est,481,125000000000.0,1,correct,-1,1.808648,9.487893
B,below_good,93,1130,3731,tau_echo,543,4500000000.0,,correct,-1,-13.443446,1.819454
B,below_good,93,1131,3732,final,543,4500000000.0,,correct,-1,-13.443446,1.819454
B,below_good,93,1132,3733,final_corrected,512,125000000000.0,,correct,-1,7.925672,20.000271
B,below_good,93,1133,3734,belief,583,,,correct,-1,1.165421,3.118823
B,below_good,94,1134,3735,end_of_prompt,196,,,correct,-1,4.608104,5.141998
B,below_good,94,1135,3736,est_offwin,342,500000.0,-1,correct,-1,14.490563,6.981192
B,below_good,94,1136,3737,est_offwin,383,2000.0,-1,correct,-1,6.285634,15.222363
B,below_good,94,1137,3738,est_offwin,413,3000.0,-1,correct,-1,1.052053,10.556583
B,below_good,94,1138,3739,est_offwin,466,500000.0,-1,correct,-1,16.218540,10.518751
B,below_good,94,1139,3740,est_offwin,474,3000.0,-1,correct,-1,5.849281,7.159707
B,below_good,94,1140,3741,est,489,1500000000.0,-1,correct,-1,-1.539634,10.979530
B,below_good,94,1141,3742,tau_echo,555,4500000000.0,,correct,-1,-8.768637,4.191427
B,below_good,94,1142,3743,final,555,4500000000.0,,correct,-1,-8.768637,4.191427
B,below_good,94,1143,3744,final_corrected,521,1500000000.0,,correct,-1,-2.207433,13.624571
B,below_good,94,1144,3745,belief,573,,,correct,-1,0.175743,1.068132
B,below_good,95,1145,3746,end_of_prompt,196,,,correct,-1,4.608104,5.141998
B,below_good,95,1146,3747,est_offwin,376,1000.0,-1,correct,-1,0.339660,6.290857
B,below_good,95,1147,3748,est_offwin,443,2500000.0,-1,correct,-1,9.460741,10.666586
B,below_good,95,1148,3749,est_offwin,461,1000.0,-1,correct,-1,4.085750,4.703055
B,below_good,95,1149,3750,est,498,2500000000.0,-1,correct,-1,-4.189302,15.656945
B,below_good,95,1150,3751,tau_echo,518,4500000000.0,,correct,-1,-10.034678,4.341990
B,below_good,95,1151,3752,est,544,2500000000.0,-1,correct,-1,-8.122189,9.428545
B,below_good,95,1152,3753,final,544,2500000000.0,,correct,-1,-8.122189,9.428545
B,below_good,95,1153,3754,final_corrected,544,2500000000.0,,correct,-1,-8.122189,9.428545
B,below_good,95,1154,3755,belief,562,,,correct,-1,0.093049,1.700861
B,below_good,96,1155,3756,end_of_prompt,196,,,correct,-1,4.648891,5.194833
B,below_good,96,1156,3757,est_offwin,261,250000.0,-1,correct,-1,16.033533,10.953102
B,below_good,96,1157,3758,est_offwin,375,7000.0,-1,correct,-1,10.137200,13.324504
B,below_good,96,1158,3759,est_offwin,418,250000.0,-1,correct,-1,16.456917,13.447973
B,below_good,96,1159,3760,est_offwin,433,7000.0,-1,correct,-1,8.621613,7.810244
B,below_good,96,1160,3761,est,456,1750000000.0,-1,correct,-1,-1.224459,13.547840
B,below_good,96,1161,3762,tau_echo,528,4500000000.0,,correct,-1,-9.466850,1.971383
B,below_good,96,1162,3763,final,528,4500000000.0,,correct,-1,-9.466850,1.971383
B,below_good,96,1163,3764,final_corrected,504,1750000000.0,,correct,-1,-0.599049,14.511651
B,below_good,96,1164,3765,belief,538,,,correct,-1,0.340100,1.395911
B,below_good,97,1165,3766,end_of_prompt,196,,,correct,-1,4.648891,5.194833
B,below_good,97,1166,3767,est_offwin,297,500000.0,-1,correct,-1,12.708490,7.685159
B,below_good,97,1167,3768,est_offwin,383,2500.0,-1,correct,-1,0.025641,10.172865
B,below_good,97,1168,3769,est_offwin,409,500000.0,-1,correct,-1,15.206154,10.805328
B,below_good,97,1169,3770,est_offwin,423,2500.0,-1,correct,-1,4.867583,9.204535
B,below_good,97,1170,3771,est_offwin,440,500000.0,-1,correct,-1,15.643137,10.566924
B,below_good,97,1171,3772,est_offwin,448,2500.0,-1,correct,-1,7.379827,8.438308
B,below_good,97,1172,3773,est,463,1250000000.0,-1,correct,-1,1.144327,10.681351
B,below_good,97,1173,3774,tau_echo,527,4500000000.0,,correct,-1,-9.541501,2.477689
B,below_good,97,1174,3775,final,527,4500000000.0,,correct,-1,-9.541501,2.477689
B,below_good,97,1175,3776,final_corrected,493,1250000000.0,,correct,-1,-0.605937,12.464823
B,below_good,97,1176,3777,belief,537,,,correct,-1,0.762980,1.952468
B,below_good,98,1177,3778,end_of_prompt,196,,,correct,-1,4.655776,5.188711
B,below_good,98,1178,3779,est_offwin,298,10000000.0,-1,correct,-1,22.832642,21.602703
B,below_good,98,1179,3780,est_offwin,428,4750.0,-1,correct,-1,-0.310827,11.009689
B,below_good,98,1180,3781,est_offwin,499,10000000.0,-1,correct,-1,14.948364,8.885714
B,below_good,98,1181,3782,est_offwin,506,4750.0,-1,correct,-1,8.201033,10.104786
B,below_good,98,1182,3783,est,532,47500000000.0,1,correct,-1,-1.175469,12.812094
B,below_good,98,1183,3784,tau_echo,552,4500000000.0,,correct,-1,-14.374697,-0.282672
B,below_good,98,1184,3785,est,574,47500000000.0,1,correct,-1,0.265703,4.665687
B,below_good,98,1185,3786,final,618,47500000000.0,,correct,-1,-4.455917,8.645366
B,below_good,98,1186,3787,final_corrected,618,47500000000.0,,correct,-1,-4.455917,8.645366
B,below_good,98,1187,3788,belief,637,,,correct,-1,1.716322,1.901517
B,below_good,99,1188,3789,end_of_prompt,196,,,correct,-1,4.626760,5.193031
B,below_good,99,1189,3790,est_offwin,268,25000000.0,-1,correct,-1,24.305651,22.655258
B,below_good,99,1190,3791,est_offwin,358,4000.0,-1,correct,-1,0.423295,6.061522
B,below_good,99,1191,3792,est_offwin,430,25000000.0,-1,correct,-1,13.825624,9.213270
B,below_good,99,1192,3793,est_offwin,438,4000.0,-1,correct,-1,5.526317,4.128369
B,below_good,99,1193,3794,est,465,100000000000.0,1,correct,-1,4.000045,6.906516
B,below_good,99,1194,3795,tau_echo,489,4500000000.0,,correct,-1,-12.452133,0.454002
B,below_good,99,1195,3796,est_offwin,544,5000000.0,-1,correct,-1,5.481833,3.431974
B,below_good,99,1196,3797,est_offwin,563,1500.0,-1,correct,-1,-3.691850,3.053236
B,below_good,99,1197,3798,est_offwin,584,5000000.0,-1,correct,-1,11.848858,6.863346
B,below_good,99,1198,3799,est_offwin,592,1500.0,-1,correct,-1,4.299994,5.986640
B,below_good,99,1199,3800,est,617,7500000000.0,1,correct,-1,-10.886197,3.905163
B,below_good,99,1200,3801,tau_echo,637,4500000000.0,,correct,-1,-17.321613,-5.363050
B,below_good,99,1201,3802,est,677,4000000000.0,-1,correct,-1,-22.766455,-2.364429
B,below_good,99,1202,3803,final,677,4000000000.0,,correct,-1,-22.766455,-2.364429
B,below_good,99,1203,3804,final_corrected,677,4000000000.0,,correct,-1,-22.766455,-2.364429
B,below_good,100,1204,3805,end_of_prompt,196,,,correct,-1,4.626760,5.193031
B,below_good,100,1205,3806,est_offwin,308,1000000.0,-1,correct,-1,19.297733,18.856945
B,below_good,100,1206,3807,est_offwin,362,50000.0,-1,correct,-1,13.683092,11.303861
B,below_good,100,1207,3808,est_offwin,387,1000000.0,-1,correct,-1,21.118603,21.960905
B,below_good,100,1208,3809,est_offwin,401,50000.0,-1,correct,-1,13.059198,9.084129
B,below_good,100,1209,3810,est_offwin,422,1000000.0,-1,correct,-1,17.732531,11.270368
B,below_good,100,1210,3811,est_offwin,438,50000.0,-1,correct,-1,11.525951,5.651132
B,below_good,100,1211,3812,est,462,50000000000.0,1,correct,-1,0.234279,12.004403
B,below_good,100,1212,3813,tau_echo,489,4500000000.0,,correct,-1,-14.211930,0.754708
B,below_good,100,1213,3814,est,508,50000000000.0,1,correct,-1,0.535046,5.360650
B,below_good,100,1214,3815,est_offwin,557,25000.0,-1,correct,-1,1.002388,5.418345
B,below_good,100,1215,3816,est_offwin,572,1000000.0,-1,correct,-1,12.513620,6.890794
B,below_good,100,1216,3817,est_offwin,581,25000.0,-1,correct,-1,7.188512,4.510594
B,below_good,100,1217,3818,est,597,25000000000.0,1,correct,-1,-14.561590,0.470413
B,below_good,100,1218,3819,tau_echo,622,4500000000.0,,correct,-1,-15.770348,-2.859169
B,below_good,100,1219,3820,final,673,4500000000.0,,correct,-1,-10.304788,9.490916
B,below_good,100,1220,3821,final_corrected,597,25000000000.0,,correct,-1,-14.561590,0.470413
B,below_good,100,1221,3822,belief,692,,,correct,-1,1.210019,0.949540
B,below_good,101,1222,3823,end_of_prompt,196,,,correct,-1,4.608104,5.141998
B,below_good,101,1223,3824,est_offwin,276,1000000.0,-1,correct,-1,17.464821,19.143288
B,below_good,101,1224,3825,est_offwin,393,1000.0,-1,correct,-1,6.723506,11.494493
B,below_good,101,1225,3826,est_offwin,478,1000000.0,-1,correct,-1,18.255486,20.631029
B,below_good,101,1226,3827,est,533,800000000.0,-1,correct,-1,7.188617,6.934402
B,below_good,101,1227,3828,tau_echo,582,4500000000.0,,correct,-1,5.730365,21.428211
B,below_good,101,1228,3829,final,582,4500000000.0,,correct,-1,5.730365,21.428211
B,below_good,101,1229,3830,final_corrected,570,800000000.0,,correct,-1,5.430403,10.933324
B,below_good,101,1230,3831,belief,596,,,correct,-1,3.753525,6.337538
B,below_good,102,1231,3832,end_of_prompt,196,,,correct,-1,4.655776,5.188711
B,below_good,102,1232,3833,est_offwin,406,3000.0,-1,correct,-1,-2.382229,8.094903
B,below_good,102,1233,3834,est_offwin,424,1000000.0,-1,correct,-1,18.506407,17.500381
B,below_good,102,1234,3835,est_offwin,487,3000.0,-1,correct,-1,5.614670,11.022737
B,below_good,102,1235,3836,est_offwin,507,1000000.0,-1,correct,-1,16.595409,9.286489
B,below_good,102,1236,3837,est,529,3000000000.0,-1,correct,-1,-9.028831,13.894679
B,below_good,102,1237,3838,tau_echo,603,4500000000.0,,correct,-1,-10.169434,2.367003
B,below_good,102,1238,3839,final,603,4500000000.0,,correct,-1,-10.169434,2.367003
B,below_good,102,1239,3840,final_corrected,554,3000000000.0,,correct,-1,-7.646134,12.720484
B,below_good,103,1240,3841,end_of_prompt,196,,,correct,-1,4.677787,5.217660
B,below_good,103,1241,3842,tau_echo,259,4500000000.0,,correct,-1,-4.659250,6.828477
B,below_good,103,1242,3843,est_offwin,343,300000.0,-1,correct,-1,13.892509,6.446949
B,below_good,103,1243,3844,est_offwin,438,4000.0,-1,correct,-1,3.550233,9.651523
B,below_good,103,1244,3845,est_offwin,532,300000.0,-1,correct,-1,14.477768,9.437551
B,below_good,103,1245,3846,est_offwin,540,4000.0,-1,correct,-1,5.705419,4.293994
B,below_good,103,1246,3847,est,555,1200000000.0,-1,correct,-1,0.476451,8.291645
B,below_good,103,1247,3848,tau_echo,575,4500000000.0,,correct,-1,-6.815519,6.049316
B,below_good,103,1248,3849,est,598,1200000000.0,-1,correct,-1,0.146432,6.562996
B,below_good,103,1249,3850,final,603,1200000000.0,,correct,-1,1.607245,12.229570
B,below_good,103,1250,3851,final_corrected,603,1200000000.0,,correct,-1,1.607245,12.229570
B,below_good,103,1251,3852,belief,627,,,correct,-1,0.951607,2.902947
B,below_good,104,1252,3853,end_of_prompt,196,,,correct,-1,4.608104,5.141998
B,below_good,104,1253,3854,est_offwin,282,25000000.0,-1,correct,-1,23.434910,21.495398
B,below_good,104,1254,3855,est,514,50000000000.0,1,correct,-1,-1.080525,10.745604
B,below_good,104,1255,3856,tau_echo,585,4500000000.0,,correct,-1,-12.747387,-0.951908
B,below_good,104,1256,3857,final,585,4500000000.0,,correct,-1,-12.747387,-0.951908
B,below_good,104,1257,3858,final_corrected,562,50000000000.0,,correct,-1,-2.648103,10.762722
B,below_good,104,1258,3859,belief,594,,,correct,-1,0.911261,1.922884
B,below_good,105,1259,3860,end_of_prompt,196,,,correct,-1,4.608104,5.141998
B,below_good,105,1260,3861,est_offwin,405,470000.0,-1,correct,-1,9.675958,8.382971
B,below_good,105,1261,3862,est_offwin,444,2500.0,-1,correct,-1,1.011414,8.251852
B,below_good,105,1262,3863,est_offwin,487,470000.0,-1,correct,-1,13.160091,9.248346
B,below_good,105,1263,3864,est_offwin,495,2500.0,-1,correct,-1,6.927765,8.431725
B,below_good,105,1264,3865,est,521,1175000000.0,-1,correct,-1,4.023355,11.876706
B,below_good,105,1265,3866,tau_echo,571,4500000000.0,,correct,-1,-8.846634,3.631660
B,below_good,105,1266,3867,final,571,4500000000.0,,correct,-1,-8.846634,3.631660
B,below_good,105,1267,3868,final_corrected,547,1175000000.0,,correct,-1,2.482528,16.164913
B,below_good,105,1268,3869,belief,595,,,correct,-1,0.600540,1.979517
B,below_good,106,1269,3870,end_of_prompt,196,,,correct,-1,4.669802,5.228902
B,below_good,106,1270,3871,est_offwin,252,6000000.0,-1,correct,-1,23.396313,23.706087
B,below_good,106,1271,3872,est_offwin,361,3000.0,-1,correct,-1,0.280370,9.313502
B,below_good,106,1272,3873,est_offwin,446,2500.0,-1,correct,-1,-1.503437,11.098766
B,below_good,106,1273,3874,est_offwin,463,6000000.0,-1,correct,-1,22.262978,20.330456
B,below_good,106,1274,3875,est_offwin,476,2500.0,-1,correct,-1,8.135679,10.829706
B,below_good,106,1275,3876,est_offwin,491,6000000.0,-1,correct,-1,15.433494,11.415297
B,below_good,106,1276,3877,est_offwin,499,2500.0,-1,correct,-1,7.216307,8.805916
B,below_good,106,1277,3878,est,515,15000000000.0,1,correct,-1,-2.673948,15.117781
B,below_good,106,1278,3879,tau_echo,537,4500000000.0,,correct,-1,-16.260004,-1.857124
B,below_good,106,1279,3880,est_offwin,597,2000.0,-1,correct,-1,-7.430086,3.947641
B,below_good,106,1280,3881,est_offwin,620,6000000.0,-1,correct,-1,9.907927,5.843848
B,below_good,106,1281,3882,est_offwin,628,2000.0,-1,correct,-1,1.605993,4.902844
B,below_good,106,1282,3883,est,644,12000000000.0,1,correct,-1,-18.618332,-2.603191
B,below_good,106,1283,3884,est_offwin,672,1500.0,-1,correct,-1,-7.043854,5.248094
B,below_good,106,1284,3885,est_offwin,704,6000000.0,-1,correct,-1,8.761339,4.977681
B,below_good,106,1285,3886,est_offwin,712,1500.0,-1,correct,-1,0.516393,4.084812
B,below_good,106,1286,3887,est,727,9000000000.0,1,correct,-1,-20.208965,-3.828445
B,below_good,106,1287,3888,est_offwin,782,6000000.0,-1,correct,-1,8.252752,5.710282
B,below_good,106,1288,3889,est_offwin,790,1000.0,-1,correct,-1,-5.019145,-3.877631
B,below_good,106,1289,3890,est,805,6000000000.0,1,correct,-1,-18.627514,-1.760719
B,below_good,106,1290,3891,est_offwin,835,6000000.0,-1,correct,-1,6.622897,3.369565
B,below_good,106,1291,3892,tau_echo,856,4500000000.0,,correct,-1,-21.270332,-3.343651
B,below_good,106,1292,3893,final,890,4500000000.0,,correct,-1,-12.070016,7.070828
B,below_good,106,1293,3894,final_corrected,841,750.0,,correct,-1,-4.576679,1.090033
B,below_good,107,1294,3895,end_of_prompt,196,,,correct,-1,4.669802,5.228902
B,below_good,107,1295,3896,est_offwin,292,5000000.0,-1,correct,-1,18.138573,22.599346
B,below_good,107,1296,3897,est_offwin,339,50000.0,-1,correct,-1,15.214205,12.999666
B,below_good,107,1297,3898,est_offwin,366,5000000.0,-1,correct,-1,15.992096,13.270056
B,below_good,107,1298,3899,est_offwin,382,50000.0,-1,correct,-1,12.522076,6.102653
B,below_good,107,1299,3900,est,407,250000000000.0,1,correct,-1,-0.141557,9.771002
B,below_good,107,1300,3901,tau_echo,432,4500000000.0,,correct,-1,-11.663467,2.406777
B,below_good,107,1301,3902,est_offwin,524,900000.0,-1,correct,-1,7.067826,4.255859
B,below_good,107,1302,3903,est_offwin,556,50000.0,-1,correct,-1,7.376525,2.218287
B,below_good,107,1303,3904,est,580,45000000000.0,1,correct,-1,-9.507566,1.289631
B,below_good,107,1304,3905,est_offwin,644,800000.0,-1,correct,-1,2.779942,4.573207
B,below_good,107,1305,3906,est_offwin,676,50000.0,-1,correct,-1,5.462359,0.685519
B,below_good,107,1306,3907,est,700,40000000000.0,1,correct,-1,-17.839632,-7.006301
B,below_good,107,1307,3908,tau_echo,746,4500000000.0,,correct,-1,-4.931589,9.386465
B,below_good,107,1308,3909,est,784,4000000000.0,-1,correct,-1,-23.062332,-1.915233
B,below_good,107,1309,3910,final,784,4000000000.0,,correct,-1,-23.062332,-1.915233
B,below_good,107,1310,3911,final_corrected,784,4000000000.0,,correct,-1,-23.062332,-1.915233
B,below_good,108,1311,3912,end_of_prompt,196,,,correct,-1,4.677787,5.217660
B,below_good,108,1312,3913,est_offwin,325,1500000.0,-1,correct,-1,11.104868,12.995390
B,below_good,108,1313,3914,est_offwin,406,50000.0,-1,correct,-1,7.089025,5.950951
B,below_good,108,1314,3915,est_offwin,453,1500000.0,-1,correct,-1,20.564968,19.209639
B,below_good,108,1315,3916,est_offwin,470,50000.0,-1,correct,-1,12.629549,6.996279
B,below_good,108,1316,3917,est_offwin,482,1500000.0,-1,correct,-1,14.158257,8.572641
B,below_good,108,1317,3918,est,498,75000000000.0,1,correct,-1,1.152717,9.878494
B,below_good,108,1318,3919,tau_echo,518,4500000000.0,,correct,-1,-13.482176,2.655851
B,below_good,108,1319,3920,est,554,75000000000.0,1,correct,-1,-1.147370,6.103035
B,below_good,108,1320,3921,final,560,75000000000.0,,correct,-1,7.012149,17.685661
B,below_good,108,1321,3922,final_corrected,560,75000000000.0,,correct,-1,7.012149,17.685661
B,below_good,108,1322,3923,belief,633,,,correct,-1,1.847619,2.282634
B,below_good,109,1323,3924,end_of_prompt,196,,,unclear,,4.608104,5.141998
B,below_good,109,1324,3925,est_offwin,279,5000000.0,-1,unclear,,17.273762,20.867916
B,below_good,109,1325,3926,est_offwin,376,50000.0,-1,unclear,,10.936324,10.217597
B,below_good,109,1326,3927,est_offwin,435,5000000.0,-1,unclear,,15.059378,10.806791
B,below_good,109,1327,3928,est_offwin,444,50000.0,-1,unclear,,12.054745,3.313207
B,below_good,109,1328,3929,est,471,250000000000.0,1,unclear,,2.372812,9.147696
B,below_good,109,1329,3930,tau_echo,491,4500000000.0,,unclear,,-10.890181,2.203084
B,below_good,109,1330,3931,est,511,250000000000.0,1,unclear,,0.111948,1.931777
B,below_good,109,1331,3932,final,537,250000000000.0,,unclear,,-4.781947,8.083984
B,below_good,109,1332,3933,final_corrected,537,250000000000.0,,unclear,,-4.781947,8.083984
B,below_good,110,1333,3934,end_of_prompt,196,,,correct,-1,4.701674,5.236566
B,below_good,110,1334,3935,est_offwin,320,75000.0,-1,correct,-1,9.014854,7.232708
B,below_good,110,1335,3936,est_offwin,357,2500000.0,-1,correct,-1,18.126650,20.865137
B,below_good,110,1336,3937,est_offwin,460,75000.0,-1,correct,-1,10.830395,4.012663
B,below_good,110,1337,3938,est,486,187500000000.0,1,correct,-1,2.713253,10.530874
B,below_good,110,1338,3939,tau_echo,511,4500000000.0,,correct,-1,-12.813804,0.125080
B,below_good,110,1339,3940,est_offwin,611,50000.0,-1,correct,-1,4.227505,3.635595
B,below_good,110,1340,3941,est_offwin,634,2500000.0,-1,correct,-1,9.094234,7.727941
B,below_good,110,1341,3942,est_offwin,643,50000.0,-1,correct,-1,8.198849,1.082222
B,below_good,110,1342,3943,est,669,125000000000.0,1,correct,-1,-11.608927,-3.862378
B,below_good,110,1343,3944,est_offwin,706,2500000.0,-1,correct,-1,8.202224,7.068968
B,below_good,110,1344,3945,est_offwin,715,20000.0,-1,correct,-1,-0.384238,-0.468968
B,below_good,110,1345,3946,est,740,50000000000.0,1,correct,-1,-15.458926,-7.241436
B,below_good,110,1346,3947,tau_echo,766,4500000000.0,,correct,-1,-14.105988,-3.611906
B,below_good,110,1347,3948,est_offwin,797,1000000.0,-1,correct,-1,11.071087,13.005063
B,below_good,110,1348,3949,est_offwin,807,4500.0,-1,correct,-1,1.684229,6.691725
B,below_good,110,1349,3950,est_offwin,832,1000000.0,-1,correct,-1,11.490044,4.610873
B,below_good,110,1350,3951,est_offwin,840,4500.0,-1,correct,-1,3.153936,4.593374
B,below_good,110,1351,3952,tau_echo,855,4500000000.0,,correct,-1,-12.345356,1.551393
B,below_good,110,1352,3953,final,899,4500000000.0,,correct,-1,-11.261392,4.731553
B,below_good,110,1353,3954,final_corrected,840,4500.0,,correct,-1,3.153936,4.593374
B,below_good,111,1354,3955,end_of_prompt,196,,,correct,-1,4.677787,5.217660
B,below_good,111,1355,3956,est_offwin,264,1500000.0,-1,correct,-1,20.224716,19.531631
B,below_good,111,1356,3957,est_offwin,331,50000.0,-1,correct,-1,15.004837,11.380964
B,below_good,111,1357,3958,est_offwin,364,1500000.0,-1,correct,-1,20.439516,22.008036
B,below_good,111,1358,3959,est_offwin,379,50000.0,-1,correct,-1,12.520426,7.302521
B,below_good,111,1359,3960,est_offwin,396,1500000.0,-1,correct,-1,12.938095,11.134318
B,below_good,111,1360,3961,est_offwin,404,50000.0,-1,correct,-1,11.491733,4.039190
B,below_good,111,1361,3962,est,420,75000000000.0,1,correct,-1,1.560164,10.755905
B,below_good,111,1362,3963,tau_echo,442,4500000000.0,,correct,-1,-13.717190,1.006823
B,below_good,111,1363,3964,est_offwin,501,10000.0,-1,correct,-1,2.450515,2.372092
B,below_good,111,1364,3965,est_offwin,554,1500000.0,-1,correct,-1,10.572246,6.925991
B,below_good,111,1365,3966,est_offwin,562,10000.0,-1,correct,-1,8.060400,2.236219
B,below_good,111,1366,3967,est,578,15000000000.0,1,correct,-1,-13.951221,0.166285
B,below_good,111,1367,3968,tau_echo,603,4500000000.0,,correct,-1,-15.544189,-4.304442
B,below_good,111,1368,3969,est,664,3000000000.0,-1,correct,-1,-19.262220,2.379674
B,below_good,111,1369,3970,final,664,3000000000.0,,correct,-1,-19.262220,2.379674
B,below_good,111,1370,3971,final_corrected,664,3000000000.0,,correct,-1,-19.262220,2.379674
B,below_good,112,1371,3972,end_of_prompt,196,,,incorrect,1,4.608104,5.141998
B,below_good,112,1372,3973,est_offwin,373,2000.0,-1,incorrect,1,7.201233,14.851187
B,below_good,112,1373,3974,est_offwin,382,10000.0,-1,incorrect,1,9.648483,10.723243
B,below_good,112,1374,3975,est_offwin,420,6000.0,-1,incorrect,1,5.720731,11.224774
B,below_good,112,1375,3976,est_offwin,468,8000000.0,-1,incorrect,1,18.200531,20.227562
B,below_good,112,1376,3977,est_offwin,487,6000.0,-1,incorrect,1,7.896606,9.639145
B,below_good,112,1377,3978,est_offwin,503,8000000.0,-1,incorrect,1,13.573963,8.916010
B,below_good,112,1378,3979,est_offwin,513,6000.0,-1,incorrect,1,8.427202,8.612976
B,below_good,112,1379,3980,est_offwin,528,8000000.0,-1,incorrect,1,14.436707,10.186297
B,below_good,112,1380,3981,est,547,48000000000.0,1,incorrect,1,-0.810630,12.793406
B,below_good,112,1381,3982,tau_echo,608,4500000000.0,,incorrect,1,-13.891204,0.173317
B,below_good,112,1382,3983,final,608,4500000000.0,,incorrect,1,-13.891204,0.173317
B,below_good,112,1383,3984,final_corrected,585,48000000000.0,,incorrect,1,-3.445130,9.234674
B,below_good,112,1384,3985,belief,614,,,incorrect,1,3.758716,4.910517
B,below_good,113,1385,3986,end_of_prompt,196,,,correct,-1,4.625836,5.178909
B,below_good,113,1386,3987,est_offwin,287,25000000.0,-1,correct,-1,24.245897,22.495733
B,below_good,113,1387,3988,est_offwin,370,65000.0,-1,correct,-1,8.565893,7.907924
B,below_good,113,1388,3989,est_offwin,398,25000000.0,-1,correct,-1,22.220718,21.691576
B,below_good,113,1389,3990,est_offwin,413,65000.0,-1,correct,-1,11.530848,6.653263
B,below_good,113,1390,3991,est_offwin,438,25000000.0,-1,correct,-1,13.335539,10.594865
B,below_good,113,1391,3992,est_offwin,446,65000.0,-1,correct,-1,11.097516,3.893177
B,below_good,113,1392,3993,est_offwin,467,1625000000000.0,1,correct,-1,0.974655,5.534426
B,below_good,113,1393,3994,tau_echo,502,4500000000.0,,correct,-1,-12.946998,-0.261980
B,below_good,113,1394,3995,est_offwin,553,20000000.0,-1,correct,-1,7.007398,12.496044
B,below_good,113,1395,3996,est_offwin,568,50000.0,-1,correct,-1,3.355551,1.175217
B,below_good,113,1396,3997,est_offwin,585,20000000.0,-1,correct,-1,9.152618,7.880872
B,below_good,113,1397,3998,est_offwin,593,50000.0,-1,correct,-1,7.844850,1.698553
B,below_good,113,1398,3999,est,608,1000000000.0,-1,correct,-1,-8.028409,-2.247501
B,below_good,113,1399,4000,est_offwin,634,5000000.0,-1,correct,-1,7.048570,12.008905
B,below_good,113,1400,4001,est_offwin,646,50000.0,-1,correct,-1,4.616526,1.363976
B,below_good,113,1401,4002,est_offwin,663,5000000.0,-1,correct,-1,5.687777,4.311930
B,below_good,113,1402,4003,est_offwin,671,50000.0,-1,correct,-1,5.413411,-0.532223
B,below_good,113,1403,4004,est,684,250000000.0,-1,correct,-1,-0.967620,0.182371
B,below_good,113,1404,4005,est,713,200000000.0,-1,correct,-1,-2.851431,5.843744
B,below_good,113,1405,4006,tau_echo,742,4500000000.0,,correct,-1,-11.299870,-0.974672
B,below_good,113,1406,4007,final,742,4500000000.0,,correct,-1,-11.299870,-0.974672
B,below_good,113,1407,4008,final_corrected,713,200000000.0,,correct,-1,-2.851431,5.843744
B,below_good,114,1408,4009,end_of_prompt,196,,,unclear,,4.648891,5.194833
B,below_good,114,1409,4010,est_offwin,297,625000.0,-1,unclear,,11.279964,8.174577
B,below_good,114,1410,4011,est_offwin,337,200000.0,-1,unclear,,12.956431,11.894495
B,below_good,114,1411,4012,est_offwin,363,150000.0,-1,unclear,,3.191489,4.500142
B,below_good,114,1412,4013,est_offwin,410,625000.0,-1,unclear,,11.973238,9.652328
B,below_good,114,1413,4014,est_offwin,420,150000.0,-1,unclear,,11.702103,5.147780
B,below_good,114,1414,4015,est,447,93750000000.0,1,unclear,,3.692345,11.009464
B,below_good,114,1415,4016,tau_echo,470,4500000000.0,,unclear,,-11.430673,1.189868
B,below_good,114,1416,4017,est,507,93750000000.0,1,unclear,,-0.373617,9.322556
B,below_good,114,1417,4018,final,507,93750000000.0,,unclear,,-0.373617,9.322556
B,below_good,114,1418,4019,final_corrected,507,93750000000.0,,unclear,,-0.373617,9.322556
B,below_good,115,1419,4020,end_of_prompt,196,,,correct,-1,4.648891,5.194833
B,below_good,115,1420,4021,est_offwin,249,25000000.0,-1,correct,-1,25.720282,24.970905
B,below_good,115,1421,4022,est_offwin,378,2000.0,-1,correct,-1,0.724608,8.132006
B,below_good,115,1422,4023,est_offwin,447,25000000.0,-1,correct,-1,13.698189,10.186692
B,below_good,115,1423,4024,est_offwin,455,2000.0,-1,correct,-1,4.767225,7.377542
B,below_good,115,1424,4025,est,480,50000000000.0,1,correct,-1,1.979173,10.588442
B,below_good,115,1425,4026,tau_echo,500,4500000000.0,,correct,-1,-12.989666,0.315837
B,below_good,115,1426,4027,est,519,50000000000.0,1,correct,-1,0.214321,2.196628
B,below_good,115,1427,4028,final,519,50000000000.0,,correct,-1,0.214321,2.196628
B,below_good,115,1428,4029,final_corrected,519,50000000000.0,,correct,-1,0.214321,2.196628
B,below_good,115,1429,4030,belief,544,,,correct,-1,0.811373,1.495616
B,below_good,116,1430,4031,end_of_prompt,196,,,correct,-1,4.648891,5.194833
B,below_good,116,1431,4032,est_offwin,261,2500000.0,-1,correct,-1,18.876690,19.972340
B,below_good,116,1432,4033,est_offwin,294,5000.0,-1,correct,-1,11.104909,15.215115
B,below_good,116,1433,4034,est,390,12500000000.0,1,correct,-1,-0.308841,18.058910
B,below_good,116,1434,4035,tau_echo,417,4500000000.0,,correct,-1,-15.991079,-0.957915
B,below_good,116,1435,4036,est,441,12500000000.0,1,correct,-1,-1.295468,9.187647
B,below_good,116,1436,4037,final,475,12500000000.0,,correct,-1,-3.768584,12.533337
B,below_good,116,1437,4038,final_corrected,475,12500000000.0,,correct,-1,-3.768584,12.533337
B,below_good,116,1438,4039,belief,499,,,correct,-1,0.974471,0.547010
B,below_good,117,1439,4040,end_of_prompt,196,,,correct,-1,4.608104,5.141998
B,below_good,117,1440,4041,est_offwin,333,470000.0,-1,correct,-1,10.263765,7.602422
B,below_good,117,1441,4042,est_offwin,408,2000.0,-1,correct,-1,7.003587,15.271405
B,below_good,117,1442,4043,est_offwin,429,470000.0,-1,correct,-1,13.793559,10.957054
B,below_good,117,1443,4044,est_offwin,443,2000.0,-1,correct,-1,5.925198,9.533579
B,below_good,117,1444,4045,tau_echo,586,4500000000.0,,correct,-1,-7.091683,4.501978
B,below_good,117,1445,4046,final,586,4500000000.0,,correct,-1,-7.091683,4.501978
B,below_good,117,1446,4047,final_corrected,562,0.0,,correct,-1,5.309381,11.024153
B,below_good,117,1447,4048,belief,598,,,correct,-1,0.812920,1.361315
B,below_good,118,1448,4049,end_of_prompt,196,,,correct,-1,4.655776,5.188711
B,below_good,118,1449,4050,est_offwin,313,377500.0,-1,correct,-1,11.617102,10.615302
B,below_good,118,1450,4051,est_offwin,454,2000.0,-1,correct,-1,2.941857,12.868252
B,below_good,118,1451,4052,est_offwin,511,377500.0,-1,correct,-1,14.135883,11.393463
B,below_good,118,1452,4053,est,540,755000000.0,-1,correct,-1,11.521786,11.770175
B,below_good,118,1453,4054,tau_echo,606,4500000000.0,,correct,-1,-6.550454,6.692695
B,below_good,118,1454,4055,final,644,4500000000.0,,correct,-1,-8.230499,-1.056582
B,below_good,118,1455,4056,final_corrected,587,755000000.0,,correct,-1,7.645357,14.710030
B,below_good,118,1456,4057,belief,623,,,correct,-1,0.709738,2.179147
B,below_good,119,1457,4058,end_of_prompt,196,,,unclear,,4.608104,5.141998
B,below_good,119,1458,4059,est_offwin,308,500000.0,-1,unclear,,14.625826,10.466180
B,below_good,119,1459,4060,est_offwin,460,2000.0,-1,unclear,,2.861593,8.234731
B,below_good,119,1460,4061,est,493,1000000000.0,-1,unclear,,3.210364,10.645098
B,below_good,119,1461,4062,tau_echo,519,4500000000.0,,unclear,,-8.761746,5.211658
B,below_good,119,1462,4063,est,545,1000000000.0,-1,unclear,,-2.369126,8.765582
B,below_good,119,1463,4064,final,545,1000000000.0,,unclear,,-2.369126,8.765582
B,below_good,119,1464,4065,final_corrected,545,1000000000.0,,unclear,,-2.369126,8.765582
B,below_good,120,1465,4066,end_of_prompt,196,,,correct,-1,4.669802,5.228902
B,below_good,120,1466,4067,est_offwin,415,3750000.0,-1,correct,-1,10.721685,16.136600
B,below_good,120,1467,4068,est_offwin,448,13500.0,-1,correct,-1,5.869916,8.274492
B,below_good,120,1468,4069,est,474,50625000000.0,1,correct,-1,0.658426,16.454576
B,below_good,120,1469,4070,tau_echo,499,4500000000.0,,correct,-1,-16.085340,0.817429
B,below_good,120,1470,4071,est_offwin,565,3750000.0,-1,correct,-1,5.774254,6.776016
B,below_good,120,1471,4072,est_offwin,581,12000.0,-1,correct,-1,1.710046,3.791347
B,below_good,120,1472,4073,est,605,45000000000.0,1,correct,-1,-13.535942,0.243193
B,below_good,120,1473,4074,tau_echo,630,4500000000.0,,correct,-1,-14.596398,-1.731496
B,below_good,120,1474,4075,est_offwin,671,3200000.0,-1,correct,-1,-0.031286,5.844324
B,below_good,120,1475,4076,est_offwin,687,12000.0,-1,correct,-1,3.285499,6.941157
B,below_good,120,1476,4077,est_offwin,703,3200000.0,-1,correct,-1,10.321208,11.378279
B,below_good,120,1477,4078,est_offwin,719,12000.0,-1,correct,-1,5.069242,5.596060
B,below_good,120,1478,4079,est,743,38400000000.0,1,correct,-1,-17.437723,-1.388588
B,below_good,120,1479,4080,final,782,38400000000.0,,correct,-1,-8.678415,9.281336
B,below_good,120,1480,4081,final_corrected,782,38400000000.0,,correct,-1,-8.678415,9.281336
B,below_good,121,1481,4082,end_of_prompt,196,,,correct,-1,4.625836,5.178909
B,below_good,121,1482,4083,est_offwin,290,25000000.0,-1,correct,-1,24.716431,23.371309
B,below_good,121,1483,4084,est_offwin,336,2000.0,-1,correct,-1,4.348270,14.032069
B,below_good,121,1484,4085,est_offwin,397,25000000.0,-1,correct,-1,14.959764,11.457093
B,below_good,121,1485,4086,est_offwin,404,2000.0,-1,correct,-1,5.345277,7.805167
B,below_good,121,1486,4087,est,420,50000000000.0,1,correct,-1,0.205053,10.360785
B,below_good,121,1487,4088,tau_echo,447,4500000000.0,,correct,-1,-13.780318,-0.914592
B,below_good,121,1488,4089,est_offwin,487,1000.0,-1,correct,-1,-2.280481,1.481774
B,below_good,121,1489,4090,est_offwin,509,25000000.0,-1,correct,-1,9.541531,7.051210
B,below_good,121,1490,4091,est_offwin,516,1000.0,-1,correct,-1,3.383040,2.273140
B,below_good,121,1491,4092,est,532,25000000000.0,1,correct,-1,-13.593800,0.062302
B,below_good,121,1492,4093,est_offwin,578,25000000.0,-1,correct,-1,6.788451,3.411116
B,below_good,121,1493,4094,est,600,22500000000.0,1,correct,-1,-19.192799,-5.902700
B,below_good,121,1494,4095,tau_echo,624,4500000000.0,,correct,-1,-13.877498,-3.644778
B,below_good,121,1495,4096,est,676,4000000000.0,-1,correct,-1,-21.989088,-0.493516
B,below_good,121,1496,4097,final,676,4000000000.0,,correct,-1,-21.989088,-0.493516
B,below_good,121,1497,4098,final_corrected,676,4000000000.0,,correct,-1,-21.989088,-0.493516
B,below_good,122,1498,4099,end_of_prompt,196,,,correct,-1,4.625836,5.178909
B,below_good,122,1499,4100,est_offwin,353,2500.0,-1,correct,-1,6.315742,16.800100
B,below_good,122,1500,4101,est_offwin,369,5000.0,-1,correct,-1,7.239452,12.131139
B,below_good,122,1501,4102,est_offwin,385,7000.0,-1,correct,-1,4.602475,8.675646
B,below_good,122,1502,4103,est_offwin,397,8000.0,-1,correct,-1,2.068858,3.989842
B,below_good,122,1503,4104,est_offwin,438,100000.0,-1,correct,-1,15.701688,7.391759
B,below_good,122,1504,4105,est_offwin,453,50000.0,-1,correct,-1,4.092571,-1.110178
B,below_good,122,1505,4106,est_offwin,468,10000.0,-1,correct,-1,2.708729,-1.249374
B,below_good,122,1506,4107,est_offwin,491,2500.0,-1,correct,-1,6.878392,13.492737
B,below_good,122,1507,4108,est_offwin,501,100000.0,-1,correct,-1,15.775990,8.217777
B,below_good,122,1508,4109,est,514,250000000.0,-1,correct,-1,11.491079,8.885930
B,below_good,122,1509,4110,est_offwin,528,5000.0,-1,correct,-1,5.790078,6.367069
B,below_good,122,1510,4111,est_offwin,537,50000.0,-1,correct,-1,7.536666,-0.831508
B,below_good,122,1511,4112,est,550,250000000.0,-1,correct,-1,4.458289,2.502528
B,below_good,122,1512,4113,est_offwin,564,7000.0,-1,correct,-1,1.114632,3.081651
B,below_good,122,1513,4114,est_offwin,573,10000.0,-1,correct,-1,5.805157,-0.138594
B,below_good,122,1514,4115,est,585,70000000.0,-1,correct,-1,4.015494,-2.292820
B,below_good,122,1515,4116,est,610,250000000.0,-1,correct,-1,9.118801,7.617361
B,below_good,122,1516,4117,est,635,70000000.0,-1,correct,-1,5.544310,-4.926173
B,below_good,122,1517,4118,est,648,570000000.0,-1,correct,-1,3.559258,6.381918
B,below_good,122,1518,4119,tau_echo,717,4500000000.0,,correct,-1,-8.033189,2.908613
B,below_good,122,1519,4120,final,717,4500000000.0,,correct,-1,-8.033189,2.908613
B,below_good,122,1520,4121,final_corrected,693,570000000.0,,correct,-1,7.486256,13.310986
B,below_good,122,1521,4122,belief,728,,,correct,-1,0.648165,1.658458
B,below_good,123,1522,4123,end_of_prompt,196,,,correct,-1,4.648891,5.194833
B,below_good,123,1523,4124,est_offwin,321,6500.0,-1,correct,-1,3.258435,9.462996
B,below_good,123,1524,4125,est_offwin,355,250000.0,-1,correct,-1,14.537281,9.940899
B,below_good,123,1525,4126,est_offwin,383,6500.0,-1,correct,-1,9.484157,11.711228
B,below_good,123,1526,4127,est_offwin,401,250000.0,-1,correct,-1,16.491501,12.374481
B,below_good,123,1527,4128,est,423,1625000000.0,-1,correct,-1,0.127463,13.174662
B,below_good,123,1528,4129,tau_echo,448,4500000000.0,,correct,-1,-7.744826,6.738378
B,below_good,123,1529,4130,est,486,1625000000.0,-1,correct,-1,-0.034334,11.907391
B,below_good,123,1530,4131,final,486,1625000000.0,,correct,-1,-0.034334,11.907391
B,below_good,123,1531,4132,final_corrected,486,1625000000.0,,correct,-1,-0.034334,11.907391
B,below_good,124,1532,4133,end_of_prompt,196,,,correct,-1,4.608104,5.141998
B,below_good,124,1533,4134,est_offwin,314,25000000.0,-1,correct,-1,23.324011,20.774754
B,below_good,124,1534,4135,est_offwin,392,2500.0,-1,correct,-1,6.924088,16.281178
B,below_good,124,1535,4136,est_offwin,501,25000000.0,-1,correct,-1,13.854475,10.283779
B,below_good,124,1536,4137,est_offwin,509,2500.0,-1,correct,-1,5.849179,7.970798
B,below_good,124,1537,4138,est,535,62500000000.0,1,correct,-1,0.872918,13.254327
B,below_good,124,1538,4139,tau_echo,591,4500000000.0,,correct,-1,-12.367235,-0.142046
B,below_good,124,1539,4140,final,591,4500000000.0,,correct,-1,-12.367235,-0.142046
B,below_good,124,1540,4141,final_corrected,566,62500000000.0,,correct,-1,-2.396377,10.382273
B,below_good,125,1541,4142,end_of_prompt,196,,,correct,-1,4.648891,5.194833
B,below_good,125,1542,4143,est_offwin,294,250000.0,-1,correct,-1,16.156300,9.082573
B,below_good,125,1543,4144,est_offwin,394,1000.0,-1,correct,-1,3.515547,6.762362
B,below_good,125,1544,4145,est_offwin,413,250000.0,-1,correct,-1,16.762476,15.217295
B,below_good,125,1545,4146,est_offwin,423,1000.0,-1,correct,-1,8.633550,8.872726
B,below_good,125,1546,4147,est,440,250000000.0,-1,correct,-1,11.454043,12.174419
B,below_good,125,1547,4148,tau_echo,460,4500000000.0,,correct,-1,-5.888991,9.410126
B,below_good,125,1548,4149,est,476,250000000.0,-1,correct,-1,8.184998,7.756928
B,below_good,125,1549,4150,final,513,250000000.0,,correct,-1,3.028776,11.206717
B,below_good,125,1550,4151,final_corrected,513,250000000.0,,correct,-1,3.028776,11.206717
B,below_good,125,1551,4152,belief,495,,,correct,-1,-0.413824,1.553644
B,below_good,126,1552,4153,end_of_prompt,196,,,unclear,,4.648891,5.194833
B,below_good,126,1553,4154,est_offwin,322,8000000.0,-1,unclear,,24.090036,22.131126
B,below_good,126,1554,4155,est_offwin,390,7000.0,-1,unclear,,5.231379,10.989520
B,below_good,126,1555,4156,est_offwin,428,8000000.0,-1,unclear,,15.013190,10.562927
B,below_good,126,1556,4157,est_offwin,445,7000.0,-1,unclear,,6.537481,7.007616
B,below_good,126,1557,4158,est,471,56000000000.0,1,unclear,,0.232356,13.459159
B,below_good,126,1558,4159,tau_echo,498,4500000000.0,,unclear,,-14.315158,0.869149
B,below_good,126,1559,4160,est,517,56000000000.0,1,unclear,,-0.635677,3.965051
B,below_good,126,1560,4161,final,550,56000000000.0,,unclear,,-3.931736,11.753428
B,below_good,126,1561,4162,final_corrected,550,56000000000.0,,unclear,,-3.931736,11.753428
B,below_good,127,1562,4163,end_of_prompt,196,,,correct,-1,4.625836,5.178909
B,below_good,127,1563,4164,est_offwin,500,450000.0,-1,correct,-1,11.319731,9.577549
B,below_good,127,1564,4165,est_offwin,554,3000000.0,-1,correct,-1,8.195785,4.500265
B,below_good,127,1565,4166,est_offwin,614,450000.0,-1,correct,-1,14.154537,10.892723
B,below_good,127,1566,4167,est,633,405000000.0,-1,correct,-1,8.824839,8.540758
B,below_good,127,1567,4168,tau_echo,698,4500000000.0,,correct,-1,-7.691062,4.746906
B,below_good,127,1568,4169,final,698,4500000000.0,,correct,-1,-7.691062,4.746906
B,below_good,127,1569,4170,final_corrected,674,405000000.0,,correct,-1,7.078540,13.116679
B,below_good,127,1570,4171,belief,715,,,correct,-1,0.503284,2.364080
B,below_good,128,1571,4172,end_of_prompt,196,,,correct,-1,4.648891,5.194833
B,below_good,128,1572,4173,est_offwin,292,2500000.0,-1,correct,-1,12.529673,15.298810
B,below_good,128,1573,4174,est_offwin,343,50000.0,-1,correct,-1,14.515596,10.102821
B,below_good,128,1574,4175,est_offwin,405,2500000.0,-1,correct,-1,13.252028,11.893166
B,below_good,128,1575,4176,est_offwin,414,50000.0,-1,correct,-1,12.269718,3.929578
B,below_good,128,1576,4177,est,431,125000000000.0,1,correct,-1,1.715770,9.283822
B,below_good,128,1577,4178,tau_echo,489,4500000000.0,,correct,-1,0.538832,15.280450
B,below_good,128,1578,4179,final,489,4500000000.0,,correct,-1,0.538832,15.280450
B,below_good,128,1579,4180,final_corrected,477,125000000000.0,,correct,-1,8.853599,19.337357
B,below_good,128,1580,4181,belief,513,,,correct,-1,0.922918,1.075119
B,below_good,129,1581,4182,end_of_prompt,196,,,correct,-1,4.625836,5.178909
B,below_good,129,1582,4183,est_offwin,262,25000000.0,-1,correct,-1,25.760624,24.089924
B,below_good,129,1583,4184,est_offwin,371,5000.0,-1,correct,-1,3.904271,11.080418
B,below_good,129,1584,4185,est_offwin,406,25000000.0,-1,correct,-1,15.930281,13.698311
B,below_good,129,1585,4186,est_offwin,420,5000.0,-1,correct,-1,9.976986,11.757074
B,below_good,129,1586,4187,est,445,125000000000.0,1,correct,-1,3.087842,11.294359
B,below_good,129,1587,4188,tau_echo,488,4500000000.0,,correct,-1,-12.097614,1.465223
B,below_good,129,1588,4189,est_offwin,516,1800.0,-1,correct,-1,-3.868098,6.611876
B,below_good,129,1589,4190,est_offwin,540,25000000.0,-1,correct,-1,10.609878,8.103015
B,below_good,129,1590,4191,est_offwin,554,1800.0,-1,correct,-1,3.653112,9.861094
B,below_good,129,1591,4192,est,578,45000000000.0,1,correct,-1,-14.549130,-3.701617
B,below_good,129,1592,4193,est_offwin,624,25000000.0,-1,correct,-1,8.097433,6.860807
B,below_good,129,1593,4194,est_offwin,631,1700.0,-1,correct,-1,-4.641273,4.330262
B,below_good,129,1594,4195,est,647,42500000000.0,1,correct,-1,-21.813496,-6.711844
B,below_good,129,1595,4196,est,687,43000000000.0,1,correct,-1,-13.386417,2.608669
B,below_good,129,1596,4197,tau_echo,713,4500000000.0,,correct,-1,-12.781658,-4.078617
B,below_good,129,1597,4198,final,713,4500000000.0,,correct,-1,-12.781658,-4.078617
B,below_good,129,1598,4199,final_corrected,687,43000000000.0,,correct,-1,-13.386417,2.608669
B,below_good,130,1599,4200,end_of_prompt,196,,,correct,-1,4.655776,5.188711
B,below_good,130,1600,4201,est_offwin,402,1250.0,-1,correct,-1,9.307766,15.428200
B,below_good,130,1601,4202,est_offwin,466,3000000.0,-1,correct,-1,9.773411,14.567382
B,below_good,130,1602,4203,est_offwin,482,1750.0,-1,correct,-1,2.078958,9.724066
B,below_good,130,1603,4204,est_offwin,512,3000000.0,-1,correct,-1,10.644058,10.985405
B,below_good,130,1604,4205,est_offwin,527,1750.0,-1,correct,-1,6.241723,11.380032
B,below_good,130,1605,4206,est,550,5250000000.0,1,correct,-1,-3.738803,17.092775
B,below_good,130,1606,4207,tau_echo,603,4500000000.0,,correct,-1,-16.337559,-3.370341
B,below_good,130,1607,4208,final,603,4500000000.0,,correct,-1,-16.337559,-3.370341
B,below_good,130,1608,4209,final_corrected,581,5250000000.0,,correct,-1,-5.185587,16.670645
B,below_good,130,1609,4210,belief,621,,,correct,-1,1.474087,1.338200
B,below_good,131,1610,4211,end_of_prompt,196,,,unclear,,4.608104,5.141998
B,below_good,131,1611,4212,est_offwin,316,300000.0,-1,unclear,,14.185733,6.351751
B,below_good,131,1612,4213,est_offwin,386,75000.0,-1,unclear,,7.907288,6.306977
B,below_good,131,1613,4214,est_offwin,452,300000.0,-1,unclear,,13.676998,9.310083
B,below_good,131,1614,4215,est_offwin,461,75000.0,-1,unclear,,11.035918,4.100894
B,below_good,131,1615,4216,est,477,22500000000.0,1,unclear,,-0.814745,14.084513
B,below_good,131,1616,4217,tau_echo,497,4500000000.0,,unclear,,-13.642834,0.057891
B,below_good,131,1617,4218,est,516,22500000000.0,1,unclear,,0.903155,5.851093
B,below_good,131,1618,4219,final,548,22500000000.0,,unclear,,-4.149654,8.047507
B,below_good,131,1619,4220,final_corrected,548,22500000000.0,,unclear,,-4.149654,8.047507
B,below_good,132,1620,4221,end_of_prompt,196,,,correct,-1,4.648891,5.194833
B,below_good,132,1621,4222,est_offwin,300,250000.0,-1,correct,-1,14.872736,10.936438
B,below_good,132,1622,4223,est,398,125000000.0,-1,correct,-1,17.081402,11.532630
B,below_good,132,1623,4224,tau_echo,506,4500000000.0,,correct,-1,-7.586098,4.856318
B,below_good,132,1624,4225,final,506,4500000000.0,,correct,-1,-7.586098,4.856318
B,below_good,132,1625,4226,final_corrected,478,125000000.0,,correct,-1,11.947332,14.465217
B,below_good,132,1626,4227,belief,519,,,correct,-1,0.339400,1.208456
B,below_good,133,1627,4228,end_of_prompt,196,,,correct,-1,4.648891,5.194833
B,below_good,133,1628,4229,est_offwin,277,250000.0,-1,correct,-1,15.072841,10.243465
B,below_good,133,1629,4230,est_offwin,385,3500.0,-1,correct,-1,-0.776248,7.752256
B,below_good,133,1630,4231,est_offwin,452,250000.0,-1,correct,-1,15.362129,11.468952
B,below_good,133,1631,4232,est_offwin,460,3500.0,-1,correct,-1,7.332301,7.327247
B,below_good,133,1632,4233,est,484,875000000.0,-1,correct,-1,9.998770,11.209950
B,below_good,133,1633,4234,tau_echo,531,4500000000.0,,correct,-1,-7.976314,4.970859
B,below_good,133,1634,4235,final,531,4500000000.0,,correct,-1,-7.976314,4.970859
B,below_good,133,1635,4236,final_corrected,506,875000000.0,,correct,-1,5.347778,14.391506
B,below_good,133,1636,4237,belief,545,,,correct,-1,0.120568,1.384048
B,below_good,134,1637,4238,end_of_prompt,196,,,correct,-1,4.608104,5.141998
B,below_good,134,1638,4239,est_offwin,257,25000000.0,-1,correct,-1,25.497295,24.408178
B,below_good,134,1639,4240,est_offwin,379,5000.0,-1,correct,-1,10.375021,14.681968
B,below_good,134,1640,4241,est_offwin,429,25000000.0,-1,correct,-1,13.805317,11.945650
B,below_good,134,1641,4242,est_offwin,445,5000.0,-1,correct,-1,9.152323,10.020655
B,below_good,134,1642,4243,est_offwin,475,25000000.0,-1,correct,-1,15.094044,13.305129
B,below_good,134,1643,4244,est_offwin,490,5000.0,-1,correct,-1,8.803654,10.437995
B,below_good,134,1644,4245,est,517,125000000000.0,1,correct,-1,1.365095,9.946301
B,below_good,134,1645,4246,tau_echo,573,4500000000.0,,correct,-1,-12.329728,1.014640
B,below_good,134,1646,4247,final,573,4500000000.0,,correct,-1,-12.329728,1.014640
B,below_good,134,1647,4248,final_corrected,548,125000000000.0,,correct,-1,-1.860287,9.655502
B,below_good,134,1648,4249,belief,582,,,correct,-1,3.596220,3.183068
B,below_good,135,1649,4250,end_of_prompt,196,,,unclear,,4.608104,5.141998
B,below_good,135,1650,4251,est_offwin,425,2500.0,-1,unclear,,-0.334044,14.611176
B,below_good,135,1651,4252,est_offwin,444,4500000.0,-1,unclear,,16.627163,17.368153
B,below_good,135,1652,4253,est_offwin,468,2500.0,-1,unclear,,8.797250,16.150026
B,below_good,135,1653,4254,tau_echo,501,4500000000.0,,unclear,,-4.582345,11.234419
B,below_good,135,1654,4255,est,535,10000000000.0,1,unclear,,-7.888032,4.009805
B,below_good,135,1655,4256,final,535,10000000000.0,,unclear,,-7.888032,4.009805
B,below_good,135,1656,4257,final_corrected,535,10000000000.0,,unclear,,-7.888032,4.009805
B,below_good,136,1657,4258,end_of_prompt,196,,,correct,-1,4.669802,5.228902
B,below_good,136,1658,4259,est_offwin,476,15000.0,-1,correct,-1,9.039680,14.414251
B,below_good,136,1659,4260,est_offwin,485,25000000.0,-1,correct,-1,21.552597,24.537867
B,below_good,136,1660,4261,est_offwin,496,15000.0,-1,correct,-1,12.109096,13.859909
B,below_good,136,1661,4262,est_offwin,505,25000000.0,-1,correct,-1,23.624119,23.656010
B,below_good,136,1662,4263,est,525,375000000000.0,1,correct,-1,-2.031955,11.745265
B,below_good,136,1663,4264,tau_echo,545,4500000000.0,,correct,-1,-11.293123,4.042844
B,below_good,136,1664,4265,est,562,375000000000.0,1,correct,-1,-0.519758,3.723423
B,below_good,136,1665,4266,tau_echo,579,4500000000.0,,correct,-1,-10.195765,1.529791
B,below_good,136,1666,4267,est_offwin,631,10000000.0,-1,correct,-1,6.275849,4.359917
B,below_good,136,1667,4268,est_offwin,648,4500.0,-1,correct,-1,-2.050202,4.161663
B,below_good,136,1668,4269,est_offwin,681,10000000.0,-1,correct,-1,13.658125,8.716113
B,below_good,136,1669,4270,est,700,45000000000.0,1,correct,-1,-9.755405,3.932934
B,below_good,136,1670,4271,est_offwin,721,1000000.0,-1,correct,-1,10.975195,16.197792
B,below_good,136,1671,4272,est_offwin,732,4500.0,-1,correct,-1,-0.550413,7.017184
B,below_good,136,1672,4273,est_offwin,754,1000000.0,-1,correct,-1,11.473058,4.076514
B,below_good,136,1673,4274,tau_echo,772,4500000000.0,,correct,-1,-16.681690,1.514276
B,below_good,136,1674,4275,final,817,4500000000.0,,correct,-1,-12.310124,9.475674
B,below_good,136,1675,4276,final_corrected,754,1000000.0,,correct,-1,11.473058,4.076514
B,below_good,136,1676,4277,belief,834,,,correct,-1,0.347708,1.973762
B,below_good,137,1677,4278,end_of_prompt,196,,,correct,-1,4.648891,5.194833
B,below_good,137,1678,4279,est_offwin,308,265000.0,-1,correct,-1,10.705475,9.595840
B,below_good,137,1679,4280,est_offwin,380,2000.0,-1,correct,-1,0.258842,9.664049
B,below_good,137,1680,4281,est_offwin,398,265000.0,-1,correct,-1,15.450991,14.030378
B,below_good,137,1681,4282,est_offwin,413,2000.0,-1,correct,-1,6.513790,12.183285
B,below_good,137,1682,4283,est,434,530000000.0,-1,correct,-1,10.175547,10.874053
B,below_good,137,1683,4284,tau_echo,496,4500000000.0,,correct,-1,-6.519252,7.540554
B,below_good,137,1684,4285,final,496,4500000000.0,,correct,-1,-6.519252,7.540554
B,below_good,137,1685,4286,final_corrected,475,530000000.0,,correct,-1,7.109651,13.458174
B,below_good,137,1686,4287,belief,518,,,correct,-1,-0.347591,1.242933
B,below_good,138,1687,4288,end_of_prompt,196,,,correct,-1,4.648891,5.194833
B,below_good,138,1688,4289,est_offwin,310,2000000.0,-1,correct,-1,15.315216,20.197975
B,below_good,138,1689,4290,est_offwin,400,2500.0,-1,correct,-1,3.001622,12.379951
B,below_good,138,1690,4291,est_offwin,465,2000000.0,-1,correct,-1,13.697023,10.631535
B,below_good,138,1691,4292,est_offwin,473,2500.0,-1,correct,-1,6.559752,7.741416
B,below_good,138,1692,4293,est,498,5000000000.0,1,correct,-1,-2.557817,13.994940
B,below_good,138,1693,4294,tau_echo,519,4500000000.0,,correct,-1,-18.326460,-4.197218
B,below_good,138,1694,4295,est,537,5000000000.0,1,correct,-1,1.054248,5.695690
B,below_good,138,1695,4296,final,564,5000000000.0,,correct,-1,-5.590153,11.368408
B,below_good,138,1696,4297,final_corrected,564,5000000000.0,,correct,-1,-5.590153,11.368408
B,below_good,139,1697,4298,end_of_prompt,196,,,correct,-1,4.677787,5.217660
B,below_good,139,1698,4299,est_offwin,252,25000000.0,-1,correct,-1,25.743443,24.909029
B,below_good,139,1699,4300,est_offwin,346,60000.0,-1,correct,-1,15.005537,12.873302
B,below_good,139,1700,4301,est_offwin,403,2500000.0,-1,correct,-1,12.359556,18.192657
B,below_good,139,1701,4302,est_offwin,439,60000.0,-1,correct,-1,11.900102,7.229725
B,below_good,139,1702,4303,est,464,150000000000.0,1,correct,-1,1.753650,11.179678
B,below_good,139,1703,4304,tau_echo,491,4500000000.0,,correct,-1,-13.393239,1.422071
B,below_good,139,1704,4305,est_offwin,555,30000.0,-1,correct,-1,-0.543201,0.712076
B,below_good,139,1705,4306,est,579,37500000000.0,1,correct,-1,-17.023352,-2.085674
B,below_good,139,1706,4307,tau_echo,640,4500000000.0,,correct,-1,-12.503788,-0.605573
B,below_good,139,1707,4308,final,640,4500000000.0,,correct,-1,-12.503788,-0.605573
B,below_good,139,1708,4309,final_corrected,606,37500000000.0,,correct,-1,-7.368221,10.176802
B,below_good,139,1709,4310,belief,503,,,correct,-1,1.731680,2.588019
B,below_good,140,1710,4311,end_of_prompt,196,,,correct,-1,4.626760,5.193031
B,below_good,140,1711,4312,est_offwin,452,4500.0,-1,correct,-1,1.546182,10.390594
B,below_good,140,1712,4313,est_offwin,501,2000000.0,-1,correct,-1,5.160819,13.937454
B,below_good,140,1713,4314,est_offwin,571,4500.0,-1,correct,-1,5.371891,6.483515
B,below_good,140,1714,4315,est,587,9000000000.0,1,correct,-1,-3.899557,12.291590
B,below_good,140,1715,4316,tau_echo,607,4500000000.0,,correct,-1,-15.137875,-0.105100
B,below_good,140,1716,4317,est,625,9000000000.0,1,correct,-1,-0.555252,5.841819
B,below_good,140,1717,4318,final,694,9000000000.0,,correct,-1,-4.340849,7.321608
B,below_good,140,1718,4319,final_corrected,694,9000000000.0,,correct,-1,-4.340849,7.321608
B,below_good,140,1719,4320,belief,654,,,correct,-1,0.677626,1.997040
B,below_good,141,1720,4321,end_of_prompt,196,,,correct,-1,4.608104,5.141998
B,below_good,141,1721,4322,est_offwin,303,600000.0,-1,correct,-1,10.417778,8.685234
B,below_good,141,1722,4323,est_offwin,437,6000.0,-1,correct,-1,11.173630,14.298854
B,below_good,141,1723,4324,est_offwin,464,600000.0,-1,correct,-1,14.066548,11.380552
B,below_good,141,1724,4325,est_offwin,505,6000.0,-1,correct,-1,11.042767,12.089684
B,below_good,141,1725,4326,est,528,3600000000.0,-1,correct,-1,-6.593637,13.540906
B,below_good,141,1726,4327,tau_echo,557,4500000000.0,,correct,-1,-9.384421,5.133528
B,below_good,141,1727,4328,est,576,3600000000.0,-1,correct,-1,-9.137788,10.873424
B,below_good,141,1728,4329,final,576,3600000000.0,,correct,-1,-9.137788,10.873424
B,below_good,141,1729,4330,final_corrected,576,3600000000.0,,correct,-1,-9.137788,10.873424
B,below_good,141,1730,4331,belief,609,,,correct,-1,0.137606,1.987603
B,below_good,142,1731,4332,end_of_prompt,196,,,correct,-1,4.608104,5.141998
B,below_good,142,1732,4333,est_offwin,292,100000.0,-1,correct,-1,17.008711,8.310952
B,below_good,142,1733,4334,est_offwin,308,2300000.0,-1,correct,-1,17.239294,23.352283
B,below_good,142,1734,4335,est_offwin,326,100000.0,-1,correct,-1,14.786818,5.722695
B,below_good,142,1735,4336,est_offwin,400,12000.0,-1,correct,-1,3.616795,7.449222
B,below_good,142,1736,4337,est_offwin,440,2300000.0,-1,correct,-1,12.079773,11.198883
B,below_good,142,1737,4338,est_offwin,448,12000.0,-1,correct,-1,8.246045,5.058840
B,below_good,142,1738,4339,est,464,27600000000.0,1,correct,-1,-2.937788,13.707989
B,below_good,142,1739,4340,tau_echo,483,4500000000.0,,correct,-1,-13.632811,0.232795
B,below_good,142,1740,4341,est,507,27600000000.0,1,correct,-1,-1.669182,3.853249
B,below_good,142,1741,4342,tau_echo,524,4500000000.0,,correct,-1,-8.261051,-2.542201
B,below_good,142,1742,4343,est,550,27600000000.0,1,correct,-1,-5.251920,12.509549
B,below_good,142,1743,4344,final,550,27600000000.0,,correct,-1,-5.251920,12.509549
B,below_good,142,1744,4345,final_corrected,550,27600000000.0,,correct,-1,-5.251920,12.509549
B,below_good,142,1745,4346,belief,568,,,correct,-1,1.220898,2.050199
B,below_good,143,1746,4347,end_of_prompt,196,,,correct,-1,4.677787,5.217660
B,below_good,143,1747,4348,tau_echo,266,4500000000.0,,correct,-1,-5.716561,5.977505
B,below_good,143,1748,4349,est,291,2900000000.0,-1,correct,-1,-11.222661,10.249773
B,below_good,143,1749,4350,est_offwin,450,10000.0,-1,correct,-1,12.403340,12.895522
B,below_good,143,1750,4351,est_offwin,469,1500000.0,-1,correct,-1,13.830748,17.367216
B,below_good,143,1751,4352,est_offwin,485,10000.0,-1,correct,-1,9.529362,6.972298
B,below_good,143,1752,4353,est_offwin,509,1500000.0,-1,correct,-1,13.768673,10.840086
B,below_good,143,1753,4354,est_offwin,525,10000.0,-1,correct,-1,9.998150,6.110726
B,below_good,143,1754,4355,est,549,15000000000.0,1,correct,-1,-1.317009,13.879680
B,below_good,143,1755,4356,est,625,2900000000.0,-1,correct,-1,-9.241371,10.542073
B,below_good,143,1756,4357,final,625,2900000000.0,,correct,-1,-9.241371,10.542073
B,below_good,143,1757,4358,final_corrected,625,2900000000.0,,correct,-1,-9.241371,10.542073
B,below_good,143,1758,4359,belief,674,,,correct,-1,1.114495,0.964867
B,below_good,144,1759,4360,end_of_prompt,196,,,correct,-1,4.648891,5.194833
B,below_good,144,1760,4361,est_offwin,499,48700.0,-1,correct,-1,10.267277,10.263166
B,below_good,144,1761,4362,est_offwin,523,3000000.0,-1,correct,-1,10.265926,20.159212
B,below_good,144,1762,4363,est_offwin,576,48700.0,-1,correct,-1,10.099636,5.737575
B,below_good,144,1763,4364,est,593,146100000000.0,1,correct,-1,3.913786,10.365762
B,below_good,144,1764,4365,tau_echo,614,4500000000.0,,correct,-1,3.433928,18.080959
B,below_good,144,1765,4366,est_offwin,633,1000000.0,-1,correct,-1,6.766859,9.793627
B,below_good,144,1766,4367,est_offwin,661,48700.0,-1,correct,-1,5.033998,0.624569
B,below_good,144,1767,4368,est,677,48700000000.0,1,correct,-1,-16.013599,-4.341616
B,below_good,144,1768,4369,est_offwin,704,1000000.0,-1,correct,-1,12.140137,15.079739
B,below_good,144,1769,4370,est_offwin,728,35000.0,-1,correct,-1,-0.189595,2.725382
B,below_good,144,1770,4371,est_offwin,751,1000000.0,-1,correct,-1,11.496311,5.731114
B,below_good,144,1771,4372,est_offwin,760,35000.0,-1,correct,-1,5.754852,2.158340
B,below_good,144,1772,4373,est,776,35000000000.0,1,correct,-1,-20.605644,-6.168005
B,below_good,144,1773,4374,est_offwin,806,300000.0,-1,correct,-1,2.565550,2.265426
B,below_good,144,1774,4375,est_offwin,840,48700.0,-1,correct,-1,2.896605,-0.762763
B,below_good,144,1775,4376,est,856,14610000000.0,1,correct,-1,-16.915241,-1.353582
B,below_good,144,1776,4377,est_offwin,885,300000.0,-1,correct,-1,6.539462,4.309715
B,below_good,144,1777,4378,est_offwin,894,35000.0,-1,correct,-1,1.723083,-1.092819
B,below_good,144,1778,4379,est,910,10500000000.0,1,correct,-1,-19.704664,-3.382090
B,below_good,144,1779,4380,tau_echo,924,4500000000.0,,correct,-1,-6.555463,8.042963
B,below_good,144,1780,4381,est_offwin,950,1000000.0,-1,correct,-1,5.742547,1.909840
B,below_good,144,1781,4382,est_offwin,958,3500.0,-1,correct,-1,-4.487643,-1.038126
B,below_good,144,1782,4383,est,973,3500000000.0,-1,correct,-1,-22.224796,-4.349423
B,below_good,144,1783,4384,tau_echo,984,4500000000.0,,correct,-1,-2.671479,9.483354
B,below_good,144,1784,4385,est_offwin,1012,1000000.0,-1,correct,-1,6.648798,1.742440
B,below_good,144,1785,4386,est_offwin,1020,1500.0,-1,correct,-1,-5.570116,1.579870
B,below_good,144,1786,4387,est,1035,1500000000.0,-1,correct,-1,-13.094522,-2.379647
B,below_good,144,1787,4388,est,1078,2000000000.0,-1,correct,-1,-19.174339,6.160439
B,below_good,144,1788,4389,tau_echo,1096,4500000000.0,,correct,-1,-1.100749,11.986097
B,below_good,144,1789,4390,final,1096,4500000000.0,,correct,-1,-1.100749,11.986097
B,below_good,144,1790,4391,final_corrected,1078,2000000000.0,,correct,-1,-19.174339,6.160439
B,below_good,144,1791,4392,belief,1105,,,correct,-1,1.529661,1.914203
B,below_good,145,1792,4393,end_of_prompt,196,,,correct,-1,4.608104,5.141998
B,below_good,145,1793,4394,est_offwin,366,2000.0,-1,correct,-1,5.389894,14.441563
B,below_good,145,1794,4395,est_offwin,394,35000000.0,-1,correct,-1,14.872326,18.698326
B,below_good,145,1795,4396,est_offwin,419,2000.0,-1,correct,-1,5.629442,12.128046
B,below_good,145,1796,4397,est_offwin,453,35000000.0,-1,correct,-1,13.674349,10.132483
B,below_good,145,1797,4398,est_offwin,461,2000.0,-1,correct,-1,4.910562,7.946263
B,below_good,145,1798,4399,est,477,70000000000.0,1,correct,-1,0.958929,9.867870
B,below_good,145,1799,4400,tau_echo,533,4500000000.0,,correct,-1,-13.123190,0.557788
B,below_good,145,1800,4401,final,533,4500000000.0,,correct,-1,-13.123190,0.557788
B,below_good,145,1801,4402,final_corrected,512,70000000000.0,,correct,-1,-2.830847,8.366868
B,below_good,145,1802,4403,belief,558,,,correct,-1,2.007233,2.388586
B,below_good,146,1803,4404,end_of_prompt,196,,,correct,-1,4.608104,5.141998
B,below_good,146,1804,4405,est_offwin,377,6000.0,-1,correct,-1,5.544752,8.567765
B,below_good,146,1805,4406,est_offwin,407,3000.0,-1,correct,-1,0.644038,11.721817
B,below_good,146,1806,4407,est_offwin,438,1000000.0,-1,correct,-1,19.116009,19.046108
B,below_good,146,1807,4408,est_offwin,490,3000.0,-1,correct,-1,3.191773,6.941527
B,below_good,146,1808,4409,est_offwin,509,1000000.0,-1,correct,-1,17.780418,11.388904
B,below_good,146,1809,4410,est_offwin,517,3000.0,-1,correct,-1,5.543940,6.868950
B,below_good,146,1810,4411,est,532,3000000000.0,-1,correct,-1,-10.199143,9.273991
B,below_good,146,1811,4412,tau_echo,553,4500000000.0,,correct,-1,-8.995535,3.631099
B,below_good,146,1812,4413,est,580,3000000000.0,-1,correct,-1,-10.413775,8.950491
B,below_good,146,1813,4414,final,580,3000000000.0,,correct,-1,-10.413775,8.950491
B,below_good,146,1814,4415,final_corrected,580,3000000000.0,,correct,-1,-10.413775,8.950491
B,below_good,146,1815,4416,belief,598,,,correct,-1,1.029793,2.197585
B,below_good,147,1816,4417,end_of_prompt,196,,,correct,-1,4.701674,5.236566
B,below_good,147,1817,4418,est_offwin,259,25000000.0,-1,correct,-1,24.847313,21.957212
B,below_good,147,1818,4419,est_offwin,392,75000.0,-1,correct,-1,10.591269,8.240739
B,below_good,147,1819,4420,est_offwin,404,25000000.0,-1,correct,-1,21.988190,20.235685
B,below_good,147,1820,4421,est_offwin,473,75000.0,-1,correct,-1,10.591862,3.433586
B,below_good,147,1821,4422,est_offwin,502,1875000000000.0,1,correct,-1,2.231488,5.705909
B,below_good,147,1822,4423,tau_echo,559,4500000000.0,,correct,-1,-12.181208,-0.789235
B,below_good,147,1823,4424,est_offwin,618,25000000.0,-1,correct,-1,9.643819,7.391654
B,below_good,147,1824,4425,est_offwin,627,35000.0,-1,correct,-1,3.125038,0.626895
B,below_good,147,1825,4426,est_offwin,654,875000000000.0,1,correct,-1,-13.118907,-6.228723
B,below_good,147,1826,4427,tau_echo,677,4500000000.0,,correct,-1,-10.096721,0.506347
B,below_good,147,1827,4428,est_offwin,720,25000000.0,-1,correct,-1,8.479188,6.219276
B,below_good,147,1828,4429,est_offwin,729,18000.0,-1,correct,-1,-0.939058,-0.572316
B,below_good,147,1829,4430,est,756,450000000000.0,1,correct,-1,-14.838815,-8.213129
B,below_good,147,1830,4431,tau_echo,780,4500000000.0,,correct,-1,-8.653714,-1.414242
B,below_good,147,1831,4432,est_offwin,807,25000000.0,-1,correct,-1,7.867181,6.219147
B,below_good,147,1832,4433,tau_echo,838,4500000000.0,,correct,-1,-11.903546,1.367924
B,below_good,147,1833,4434,est,868,450000000.0,-1,correct,-1,0.061656,-0.493400
B,below_good,147,1834,4435,tau_echo,895,4500000000.0,,correct,-1,-8.618295,0.383727
B,below_good,147,1835,4436,final,895,4500000000.0,,correct,-1,-8.618295,0.383727
B,below_good,147,1836,4437,final_corrected,868,450000000.0,,correct,-1,0.061656,-0.493400
B,below_good,148,1837,4438,end_of_prompt,196,,,correct,-1,4.648891,5.194833
B,below_good,148,1838,4439,est_offwin,281,230000.0,-1,correct,-1,13.806183,6.219902
B,below_good,148,1839,4440,est_offwin,286,1000000.0,-1,correct,-1,16.550812,14.571055
B,below_good,148,1840,4441,est_offwin,306,500000.0,-1,correct,-1,9.419437,7.748206
B,below_good,148,1841,4442,est_offwin,384,6000.0,-1,correct,-1,2.659884,9.598068
B,below_good,148,1842,4443,est_offwin,441,500000.0,-1,correct,-1,15.707351,10.861361
B,below_good,148,1843,4444,est_offwin,448,6000.0,-1,correct,-1,9.843766,8.895061
B,below_good,148,1844,4445,est,463,3000000000.0,-1,correct,-1,-8.833243,9.520477
B,below_good,148,1845,4446,tau_echo,527,4500000000.0,,correct,-1,-8.723618,1.265178
B,below_good,148,1846,4447,final,527,4500000000.0,,correct,-1,-8.723618,1.265178
B,below_good,148,1847,4448,final_corrected,503,3000000000.0,,correct,-1,-6.385390,10.707363
B,below_good,148,1848,4449,belief,540,,,correct,-1,0.875145,1.274047
B,below_good,149,1849,4450,end_of_prompt,196,,,correct,-1,4.648891,5.194833
B,below_good,149,1850,4451,est_offwin,340,10000000.0,-1,correct,-1,10.418353,12.915408
B,below_good,149,1851,4452,est_offwin,408,5500.0,-1,correct,-1,2.133845,10.415873
B,below_good,149,1852,4453,est_offwin,462,10000000.0,-1,correct,-1,14.270312,8.573662
B,below_good,149,1853,4454,est_offwin,469,5500.0,-1,correct,-1,8.377200,9.717391
B,below_good,149,1854,4455,est,495,55000000000.0,1,correct,-1,1.488391,12.090710
B,below_good,149,1855,4456,tau_echo,546,4500000000.0,,correct,-1,-14.295563,-2.534817
B,below_good,149,1856,4457,final,546,4500000000.0,,correct,-1,-14.295565,-2.534814
B,below_good,149,1857,4458,final_corrected,524,55000000000.0,,correct,-1,-2.236306,4.763874
B,below_good,149,1858,4459,belief,561,,,correct,-1,2.117702,1.594793
B,above_good,0,0,4460,end_of_prompt,196,,,correct,1,4.650987,5.207460
B,above_good,0,1,4461,est_offwin,259,3000000.0,-1,correct,1,15.697551,20.685259
B,above_good,0,2,4462,est_offwin,334,4000.0,-1,correct,1,0.192441,4.571651
B,above_good,0,3,4463,est_offwin,393,3000000.0,-1,correct,1,13.049842,9.506991
B,above_good,0,4,4464,est_offwin,401,4000.0,-1,correct,1,6.008854,4.100543
B,above_good,0,5,4465,est,417,12000000000.0,1,correct,1,-0.235566,14.301897
B,above_good,0,6,4466,tau_echo,439,4500000000.0,,correct,1,-16.400309,-2.119309
B,above_good,0,7,4467,est,471,12000000000.0,1,correct,1,-2.137898,9.213638
B,above_good,0,8,4468,final,471,12000000000.0,,correct,1,-2.137898,9.213638
B,above_good,0,9,4469,final_corrected,471,12000000000.0,,correct,1,-2.137898,9.213638
B,above_good,1,10,4470,end_of_prompt,196,,,unclear,,4.610257,5.177353
B,above_good,1,11,4471,est_offwin,393,1250.0,-1,unclear,,9.481312,15.582188
B,above_good,1,12,4472,est_offwin,439,1000.0,-1,unclear,,-0.752247,6.623595
B,above_good,1,13,4473,est,558,7500000000.0,1,unclear,,-5.975246,15.167093
B,above_good,1,14,4474,tau_echo,578,4500000000.0,,unclear,,-18.087162,-2.473612
B,above_good,1,15,4475,final,578,4500000000.0,,unclear,,-18.087162,-2.473612
B,above_good,1,16,4476,final_corrected,558,7500000000.0,,unclear,,-5.975246,15.167093
B,above_good,2,17,4477,end_of_prompt,196,,,incorrect,-1,4.650987,5.207460
B,above_good,2,18,4478,est_offwin,240,25000000.0,-1,incorrect,-1,25.214283,24.223286
B,above_good,2,19,4479,est,370,20000000000.0,1,incorrect,-1,-2.476027,12.751982
B,above_good,2,20,4480,est_offwin,398,25000000.0,-1,incorrect,-1,17.524624,16.553059
B,above_good,2,21,4481,est,425,20000000000.0,1,incorrect,-1,5.545409,23.581623
B,above_good,2,22,4482,tau_echo,461,4500000000.0,,incorrect,-1,-2.682675,10.779713
B,above_good,2,23,4483,final,461,4500000000.0,,incorrect,-1,-2.682675,10.779713
B,above_good,2,24,4484,final_corrected,446,20000000000.0,,incorrect,-1,-7.159346,9.902650
B,above_good,3,25,4485,end_of_prompt,196,,,correct,1,4.610257,5.177353
B,above_good,3,26,4486,est_offwin,409,7500.0,-1,correct,1,3.209334,10.944213
B,above_good,3,27,4487,est_offwin,444,750000.0,-1,correct,1,10.952852,8.410313
B,above_good,3,28,4488,est_offwin,499,7500.0,-1,correct,1,10.231049,10.360804
B,above_good,3,29,4489,est,514,5625000000.0,1,correct,1,-1.699195,14.918022
B,above_good,3,30,4490,tau_echo,536,4500000000.0,,correct,1,-17.971987,-1.688804
B,above_good,3,31,4491,est,558,5625000000.0,1,correct,1,-3.151120,14.977694
B,above_good,3,32,4492,final,558,5625000000.0,,correct,1,-3.151120,14.977694
B,above_good,3,33,4493,final_corrected,558,5625000000.0,,correct,1,-3.151120,14.977694
B,above_good,4,34,4494,end_of_prompt,196,,,correct,1,4.610257,5.177353
B,above_good,4,35,4495,est_offwin,363,2500.0,-1,correct,1,0.264664,11.618832
B,above_good,4,36,4496,est_offwin,407,5000000.0,-1,correct,1,18.829956,22.229340
B,above_good,4,37,4497,est_offwin,426,2500.0,-1,correct,1,7.885177,14.897522
B,above_good,4,38,4498,est_offwin,448,5000000.0,-1,correct,1,15.238937,11.931057
B,above_good,4,39,4499,est,473,12500000000.0,1,correct,1,-2.224426,17.512749
B,above_good,4,40,4500,tau_echo,501,4500000000.0,,correct,1,-16.922649,-1.555749
B,above_good,4,41,4501,est,520,12500000000.0,1,correct,1,-1.847677,12.169368
B,above_good,4,42,4502,final,520,12500000000.0,,correct,1,-1.847677,12.169368
B,above_good,4,43,4503,final_corrected,520,12500000000.0,,correct,1,-1.847677,12.169368
B,above_good,4,44,4504,belief,544,,,correct,1,0.557638,2.104570
B,above_good,5,45,4505,end_of_prompt,196,,,correct,1,4.610257,5.177353
B,above_good,5,46,4506,est_offwin,343,30000.0,-1,correct,1,13.472515,9.833828
B,above_good,5,47,4507,est_offwin,388,420000.0,-1,correct,1,13.532822,9.183798
B,above_good,5,48,4508,est_offwin,403,30000.0,-1,correct,1,10.496365,6.747446
B,above_good,5,49,4509,est_offwin,466,2500.0,-1,correct,1,0.104633,9.545671
B,above_good,5,50,4510,est_offwin,486,420000.0,-1,correct,1,14.841542,12.321251
B,above_good,5,51,4511,est_offwin,503,2500.0,-1,correct,1,6.675566,11.535180
B,above_good,5,52,4512,est,528,1050000000.0,-1,correct,1,4.169844,13.292202
B,above_good,5,53,4513,tau_echo,555,4500000000.0,,correct,1,-5.836234,8.442624
B,above_good,5,54,4514,est,582,1050000000.0,-1,correct,1,2.115042,10.348727
B,above_good,5,55,4515,final,582,1050000000.0,,correct,1,2.115042,10.348727
B,above_good,5,56,4516,final_corrected,582,1050000000.0,,correct,1,2.115042,10.348727
B,above_good,5,57,4517,belief,614,,,correct,1,1.348824,1.029523
B,above_good,6,58,4518,end_of_prompt,196,,,unclear,,4.612547,5.188650
B,above_good,6,59,4519,est_offwin,379,1000.0,-1,unclear,,7.206872,11.826505
B,above_good,6,60,4520,est_offwin,391,5000.0,-1,unclear,,5.486299,12.637184
B,above_good,6,61,4521,est_offwin,419,3000.0,-1,unclear,,-2.046654,11.251807
B,above_good,6,62,4522,est_offwin,448,1000000.0,-1,unclear,,15.960110,16.721676
B,above_good,6,63,4523,est_offwin,479,3000.0,-1,unclear,,6.133550,13.400666
B,above_good,6,64,4524,est,496,3000000000.0,-1,unclear,,-9.671120,13.363597
B,above_good,6,65,4525,tau_echo,551,4500000000.0,,unclear,,-11.950328,2.425016
B,above_good,6,66,4526,final,551,4500000000.0,,unclear,,-11.950328,2.425016
B,above_good,6,67,4527,final_corrected,516,3000000000.0,,unclear,,-8.240767,12.117312
B,above_good,7,68,4528,end_of_prompt,196,,,unclear,,4.610257,5.177353
B,above_good,7,69,4529,est_offwin,326,475000.0,-1,unclear,,8.765799,6.770033
B,above_good,7,70,4530,est,485,356250000.0,-1,unclear,,12.223419,12.268315
B,above_good,7,71,4531,tau_echo,509,4500000000.0,,unclear,,-6.397789,6.307651
B,above_good,7,72,4532,est,530,356250000.0,-1,unclear,,7.721323,11.113068
B,above_good,7,73,4533,final,530,356250000.0,,unclear,,7.721323,11.113068
B,above_good,7,74,4534,final_corrected,530,356250000.0,,unclear,,7.721323,11.113068
B,above_good,8,75,4535,end_of_prompt,196,,,incorrect,-1,4.605688,5.169905
B,above_good,8,76,4536,est_offwin,330,3000000.0,-1,incorrect,-1,13.694826,17.849739
B,above_good,8,77,4537,est_offwin,394,50000.0,-1,incorrect,-1,12.915306,10.440380
B,above_good,8,78,4538,est_offwin,422,3000000.0,-1,incorrect,-1,11.641413,10.949489
B,above_good,8,79,4539,est_offwin,439,50000.0,-1,incorrect,-1,10.959581,5.523705
B,above_good,8,80,4540,est_offwin,455,3000000.0,-1,incorrect,-1,13.354935,12.491779
B,above_good,8,81,4541,est_offwin,463,50000.0,-1,incorrect,-1,12.201081,5.490262
B,above_good,8,82,4542,est,480,150000000000.0,1,incorrect,-1,1.119609,8.895357
B,above_good,8,83,4543,tau_echo,501,4500000000.0,,incorrect,-1,-13.087789,1.267577
B,above_good,8,84,4544,est_offwin,559,15000.0,-1,incorrect,-1,0.807214,3.561973
B,above_good,8,85,4545,est_offwin,580,3000000.0,-1,incorrect,-1,9.002699,6.671663
B,above_good,8,86,4546,est_offwin,588,15000.0,-1,incorrect,-1,6.464592,3.707191
B,above_good,8,87,4547,est,604,45000000000.0,1,incorrect,-1,-14.574035,-4.374753
B,above_good,8,88,4548,est_offwin,638,10000.0,-1,incorrect,-1,-0.421194,2.949728
B,above_good,8,89,4549,est_offwin,658,3000000.0,-1,incorrect,-1,8.904968,6.480429
B,above_good,8,90,4550,est_offwin,666,10000.0,-1,incorrect,-1,5.548528,-0.040988
B,above_good,8,91,4551,est,682,30000000000.0,1,incorrect,-1,-21.106503,-8.385989
B,above_good,8,92,4552,est_offwin,713,1500.0,-1,incorrect,-1,-2.436927,5.490803
B,above_good,8,93,4553,est_offwin,733,3000000.0,-1,incorrect,-1,7.407848,4.892366
B,above_good,8,94,4554,est_offwin,740,1500.0,-1,incorrect,-1,1.716305,4.211349
B,above_good,8,95,4555,tau_echo,755,4500000000.0,,incorrect,-1,-16.719822,-2.863147
B,above_good,8,96,4556,final,774,4500000000.0,,incorrect,-1,-10.800558,7.933881
B,above_good,8,97,4557,final_corrected,740,1500.0,,incorrect,-1,1.716305,4.211349
B,above_good,9,98,4558,end_of_prompt,196,,,incorrect,-1,4.601949,5.181821
B,above_good,9,99,4559,est_offwin,322,3250000.0,-1,incorrect,-1,11.658348,15.305278
B,above_good,9,100,4560,est_offwin,407,5000.0,-1,incorrect,-1,8.389468,12.813301
B,above_good,9,101,4561,est,490,16250000000.0,1,incorrect,-1,0.672775,19.071554
B,above_good,9,102,4562,tau_echo,516,4500000000.0,,incorrect,-1,-0.245232,14.665394
B,above_good,9,103,4563,est_offwin,582,2500000.0,-1,incorrect,-1,6.190309,11.442718
B,above_good,9,104,4564,est_offwin,594,4000.0,-1,incorrect,-1,-5.290088,0.764207
B,above_good,9,105,4565,est,655,10000000000.0,1,incorrect,-1,-14.728811,-1.226223
B,above_good,9,106,4566,tau_echo,669,4500000000.0,,incorrect,-1,-4.561364,9.305466
B,above_good,9,107,4567,est,714,4000000000.0,-1,incorrect,-1,-21.491453,0.632761
B,above_good,9,108,4568,tau_echo,746,4500000000.0,,incorrect,-1,-0.849853,9.836256
B,above_good,9,109,4569,final,746,4500000000.0,,incorrect,-1,-0.849853,9.836256
B,above_good,9,110,4570,final_corrected,714,4000000000.0,,incorrect,-1,-21.491453,0.632761
B,above_good,10,111,4571,end_of_prompt,196,,,unclear,,4.610257,5.177353
B,above_good,10,112,4572,est_offwin,300,350000.0,-1,unclear,,9.829735,7.592997
B,above_good,10,113,4573,est_offwin,341,2000.0,-1,unclear,,7.110756,13.538440
B,above_good,10,114,4574,est_offwin,350,10000.0,-1,unclear,,9.802894,10.589653
B,above_good,10,115,4575,est_offwin,368,5000.0,-1,unclear,,4.293979,10.345642
B,above_good,10,116,4576,est_offwin,439,350000.0,-1,unclear,,14.349926,9.732163
B,above_good,10,117,4577,est_offwin,447,5000.0,-1,unclear,,7.875999,5.802355
B,above_good,10,118,4578,est,472,1750000000.0,-1,unclear,,0.980335,14.086966
B,above_good,10,119,4579,tau_echo,492,4500000000.0,,unclear,,-7.423245,5.612318
B,above_good,10,120,4580,est,510,1750000000.0,-1,unclear,,-0.669734,6.725593
B,above_good,10,121,4581,final,539,1750000000.0,,unclear,,-4.509645,12.799746
B,above_good,10,122,4582,final_corrected,539,1750000000.0,,unclear,,-4.509645,12.799746
B,above_good,11,123,4583,end_of_prompt,196,,,unclear,,4.610257,5.177353
B,above_good,11,124,4584,est_offwin,321,365000.0,-1,unclear,,9.863716,8.265449
B,above_good,11,125,4585,est_offwin,421,3000.0,-1,unclear,,-1.608241,8.250376
B,above_good,11,126,4586,est_offwin,446,365000.0,-1,unclear,,11.992744,9.536619
B,above_good,11,127,4587,est_offwin,460,3000.0,-1,unclear,,3.285886,7.943950
B,above_good,11,128,4588,est_offwin,479,365000.0,-1,unclear,,14.849468,11.103797
B,above_good,11,129,4589,est_offwin,487,3000.0,-1,unclear,,6.118327,7.607692
B,above_good,11,130,4590,est,502,1095000000.0,-1,unclear,,4.666146,10.879994
B,above_good,11,131,4591,tau_echo,522,4500000000.0,,unclear,,-5.917926,7.330235
B,above_good,11,132,4592,est,553,1095000000.0,-1,unclear,,1.481425,7.755483
B,above_good,11,133,4593,final,573,1095000000.0,,unclear,,-1.519422,11.641421
B,above_good,11,134,4594,final_corrected,573,1095000000.0,,unclear,,-1.519422,11.641421
B,above_good,12,135,4595,end_of_prompt,196,,,correct,1,4.612547,5.188650
B,above_good,12,136,4596,est_offwin,342,1400.0,-1,correct,1,-0.032676,9.271674
B,above_good,12,137,4597,est_offwin,375,5000000.0,-1,correct,1,15.460464,21.255032
B,above_good,12,138,4598,est_offwin,429,1400.0,-1,correct,1,8.347733,13.017606
B,above_good,12,139,4599,est,452,7000000000.0,1,correct,1,-4.992476,15.726556
B,above_good,12,140,4600,tau_echo,468,4500000000.0,,correct,1,-2.388614,15.405706
B,above_good,12,141,4601,est,519,7000000000.0,1,correct,1,-6.711010,13.002213
B,above_good,12,142,4602,final,519,7000000000.0,,correct,1,-6.711010,13.002213
B,above_good,12,143,4603,final_corrected,519,7000000000.0,,correct,1,-6.711010,13.002213
B,above_good,12,144,4604,belief,497,,,correct,1,0.320631,1.768949
B,above_good,13,145,4605,end_of_prompt,196,,,correct,1,4.612547,5.188650
B,above_good,13,146,4606,est_offwin,270,250000.0,-1,correct,1,15.673684,10.024162
B,above_good,13,147,4607,est_offwin,346,50000.0,-1,correct,1,13.755220,11.095697
B,above_good,13,148,4608,est_offwin,369,250000.0,-1,correct,1,15.551764,12.807866
B,above_good,13,149,4609,est_offwin,384,50000.0,-1,correct,1,10.883902,5.354057
B,above_good,13,150,4610,est_offwin,402,250000.0,-1,correct,1,16.174328,13.350567
B,above_good,13,151,4611,est_offwin,418,50000.0,-1,correct,1,11.393589,5.732195
B,above_good,13,152,4612,est,442,12500000000.0,1,correct,1,-0.643766,16.233448
B,above_good,13,153,4613,tau_echo,467,4500000000.0,,correct,1,-15.785704,-0.969983
B,above_good,13,154,4614,est,491,12500000000.0,1,correct,1,-3.073773,15.596611
B,above_good,13,155,4615,final,491,12500000000.0,,correct,1,-3.073773,15.596611
B,above_good,13,156,4616,final_corrected,491,12500000000.0,,correct,1,-3.073773,15.596611
B,above_good,13,157,4617,belief,511,,,correct,1,1.312130,1.525535
B,above_good,14,158,4618,end_of_prompt,196,,,unclear,,4.612547,5.188650
B,above_good,14,159,4619,est_offwin,306,7200.0,-1,unclear,,9.600700,15.003240
B,above_good,14,160,4620,est_offwin,381,350000.0,-1,unclear,,7.069014,5.976831
B,above_good,14,161,4621,est_offwin,400,7200.0,-1,unclear,,8.170889,12.772095
B,above_good,14,162,4622,est_offwin,412,350000.0,-1,unclear,,15.135323,12.272367
B,above_good,14,163,4623,est_offwin,435,7200.0,-1,unclear,,8.046683,7.780883
B,above_good,14,164,4624,est,450,2520000000.0,-1,unclear,,-5.683474,12.687913
B,above_good,14,165,4625,tau_echo,475,4500000000.0,,unclear,,-9.524170,2.970603
B,above_good,14,166,4626,est,521,2500000000.0,-1,unclear,,-11.913962,5.326441
B,above_good,14,167,4627,final,521,2500000000.0,,unclear,,-11.913962,5.326441
B,above_good,14,168,4628,final_corrected,521,2500000000.0,,unclear,,-11.913962,5.326441
B,above_good,15,169,4629,end_of_prompt,196,,,correct,1,4.612547,5.188650
B,above_good,15,170,4630,est_offwin,286,8000000.0,-1,correct,1,23.627874,21.563261
B,above_good,15,171,4631,est_offwin,366,2500.0,-1,correct,1,1.470759,11.904133
B,above_good,15,172,4632,est_offwin,412,8000000.0,-1,correct,1,14.508315,8.361248
B,above_good,15,173,4633,est,435,20000000000.0,1,correct,1,-2.123794,15.117223
B,above_good,15,174,4634,tau_echo,461,4500000000.0,,correct,1,-13.770119,0.952339
B,above_good,15,175,4635,est,480,20000000000.0,1,correct,1,-0.043293,7.605821
B,above_good,15,176,4636,final,524,20000000000.0,,correct,1,-5.060310,9.063250
B,above_good,15,177,4637,final_corrected,524,20000000000.0,,correct,1,-5.060310,9.063250
B,above_good,16,178,4638,end_of_prompt,196,,,correct,1,4.612547,5.188650
B,above_good,16,179,4639,est_offwin,345,200000.0,-1,correct,1,11.735748,9.882231
B,above_good,16,180,4640,est_offwin,395,3500.0,-1,correct,1,0.371910,9.568515
B,above_good,16,181,4641,est_offwin,416,200000.0,-1,correct,1,16.756975,15.027605
B,above_good,16,182,4642,est_offwin,426,3500.0,-1,correct,1,7.960365,11.340906
B,above_good,16,183,4643,est,443,700000000.0,-1,correct,1,8.145703,10.902923
B,above_good,16,184,4644,tau_echo,463,4500000000.0,,correct,1,-6.565096,9.403437
B,above_good,16,185,4645,est,484,700000000.0,-1,correct,1,4.703145,11.092438
B,above_good,16,186,4646,final,484,700000000.0,,correct,1,4.703145,11.092438
B,above_good,16,187,4647,final_corrected,484,700000000.0,,correct,1,4.703145,11.092438
B,above_good,16,188,4648,belief,511,,,correct,1,-0.082345,0.873642
B,above_good,17,189,4649,end_of_prompt,196,,,unclear,,4.610257,5.177353
B,above_good,17,190,4650,est_offwin,363,750000.0,-1,unclear,,8.762380,6.747240
B,above_good,17,191,4651,est_offwin,396,1000.0,-1,unclear,,9.539483,14.408277
B,above_good,17,192,4652,est_offwin,462,750000.0,-1,unclear,,13.015659,9.551199
B,above_good,17,193,4653,est_offwin,469,1000.0,-1,unclear,,9.139663,7.982422
B,above_good,17,194,4654,est,493,750000000.0,-1,unclear,,9.560685,10.904581
B,above_good,17,195,4655,tau_echo,513,4500000000.0,,unclear,,-6.866778,7.303648
B,above_good,17,196,4656,est,534,750000000.0,-1,unclear,,6.944977,6.614954
B,above_good,17,197,4657,final,566,750000000.0,,unclear,,2.942769,8.860091
B,above_good,17,198,4658,final_corrected,566,750000000.0,,unclear,,2.942769,8.860091
B,above_good,18,199,4659,end_of_prompt,196,,,incorrect,-1,4.632525,5.177039
B,above_good,18,200,4660,est_offwin,483,3960.0,-1,incorrect,-1,4.175919,11.439523
B,above_good,18,201,4661,est,574,17820000000.0,1,incorrect,-1,-1.800145,18.510334
B,above_good,18,202,4662,est,607,1500000000.0,-1,incorrect,-1,-12.665754,7.972660
B,above_good,18,203,4663,tau_echo,630,4500000000.0,,incorrect,-1,-0.460241,14.436711
B,above_good,18,204,4664,final,630,4500000000.0,,incorrect,-1,-0.460241,14.436711
B,above_good,18,205,4665,final_corrected,607,1500000000.0,,incorrect,-1,-12.665754,7.972660
B,above_good,19,206,4666,end_of_prompt,196,,,correct,1,4.614231,5.194337
B,above_good,19,207,4667,est_offwin,359,250000.0,-1,correct,1,13.939559,8.585268
B,above_good,19,208,4668,est_offwin,376,1000000.0,-1,correct,1,9.771833,2.823308
B,above_good,19,209,4669,est_offwin,392,200000.0,-1,correct,1,3.294693,-1.021843
B,above_good,19,210,4670,est_offwin,444,500000.0,-1,correct,1,9.465136,9.090425
B,above_good,19,211,4671,est_offwin,521,30000.0,-1,correct,1,11.818415,12.548414
B,above_good,19,212,4672,est_offwin,541,100000.0,-1,correct,1,11.002934,10.297979
B,above_good,19,213,4673,est_offwin,561,60000.0,-1,correct,1,7.063630,6.646847
B,above_good,19,214,4674,est_offwin,589,500000.0,-1,correct,1,11.292480,8.798734
B,above_good,19,215,4675,est_offwin,605,60000.0,-1,correct,1,8.966232,4.709938
B,above_good,19,216,4676,est_offwin,618,500000.0,-1,correct,1,15.088777,12.055168
B,above_good,19,217,4677,est_offwin,634,60000.0,-1,correct,1,10.584736,6.338214
B,above_good,19,218,4678,est,658,30000000000.0,1,correct,1,-1.962518,13.541871
B,above_good,19,219,4679,tau_echo,708,4500000000.0,,correct,1,-13.260104,0.915333
B,above_good,19,220,4680,final,708,4500000000.0,,correct,1,-13.260104,0.915333
B,above_good,19,221,4681,final_corrected,684,30000000000.0,,correct,1,-4.631403,12.290337
B,above_good,20,222,4682,end_of_prompt,196,,,correct,1,4.650987,5.207460
B,above_good,20,223,4683,est_offwin,272,20000000.0,-1,correct,1,23.657463,23.211967
B,above_good,20,224,4684,est_offwin,359,7500.0,-1,correct,1,3.117906,10.789807
B,above_good,20,225,4685,est_offwin,419,20000000.0,-1,correct,1,12.030922,9.005035
B,above_good,20,226,4686,est_offwin,426,7500.0,-1,correct,1,9.272116,9.787073
B,above_good,20,227,4687,est,454,150000000000.0,1,correct,1,3.394834,8.582159
B,above_good,20,228,4688,tau_echo,476,4500000000.0,,correct,1,1.033904,15.660612
B,above_good,20,229,4689,est,485,150000000000.0,1,correct,1,8.637805,14.149075
B,above_good,20,230,4690,final,485,150000000000.0,,correct,1,8.637805,14.149075
B,above_good,20,231,4691,final_corrected,485,150000000000.0,,correct,1,8.637805,14.149075
B,above_good,20,232,4692,belief,509,,,correct,1,1.240719,3.643027
B,above_good,21,233,4693,end_of_prompt,196,,,correct,1,4.600668,5.206914
B,above_good,21,234,4694,est_offwin,438,4000.0,-1,correct,1,5.497573,11.025522
B,above_good,21,235,4695,est_offwin,496,25000000.0,-1,correct,1,16.279129,20.732506
B,above_good,21,236,4696,est_offwin,509,4000.0,-1,correct,1,8.717209,9.851463
B,above_good,21,237,4697,est_offwin,522,25000000.0,-1,correct,1,14.229275,12.554491
B,above_good,21,238,4698,est_offwin,532,4000.0,-1,correct,1,9.536303,11.662224
B,above_good,21,239,4699,est_offwin,545,25000000.0,-1,correct,1,12.536718,11.590653
B,above_good,21,240,4700,est,562,100000000000.0,1,correct,1,2.126947,7.283507
B,above_good,21,241,4701,tau_echo,586,4500000000.0,,correct,1,-13.298142,1.197942
B,above_good,21,242,4702,est,620,100000000000.0,1,correct,1,0.511051,2.215791
B,above_good,21,243,4703,final,620,100000000000.0,,correct,1,0.511051,2.215791
B,above_good,21,244,4704,final_corrected,620,100000000000.0,,correct,1,0.511051,2.215791
B,above_good,22,245,4705,end_of_prompt,196,,,unclear,,4.610257,5.177353
B,above_good,22,246,4706,est_offwin,305,100000.0,-1,unclear,,16.155125,6.443543
B,above_good,22,247,4707,est_offwin,381,2500000.0,-1,unclear,,8.529854,8.446137
B,above_good,22,248,4708,est_offwin,434,5000.0,-1,unclear,,10.490737,14.750887
B,above_good,22,249,4709,est_offwin,480,2500000.0,-1,unclear,,14.725678,15.620139
B,above_good,22,250,4710,est_offwin,496,5000.0,-1,unclear,,7.808624,8.844842
B,above_good,22,251,4711,est_offwin,516,2500000.0,-1,unclear,,13.351195,11.489971
B,above_good,22,252,4712,est_offwin,524,5000.0,-1,unclear,,8.078517,4.985477
B,above_good,22,253,4713,est,540,12500000000.0,1,unclear,,-0.565887,14.999918
B,above_good,22,254,4714,tau_echo,560,4500000000.0,,unclear,,-16.647017,-1.359333
B,above_good,22,255,4715,est,598,12500000000.0,1,unclear,,-3.375119,11.692240
B,above_good,22,256,4716,final,598,12500000000.0,,unclear,,-3.375119,11.692240
B,above_good,22,257,4717,final_corrected,598,12500000000.0,,unclear,,-3.375119,11.692240
B,above_good,23,258,4718,end_of_prompt,196,,,correct,1,4.612547,5.188650
B,above_good,23,259,4719,est_offwin,352,70000.0,-1,correct,1,9.055326,7.668571
B,above_good,23,260,4720,est_offwin,405,1400000.0,-1,correct,1,13.359754,12.857203
B,above_good,23,261,4721,est_offwin,419,70000.0,-1,correct,1,11.874326,10.196003
B,above_good,23,262,4722,est_offwin,434,1400000.0,-1,correct,1,14.465811,11.898099
B,above_good,23,263,4723,est,453,98000000000.0,1,correct,1,0.833390,12.309624
B,above_good,23,264,4724,tau_echo,473,4500000000.0,,correct,1,-13.589062,2.815400
B,above_good,23,265,4725,est,501,98000000000.0,1,correct,1,-1.901418,8.001581
B,above_good,23,266,4726,final,501,98000000000.0,,correct,1,-1.901418,8.001581
B,above_good,23,267,4727,final_corrected,501,98000000000.0,,correct,1,-1.901418,8.001581
B,above_good,23,268,4728,belief,527,,,correct,1,0.479319,2.061424
B,above_good,24,269,4729,end_of_prompt,196,,,unclear,,4.600668,5.206914
B,above_good,24,270,4730,est,283,3000000000.0,-1,unclear,,-11.824408,10.365623
B,above_good,24,271,4731,est_offwin,308,25000000.0,-1,unclear,,24.631945,23.062227
B,above_good,24,272,4732,est_offwin,374,150000.0,-1,unclear,,14.233932,11.163944
B,above_good,24,273,4733,est_offwin,422,25000000.0,-1,unclear,,14.467288,11.419709
B,above_good,24,274,4734,est_offwin,439,150000.0,-1,unclear,,13.050207,6.828505
B,above_good,24,275,4735,est_offwin,466,3750000000000.0,1,unclear,,-0.161582,3.993955
B,above_good,24,276,4736,est_offwin,509,12000.0,-1,unclear,,1.744172,3.542406
B,above_good,24,277,4737,est_offwin,526,25000000.0,-1,unclear,,12.464196,8.864748
B,above_good,24,278,4738,est_offwin,542,12000.0,-1,unclear,,6.508773,5.580856
B,above_good,24,279,4739,est,567,300000000000.0,1,unclear,,-10.982924,-4.968085
B,above_good,24,280,4740,est_offwin,624,25000000.0,-1,unclear,,10.738628,7.210857
B,above_good,24,281,4741,est,660,3000000000.0,-1,unclear,,-13.877652,1.993985
B,above_good,24,282,4742,final,684,3000000000.0,,unclear,,-10.421828,9.964822
B,above_good,24,283,4743,final_corrected,684,3000000000.0,,unclear,,-10.421828,9.964822
B,above_good,25,284,4744,end_of_prompt,196,,,correct,1,4.632525,5.177039
B,above_good,25,285,4745,est_offwin,380,2000.0,-1,correct,1,6.009671,13.702215
B,above_good,25,286,4746,est_offwin,389,10000.0,-1,correct,1,7.971438,8.301674
B,above_good,25,287,4747,est_offwin,418,5000.0,-1,correct,1,3.235996,9.566010
B,above_good,25,288,4748,est_offwin,493,7500000.0,-1,correct,1,15.911900,18.532726
B,above_good,25,289,4749,est_offwin,520,5000.0,-1,correct,1,5.953228,8.300623
B,above_good,25,290,4750,est_offwin,539,7500000.0,-1,correct,1,13.795424,12.311424
B,above_good,25,291,4751,est_offwin,547,5000.0,-1,correct,1,7.127907,5.457372
B,above_good,25,292,4752,est,563,37500000000.0,1,correct,1,-2.356036,13.685024
B,above_good,25,293,4753,tau_echo,668,4500000000.0,,correct,1,-13.449174,-2.339857
B,above_good,25,294,4754,final,668,4500000000.0,,correct,1,-13.449174,-2.339857
B,above_good,25,295,4755,final_corrected,590,37500000000.0,,correct,1,-4.448549,11.789177
B,above_good,26,296,4756,end_of_prompt,196,,,correct,1,4.606232,5.180288
B,above_good,26,297,4757,est_offwin,414,1000.0,-1,correct,1,5.173888,10.960253
B,above_good,26,298,4758,est_offwin,446,250000.0,-1,correct,1,10.819016,9.767986
B,above_good,26,299,4759,est_offwin,484,1000.0,-1,correct,1,7.554957,8.605862
B,above_good,26,300,4760,est_offwin,503,250000.0,-1,correct,1,15.386429,12.046759
B,above_good,26,301,4761,est_offwin,511,1000.0,-1,correct,1,7.837954,5.443017
B,above_good,26,302,4762,est,534,250000000.0,-1,correct,1,12.162265,10.611853
B,above_good,26,303,4763,tau_echo,554,4500000000.0,,correct,1,-4.251653,8.790157
B,above_good,26,304,4764,est,570,250000000.0,-1,correct,1,8.425282,7.858279
B,above_good,26,305,4765,final,638,250000000.0,,correct,1,5.278313,9.277132
B,above_good,26,306,4766,final_corrected,638,250000000.0,,correct,1,5.278313,9.277132
B,above_good,26,307,4767,belief,593,,,correct,1,-0.020222,0.607955
B,above_good,27,308,4768,end_of_prompt,196,,,unclear,,4.610257,5.177353
B,above_good,27,309,4769,est_offwin,293,250000.0,-1,unclear,,14.992899,9.795590
B,above_good,27,310,4770,est_offwin,356,3000.0,-1,unclear,,5.095851,14.140644
B,above_good,27,311,4771,est_offwin,379,20000.0,-1,unclear,,9.426737,10.571625
B,above_good,27,312,4772,est_offwin,411,10000.0,-1,unclear,,7.124135,7.589444
B,above_good,27,313,4773,est_offwin,438,250000.0,-1,unclear,,15.414748,9.708146
B,above_good,27,314,4774,est_offwin,471,10000.0,-1,unclear,,9.304749,5.221543
B,above_good,27,315,4775,est,494,2500000000.0,-1,unclear,,-5.891808,13.664042
B,above_good,27,316,4776,tau_echo,519,4500000000.0,,unclear,,-9.327474,4.878581
B,above_good,27,317,4777,est,554,2500000000.0,-1,unclear,,-6.225883,10.357807
B,above_good,27,318,4778,final,554,2500000000.0,,unclear,,-6.225883,10.357807
B,above_good,27,319,4779,final_corrected,554,2500000000.0,,unclear,,-6.225883,10.357807
B,above_good,28,320,4780,end_of_prompt,196,,,correct,1,4.612547,5.188650
B,above_good,28,321,4781,est_offwin,306,1625.0,-1,correct,1,13.855612,21.336948
B,above_good,28,322,4782,est_offwin,341,25000000.0,-1,correct,1,22.937790,23.344776
B,above_good,28,323,4783,est_offwin,398,1625.0,-1,correct,1,11.588552,16.308380
B,above_good,28,324,4784,est_offwin,411,25000000.0,-1,correct,1,13.711087,10.607848
B,above_good,28,325,4785,est,427,40625000000.0,1,correct,1,-1.579143,13.549742
B,above_good,28,326,4786,tau_echo,448,4500000000.0,,correct,1,-15.093547,-0.551630
B,above_good,28,327,4787,est,467,40625000000.0,1,correct,1,-1.650396,8.412169
B,above_good,28,328,4788,final,522,40625000000.0,,correct,1,-4.753006,7.916803
B,above_good,28,329,4789,final_corrected,522,40625000000.0,,correct,1,-4.753006,7.916803
B,above_good,28,330,4790,belief,494,,,correct,1,0.501983,2.214620
B,above_good,29,331,4791,end_of_prompt,196,,,correct,1,4.610257,5.177353
B,above_good,29,332,4792,est_offwin,284,50000.0,-1,correct,1,15.792082,11.850431
B,above_good,29,333,4793,est_offwin,376,100000.0,-1,correct,1,12.336002,7.820993
B,above_good,29,334,4794,est_offwin,390,75000.0,-1,correct,1,3.423589,4.475992
B,above_good,29,335,4795,est_offwin,416,100000.0,-1,correct,1,15.984749,9.311785
B,above_good,29,336,4796,est_offwin,425,75000.0,-1,correct,1,11.901551,5.319327
B,above_good,29,337,4797,est,440,7500000000.0,1,correct,1,-2.667699,14.305113
B,above_good,29,338,4798,tau_echo,460,4500000000.0,,correct,1,-17.142735,-1.770154
B,above_good,29,339,4799,est,478,7500000000.0,1,correct,1,1.231990,7.881981
B,above_good,29,340,4800,est_offwin,536,75000.0,-1,correct,1,8.692549,7.592000
B,above_good,29,341,4801,est_offwin,562,100000.0,-1,correct,1,9.775251,4.212779
B,above_good,29,342,4802,final,562,100000.0,,correct,1,9.775251,4.212779
B,above_good,29,343,4803,final_corrected,562,100000.0,,correct,1,9.775251,4.212779
B,above_good,29,344,4804,belief,491,,,correct,1,0.410348,1.429226
B,above_good,30,345,4805,end_of_prompt,196,,,unclear,,4.610257,5.177353
B,above_good,30,346,4806,est_offwin,247,250000.0,-1,unclear,,15.528509,10.087904
B,above_good,30,347,4807,est_offwin,283,625000.0,-1,unclear,,10.751113,8.731751
B,above_good,30,348,4808,est_offwin,378,1800.0,-1,unclear,,5.656240,14.026923
B,above_good,30,349,4809,est_offwin,439,625000.0,-1,unclear,,13.582104,10.587387
B,above_good,30,350,4810,est_offwin,454,1800.0,-1,unclear,,5.877509,9.845870
B,above_good,30,351,4811,est,486,1125000000.0,-1,unclear,,5.605878,13.378566
B,above_good,30,352,4812,tau_echo,550,4500000000.0,,unclear,,-9.427363,3.853201
B,above_good,30,353,4813,final,550,4500000000.0,,unclear,,-9.427363,3.853201
B,above_good,30,354,4814,final_corrected,526,1125000000.0,,unclear,,3.050332,14.385963
B,above_good,30,355,4815,belief,572,,,unclear,,2.998515,3.583344
B,above_good,31,356,4816,end_of_prompt,196,,,correct,1,4.610257,5.177353
B,above_good,31,357,4817,est_offwin,298,5000.0,-1,correct,1,1.717730,8.218924
B,above_good,31,358,4818,est_offwin,364,5000000.0,-1,correct,1,9.718262,14.251523
B,above_good,31,359,4819,est_offwin,459,5000.0,-1,correct,1,8.448452,8.255253
B,above_good,31,360,4820,est,475,25000000000.0,1,correct,1,-1.612030,14.593469
B,above_good,31,361,4821,tau_echo,497,4500000000.0,,correct,1,-15.341505,-0.406523
B,above_good,31,362,4822,est,521,25000000000.0,1,correct,1,0.656757,6.910760
B,above_good,31,363,4823,final,549,25000000000.0,,correct,1,-5.324924,10.998067
B,above_good,31,364,4824,final_corrected,549,25000000000.0,,correct,1,-5.324924,10.998067
B,above_good,32,365,4825,end_of_prompt,196,,,correct,1,4.612547,5.188650
B,above_good,32,366,4826,est_offwin,269,250000.0,-1,correct,1,15.758419,10.538857
B,above_good,32,367,4827,est,444,150000000.0,-1,correct,1,15.008402,10.196232
B,above_good,32,368,4828,tau_echo,501,4500000000.0,,correct,1,-5.658743,7.088200
B,above_good,32,369,4829,final,501,4500000000.0,,correct,1,-5.658743,7.088200
B,above_good,32,370,4830,final_corrected,481,150000000.0,,correct,1,11.890987,12.612039
B,above_good,32,371,4831,belief,530,,,correct,1,2.456334,1.625820
B,above_good,33,372,4832,end_of_prompt,196,,,correct,1,4.614231,5.194337
B,above_good,33,373,4833,est_offwin,296,25000000.0,-1,correct,1,23.254444,21.330833
B,above_good,33,374,4834,est_offwin,363,45000.0,-1,correct,1,6.829033,6.095356
B,above_good,33,375,4835,est_offwin,420,25000000.0,-1,correct,1,13.219446,9.730816
B,above_good,33,376,4836,est_offwin,429,45000.0,-1,correct,1,9.963484,3.726378
B,above_good,33,377,4837,est_offwin,458,1125000000000.0,1,correct,1,2.828468,5.730853
B,above_good,33,378,4838,tau_echo,479,4500000000.0,,correct,1,-9.549097,2.781210
B,above_good,33,379,4839,est_offwin,550,35000.0,-1,correct,1,1.054300,2.745959
B,above_good,33,380,4840,est_offwin,563,20000000.0,-1,correct,1,7.460538,10.785706
B,above_good,33,381,4841,est_offwin,593,35000.0,-1,correct,1,5.244196,1.134018
B,above_good,33,382,4842,est_offwin,620,700000000000.0,1,correct,1,-14.000804,-8.090195
B,above_good,33,383,4843,tau_echo,674,4500000000.0,,correct,1,-10.208096,-1.099607
B,above_good,33,384,4844,est_offwin,707,700000000000.0,1,correct,1,-5.814410,4.126122
B,above_good,33,385,4845,final,707,700000000000.0,,correct,1,-5.814410,4.126122
B,above_good,33,386,4846,final_corrected,707,700000000000.0,,correct,1,-5.814410,4.126122
B,above_good,33,387,4847,belief,514,,,correct,1,1.403585,-1.184290
B,above_good,34,388,4848,end_of_prompt,196,,,correct,1,4.650987,5.207460
B,above_good,34,389,4849,est_offwin,276,250000.0,-1,correct,1,15.488577,9.984167
B,above_good,34,390,4850,est_offwin,397,2250.0,-1,correct,1,5.136686,10.696798
B,above_good,34,391,4851,est,420,562500000.0,-1,correct,1,12.730619,11.603645
B,above_good,34,392,4852,tau_echo,463,4500000000.0,,correct,1,-7.186013,5.644909
B,above_good,34,393,4853,final,463,4500000000.0,,correct,1,-7.186013,5.644909
B,above_good,34,394,4854,final_corrected,441,562500000.0,,correct,1,7.600117,16.443975
B,above_good,34,395,4855,belief,482,,,correct,1,0.289095,2.186408
B,above_good,35,396,4856,end_of_prompt,196,,,incorrect,-1,4.610257,5.177353
B,above_good,35,397,4857,est_offwin,283,250000.0,-1,incorrect,-1,15.041814,9.528305
B,above_good,35,398,4858,est_offwin,292,2000000.0,-1,incorrect,-1,17.490980,20.273487
B,above_good,35,399,4859,est_offwin,300,1000000.0,-1,incorrect,-1,10.088131,9.866615
B,above_good,35,400,4860,est_offwin,315,18000.0,-1,incorrect,-1,6.384139,5.205803
B,above_good,35,401,4861,est_offwin,377,5000.0,-1,incorrect,-1,4.848416,12.365992
B,above_good,35,402,4862,est_offwin,403,250000.0,-1,incorrect,-1,13.178897,10.578372
B,above_good,35,403,4863,est_offwin,415,2000000.0,-1,incorrect,-1,5.012807,4.287205
B,above_good,35,404,4864,est_offwin,429,1000000.0,-1,incorrect,-1,2.439503,-2.701063
B,above_good,35,405,4865,est_offwin,442,3250000.0,-1,incorrect,-1,5.164401,8.186454
B,above_good,35,406,4866,est_offwin,477,5000.0,-1,incorrect,-1,6.525506,7.944582
B,above_good,35,407,4867,est,501,16250000000.0,1,incorrect,-1,-1.239657,18.195057
B,above_good,35,408,4868,tau_echo,529,4500000000.0,,incorrect,-1,-16.898273,-1.576232
B,above_good,35,409,4869,final,573,4500000000.0,,incorrect,-1,-11.908772,5.840807
B,above_good,35,410,4870,final_corrected,501,16250000000.0,,incorrect,-1,-1.239657,18.195057
B,above_good,36,411,4871,end_of_prompt,196,,,incorrect,-1,4.653007,5.216076
B,above_good,36,412,4872,tau_echo,246,4500000000.0,,incorrect,-1,-4.801772,7.583046
B,above_good,36,413,4873,est_offwin,270,25000000.0,-1,incorrect,-1,25.368423,24.291023
B,above_good,36,414,4874,est_offwin,331,6250000.0,-1,incorrect,-1,15.611117,17.226330
B,above_good,36,415,4875,est_offwin,405,60000.0,-1,incorrect,-1,14.800259,12.516026
B,above_good,36,416,4876,est_offwin,486,6250000.0,-1,incorrect,-1,13.301297,9.885196
B,above_good,36,417,4877,est_offwin,495,60000.0,-1,incorrect,-1,11.397686,3.172780
B,above_good,36,418,4878,est,512,375000000000.0,1,incorrect,-1,-1.550577,7.277044
B,above_good,36,419,4879,tau_echo,534,4500000000.0,,incorrect,-1,-9.541333,2.623424
B,above_good,36,420,4880,est_offwin,589,1000000.0,-1,incorrect,-1,11.336509,13.327910
B,above_good,36,421,4881,est_offwin,642,60000.0,-1,incorrect,-1,6.461514,-0.546799
B,above_good,36,422,4882,est,658,60000000000.0,1,incorrect,-1,-8.985723,-3.233958
B,above_good,36,423,4883,est_offwin,692,500000.0,-1,incorrect,-1,6.196704,9.745058
B,above_good,36,424,4884,est_offwin,740,60000.0,-1,incorrect,-1,5.289319,-1.831788
B,above_good,36,425,4885,est,756,30000000000.0,1,incorrect,-1,-20.369101,-8.377495
B,above_good,36,426,4886,est_offwin,800,20000.0,-1,incorrect,-1,0.953573,4.033637
B,above_good,36,427,4887,est_offwin,823,500000.0,-1,incorrect,-1,9.446707,4.614787
B,above_good,36,428,4888,est_offwin,832,20000.0,-1,incorrect,-1,4.861998,1.350065
B,above_good,36,429,4889,est,848,10000000000.0,1,incorrect,-1,-15.698535,-5.202131
B,above_good,36,430,4890,est_offwin,899,1000000.0,-1,incorrect,-1,7.971195,4.624350
B,above_good,36,431,4891,est_offwin,923,4500000.0,-1,incorrect,-1,1.297912,5.073884
B,above_good,36,432,4892,tau_echo,962,4500000000.0,,incorrect,-1,-12.425687,5.028867
B,above_good,36,433,4893,final,962,4500000000.0,,incorrect,-1,-12.425687,5.028867
B,above_good,36,434,4894,final_corrected,923,4500000.0,,incorrect,-1,1.297912,5.073884
B,above_good,37,435,4895,end_of_prompt,196,,,unclear,,4.606232,5.180288
B,above_good,37,436,4896,est_offwin,338,5000000.0,-1,unclear,,14.299904,18.165802
B,above_good,37,437,4897,est_offwin,430,2500.0,-1,unclear,,-0.754713,12.081620
B,above_good,37,438,4898,est_offwin,476,5000000.0,-1,unclear,,13.422850,10.924511
B,above_good,37,439,4899,est_offwin,491,2500.0,-1,unclear,,5.428437,10.660718
B,above_good,37,440,4900,est,524,12500000000.0,1,unclear,,-0.082277,17.458984
B,above_good,37,441,4901,tau_echo,544,4500000000.0,,unclear,,-15.412036,-0.978694
B,above_good,37,442,4902,est,593,12500000000.0,1,unclear,,-3.550234,15.274714
B,above_good,37,443,4903,tau_echo,650,4500000000.0,,unclear,,-9.802341,0.238921
B,above_good,37,444,4904,final,650,4500000000.0,,unclear,,-9.802341,0.238921
B,above_good,37,445,4905,final_corrected,593,12500000000.0,,unclear,,-3.550234,15.274714
B,above_good,38,446,4906,end_of_prompt,196,,,correct,1,4.610257,5.177353
B,above_good,38,447,4907,est,302,100000000.0,-1,correct,1,24.804169,20.823671
B,above_good,38,448,4908,est_offwin,419,2400.0,-1,correct,1,4.544864,13.932249
B,above_good,38,449,4909,est,434,100000000.0,-1,correct,1,24.398567,24.062786
B,above_good,38,450,4910,est_offwin,444,2400.0,-1,correct,1,8.387904,13.449494
B,above_good,38,451,4911,est,465,240000000000.0,1,correct,1,-1.623661,10.527397
B,above_good,38,452,4912,tau_echo,491,4500000000.0,,correct,1,-11.547778,3.833664
B,above_good,38,453,4913,est,528,250000000000.0,1,correct,1,-10.378131,7.271713
B,above_good,38,454,4914,final,533,250000000000.0,,correct,1,-1.624735,13.102997
B,above_good,38,455,4915,final_corrected,533,250000000000.0,,correct,1,-1.624735,13.102997
B,above_good,38,456,4916,belief,563,,,correct,1,0.109303,0.942411
B,above_good,39,457,4917,end_of_prompt,196,,,unclear,,4.610257,5.177353
B,above_good,39,458,4918,est_offwin,325,2000.0,-1,unclear,,6.664720,14.478918
B,above_good,39,459,4919,est_offwin,363,1200.0,-1,unclear,,0.408433,8.263060
B,above_good,39,460,4920,est_offwin,386,2600.0,-1,unclear,,-0.155295,8.583667
B,above_good,39,461,4921,est_offwin,405,10000000.0,-1,unclear,,23.839640,22.705236
B,above_good,39,462,4922,est_offwin,473,2000.0,-1,unclear,,2.956811,7.924633
B,above_good,39,463,4923,est_offwin,496,10000000.0,-1,unclear,,16.577274,10.352283
B,above_good,39,464,4924,est_offwin,504,2000.0,-1,unclear,,5.414846,7.927444
B,above_good,39,465,4925,est,520,20000000000.0,1,unclear,,-3.796184,12.874015
B,above_good,39,466,4926,tau_echo,540,4500000000.0,,unclear,,-14.665268,-0.153514
B,above_good,39,467,4927,est,562,4000000000.0,-1,unclear,,-21.340015,0.302826
B,above_good,39,468,4928,final,562,4000000000.0,,unclear,,-21.340015,0.302826
B,above_good,39,469,4929,final_corrected,562,4000000000.0,,unclear,,-21.340015,0.302826
B,above_good,40,470,4930,end_of_prompt,196,,,correct,1,4.605688,5.169905
B,above_good,40,471,4931,est_offwin,270,25000000.0,-1,correct,1,25.617109,24.695477
B,above_good,40,472,4932,est_offwin,391,150000.0,-1,correct,1,10.231625,9.636465
B,above_good,40,473,4933,est_offwin,487,25000000.0,-1,correct,1,13.938731,12.048500
B,above_good,40,474,4934,est_offwin,497,150000.0,-1,correct,1,12.134753,4.776593
B,above_good,40,475,4935,est_offwin,527,3750000000000.0,1,correct,1,-0.013573,3.916228
B,above_good,40,476,4936,est_offwin,562,25000000.0,-1,correct,1,15.891156,18.506989
B,above_good,40,477,4937,est_offwin,585,10000000.0,-1,correct,1,10.948620,13.359186
B,above_good,40,478,4938,est_offwin,628,150000.0,-1,correct,1,7.507541,1.905972
B,above_good,40,479,4939,est_offwin,658,1500000000000.0,1,correct,1,-10.910408,-3.872358
B,above_good,40,480,4940,tau_echo,682,4500000000.0,,correct,1,-0.227676,15.305243
B,above_good,40,481,4941,final,757,4500000000.0,,correct,1,-8.699797,9.396979
B,above_good,40,482,4942,final_corrected,658,1500000000000.0,,correct,1,-10.910408,-3.872358
B,above_good,41,483,4943,end_of_prompt,196,,,incorrect,-1,4.610257,5.177353
B,above_good,41,484,4944,est_offwin,333,5000000.0,-1,incorrect,-1,16.821449,20.842215
B,above_good,41,485,4945,est_offwin,385,50000.0,-1,incorrect,-1,14.370740,12.154711
B,above_good,41,486,4946,est_offwin,420,5000000.0,-1,incorrect,-1,13.452707,11.218678
B,above_good,41,487,4947,est_offwin,435,50000.0,-1,incorrect,-1,10.968753,5.221286
B,above_good,41,488,4948,est_offwin,449,5000000.0,-1,incorrect,-1,14.055628,12.077885
B,above_good,41,489,4949,est_offwin,457,50000.0,-1,incorrect,-1,12.178096,5.053514
B,above_good,41,490,4950,est,474,250000000000.0,1,incorrect,-1,-1.112811,8.310022
B,above_good,41,491,4951,tau_echo,516,4500000000.0,,incorrect,-1,-13.638943,1.892687
B,above_good,41,492,4952,est,597,3000000000.0,-1,incorrect,-1,-21.643822,4.844799
B,above_good,41,493,4953,final,601,3000000000.0,,incorrect,-1,-3.830449,15.558922
B,above_good,41,494,4954,final_corrected,601,3000000000.0,,incorrect,-1,-3.830449,15.558922
B,above_good,42,495,4955,end_of_prompt,196,,,correct,1,4.612547,5.188650
B,above_good,42,496,4956,est_offwin,275,2500000.0,-1,correct,1,12.802055,15.937119
B,above_good,42,497,4957,est_offwin,314,20000.0,-1,correct,1,12.320739,12.698319
B,above_good,42,498,4958,est_offwin,362,40000.0,-1,correct,1,7.007242,5.684610
B,above_good,42,499,4959,est_offwin,419,2500000.0,-1,correct,1,12.816370,11.429115
B,above_good,42,500,4960,est_offwin,428,40000.0,-1,correct,1,10.682913,3.205571
B,above_good,42,501,4961,est,448,100000000000.0,1,correct,1,3.637668,7.353935
B,above_good,42,502,4962,tau_echo,468,4500000000.0,,correct,1,-11.786888,1.217407
B,above_good,42,503,4963,est,489,100000000000.0,1,correct,1,2.151765,2.613364
B,above_good,42,504,4964,final,521,100000000000.0,,correct,1,7.717209,17.851978
B,above_good,42,505,4965,final_corrected,521,100000000000.0,,correct,1,7.717209,17.851978
B,above_good,42,506,4966,belief,548,,,correct,1,0.401736,2.001229
B,above_good,43,507,4967,end_of_prompt,196,,,unclear,,4.606232,5.180288
B,above_good,43,508,4968,est_offwin,383,7500.0,-1,unclear,,2.572935,10.608798
B,above_good,43,509,4969,est_offwin,426,10000000.0,-1,unclear,,22.030716,20.914177
B,above_good,43,510,4970,est_offwin,475,7500.0,-1,unclear,,9.266248,12.495422
B,above_good,43,511,4971,est_offwin,498,10000000.0,-1,unclear,,17.346924,10.914609
B,above_good,43,512,4972,est_offwin,512,7500.0,-1,unclear,,10.076666,12.544948
B,above_good,43,513,4973,est,537,75000000000.0,1,unclear,,0.561943,12.303455
B,above_good,43,514,4974,tau_echo,562,4500000000.0,,unclear,,-13.091326,2.636954
B,above_good,43,515,4975,est,616,75000000000.0,1,unclear,,-1.480536,9.033812
B,above_good,43,516,4976,final,616,75000000000.0,,unclear,,-1.480536,9.033812
B,above_good,43,517,4977,final_corrected,616,75000000000.0,,unclear,,-1.480536,9.033812
B,above_good,44,518,4978,end_of_prompt,196,,,incorrect,-1,4.653007,5.216076
B,above_good,44,519,4979,est_offwin,308,17500000.0,-1,incorrect,-1,15.165585,17.419380
B,above_good,44,520,4980,est_offwin,385,65000.0,-1,incorrect,-1,8.873737,6.750366
B,above_good,44,521,4981,est_offwin,430,17500000.0,-1,incorrect,-1,14.520483,12.761166
B,above_good,44,522,4982,est_offwin,446,65000.0,-1,incorrect,-1,10.974762,6.227469
B,above_good,44,523,4983,est_offwin,473,1137500000000.0,1,incorrect,-1,2.084052,6.828609
B,above_good,44,524,4984,tau_echo,496,4500000000.0,,incorrect,-1,2.919903,17.359060
B,above_good,44,525,4985,est_offwin,567,3000.0,-1,incorrect,-1,-1.585064,5.729332
B,above_good,44,526,4986,est_offwin,606,17500000.0,-1,incorrect,-1,11.754995,7.922808
B,above_good,44,527,4987,est_offwin,621,3000.0,-1,incorrect,-1,2.737270,7.395611
B,above_good,44,528,4988,est,645,52500000000.0,1,incorrect,-1,-8.976446,1.048563
B,above_good,44,529,4989,tau_echo,664,4500000000.0,,incorrect,-1,-1.888174,11.468603
B,above_good,44,530,4990,est_offwin,683,3500.0,-1,incorrect,-1,-5.263692,3.221128
B,above_good,44,531,4991,est_offwin,710,17500000.0,-1,incorrect,-1,10.126072,6.642176
B,above_good,44,532,4992,est_offwin,725,3500.0,-1,incorrect,-1,0.663026,4.496449
B,above_good,44,533,4993,est,749,61250000000.0,1,incorrect,-1,-14.447737,-2.794812
B,above_good,44,534,4994,est_offwin,779,2500.0,-1,incorrect,-1,-7.935664,6.284519
B,above_good,44,535,4995,est_offwin,806,17500000.0,-1,incorrect,-1,10.082916,6.706636
B,above_good,44,536,4996,est_offwin,821,2500.0,-1,incorrect,-1,-1.428083,5.385719
B,above_good,44,537,4997,est,845,43750000000.0,1,incorrect,-1,-21.438017,-7.878886
B,above_good,44,538,4998,tau_echo,863,4500000000.0,,incorrect,-1,-4.138571,9.176263
B,above_good,44,539,4999,final,939,4500000000.0,,incorrect,-1,-15.481828,5.277702
B,above_good,44,540,5000,final_corrected,899,2625.0,,incorrect,-1,-1.521136,6.874868
B,above_good,44,541,5001,belief,518,,,incorrect,-1,2.224500,0.058972
B,above_good,45,542,5002,end_of_prompt,196,,,unclear,,4.612547,5.188650
B,above_good,45,543,5003,est_offwin,258,1000000.0,-1,unclear,,19.993938,20.320015
B,above_good,45,544,5004,est_offwin,360,2500.0,-1,unclear,,0.148826,10.537926
B,above_good,45,545,5005,est_offwin,419,1000000.0,-1,unclear,,16.903267,8.610664
B,above_good,45,546,5006,est_offwin,427,2500.0,-1,unclear,,6.644113,7.877550
B,above_good,45,547,5007,est,452,2500000000.0,-1,unclear,,-5.305559,13.589106
B,above_good,45,548,5008,tau_echo,517,4500000000.0,,unclear,,-8.964339,0.464637
B,above_good,45,549,5009,final,517,4500000000.0,,unclear,,-8.964339,0.464637
B,above_good,45,550,5010,final_corrected,492,2500000000.0,,unclear,,-5.016923,12.469727
B,above_good,46,551,5011,end_of_prompt,196,,,incorrect,-1,4.614231,5.194337
B,above_good,46,552,5012,est_offwin,361,250000.0,-1,incorrect,-1,8.684671,3.394989
B,above_good,46,553,5013,est_offwin,378,100000.0,-1,incorrect,-1,10.473808,3.891541
B,above_good,46,554,5014,est_offwin,463,2000.0,-1,incorrect,-1,-1.012525,8.988771
B,above_good,46,555,5015,est_offwin,503,70000.0,-1,incorrect,-1,3.964958,5.370862
B,above_good,46,556,5016,est_offwin,543,100000.0,-1,incorrect,-1,12.753933,7.610189
B,above_good,46,557,5017,est_offwin,559,2500000.0,-1,incorrect,-1,9.874591,11.239380
B,above_good,46,558,5018,est_offwin,589,70000.0,-1,incorrect,-1,10.304857,6.013228
B,above_good,46,559,5019,est,611,175000000000.0,1,incorrect,-1,1.613247,10.687946
B,above_good,46,560,5020,tau_echo,636,4500000000.0,,incorrect,-1,-10.705355,4.783677
B,above_good,46,561,5021,est,694,400000000.0,-1,incorrect,-1,-4.009109,4.187191
B,above_good,46,562,5022,final,694,400000000.0,,incorrect,-1,-4.009109,4.187191
B,above_good,46,563,5023,final_corrected,694,400000000.0,,incorrect,-1,-4.009109,4.187191
B,above_good,47,564,5024,end_of_prompt,196,,,incorrect,-1,4.612547,5.188650
B,above_good,47,565,5025,est_offwin,333,625000.0,-1,incorrect,-1,10.925914,9.747053
B,above_good,47,566,5026,est_offwin,399,1000.0,-1,incorrect,-1,6.407307,10.333634
B,above_good,47,567,5027,est_offwin,434,625000.0,-1,incorrect,-1,14.060805,14.104559
B,above_good,47,568,5028,est_offwin,444,1000.0,-1,incorrect,-1,7.510413,8.389808
B,above_good,47,569,5029,est,461,625000000.0,-1,incorrect,-1,9.688290,13.109949
B,above_good,47,570,5030,tau_echo,481,4500000000.0,,incorrect,-1,-6.566899,8.578087
B,above_good,47,571,5031,est,536,625000000.0,-1,incorrect,-1,3.059931,10.860023
B,above_good,47,572,5032,final,536,625000000.0,,incorrect,-1,3.059931,10.860023
B,above_good,47,573,5033,final_corrected,536,625000000.0,,incorrect,-1,3.059931,10.860023
B,above_good,47,574,5034,belief,507,,,incorrect,-1,0.927807,1.768365
B,above_good,48,575,5035,end_of_prompt,196,,,unclear,,4.612547,5.188650
B,above_good,48,576,5036,est_offwin,252,7000000.0,-1,unclear,,23.156548,22.873568
B,above_good,48,577,5037,est_offwin,417,47500.0,-1,unclear,,7.925568,7.106050
B,above_good,48,578,5038,est,442,332500000000.0,1,unclear,,-0.510775,10.618108
B,above_good,48,579,5039,tau_echo,467,4500000000.0,,unclear,,-10.179356,2.786570
B,above_good,48,580,5040,est,504,332500000000.0,1,unclear,,0.473017,4.767568
B,above_good,48,581,5041,final,504,332500000000.0,,unclear,,0.473017,4.767568
B,above_good,48,582,5042,final_corrected,504,332500000000.0,,unclear,,0.473017,4.767568
B,above_good,49,583,5043,end_of_prompt,196,,,correct,1,4.610257,5.177353
B,above_good,49,584,5044,est_offwin,421,50000.0,-1,correct,1,14.052910,11.601778
B,above_good,49,585,5045,est_offwin,497,875000.0,-1,correct,1,8.158967,8.777222
B,above_good,49,586,5046,est_offwin,526,50000.0,-1,correct,1,9.956762,5.578589
B,above_good,49,587,5047,est,550,43750000000.0,1,correct,1,-0.898152,14.115280
B,above_good,49,588,5048,tau_echo,617,4500000000.0,,correct,1,-12.077120,0.060872
B,above_good,49,589,5049,final,617,4500000000.0,,correct,1,-12.077120,0.060872
B,above_good,49,590,5050,final_corrected,596,43750000000.0,,correct,1,-3.159974,10.898317
B,above_good,49,591,5051,belief,633,,,correct,1,-0.045432,1.239497
B,above_good,50,592,5052,end_of_prompt,196,,,correct,1,4.600668,5.206914
B,above_good,50,593,5053,est_offwin,406,2500.0,-1,correct,1,4.277268,16.435633
B,above_good,50,594,5054,est_offwin,501,300000.0,-1,correct,1,9.327477,7.961304
B,above_good,50,595,5055,est_offwin,516,2500.0,-1,correct,1,5.788568,14.158488
B,above_good,50,596,5056,est_offwin,541,300000.0,-1,correct,1,16.343597,13.197863
B,above_good,50,597,5057,est_offwin,558,2500.0,-1,correct,1,6.649139,11.610595
B,above_good,50,598,5058,est,581,750000000.0,-1,correct,1,9.846965,10.609148
B,above_good,50,599,5059,tau_echo,647,4500000000.0,,correct,1,-8.235531,5.429505
B,above_good,50,600,5060,final,647,4500000000.0,,correct,1,-8.235531,5.429505
B,above_good,50,601,5061,final_corrected,624,750000000.0,,correct,1,7.088225,13.332338
B,above_good,50,602,5062,belief,665,,,correct,1,0.616598,0.777694
B,above_good,51,603,5063,end_of_prompt,196,,,correct,1,4.610257,5.177353
B,above_good,51,604,5064,est_offwin,331,250000.0,-1,correct,1,15.091441,8.083019
B,above_good,51,605,5065,est_offwin,415,12000.0,-1,correct,1,11.101433,12.965631
B,above_good,51,606,5066,est_offwin,439,20000.0,-1,correct,1,6.135666,10.529083
B,above_good,51,607,5067,est_offwin,458,250000.0,-1,correct,1,15.405187,15.552582
B,above_good,51,608,5068,est_offwin,469,20000.0,-1,correct,1,9.940512,9.232110
B,above_good,51,609,5069,est,488,5000000000.0,1,correct,1,-3.890694,16.032619
B,above_good,51,610,5070,tau_echo,588,4500000000.0,,correct,1,-16.555185,-4.981163
B,above_good,51,611,5071,final,588,4500000000.0,,correct,1,-16.555185,-4.981163
B,above_good,51,612,5072,final_corrected,516,5000000000.0,,correct,1,-5.554534,14.567708
B,above_good,51,613,5073,belief,598,,,correct,1,2.590054,4.638703
B,above_good,52,614,5074,end_of_prompt,196,,,correct,1,4.650987,5.207460
B,above_good,52,615,5075,est_offwin,271,25000000.0,-1,correct,1,24.968918,24.436111
B,above_good,52,616,5076,est_offwin,350,2500.0,-1,correct,1,5.496427,14.623813
B,above_good,52,617,5077,est_offwin,367,25000000.0,-1,correct,1,23.153938,25.264816
B,above_good,52,618,5078,est_offwin,377,2500.0,-1,correct,1,8.786832,14.126361
B,above_good,52,619,5079,est,397,62500000000.0,1,correct,1,-0.542267,15.147666
B,above_good,52,620,5080,tau_echo,417,4500000000.0,,correct,1,-14.525216,1.475187
B,above_good,52,621,5081,est,437,62500000000.0,1,correct,1,1.624431,6.746673
B,above_good,52,622,5082,final,487,62500000000.0,,correct,1,-4.903814,10.041468
B,above_good,52,623,5083,final_corrected,487,62500000000.0,,correct,1,-4.903814,10.041468
B,above_good,52,624,5084,belief,461,,,correct,1,-0.392380,2.506960
B,above_good,53,625,5085,end_of_prompt,196,,,correct,1,4.612547,5.188650
B,above_good,53,626,5086,est_offwin,324,10000.0,-1,correct,1,8.899282,7.183972
B,above_good,53,627,5087,est_offwin,359,250000.0,-1,correct,1,13.630537,7.767146
B,above_good,53,628,5088,est_offwin,416,75000.0,-1,correct,1,6.339492,5.763995
B,above_good,53,629,5089,est_offwin,443,250000.0,-1,correct,1,14.705229,12.830013
B,above_good,53,630,5090,est_offwin,459,75000.0,-1,correct,1,10.626564,5.908128
B,above_good,53,631,5091,est,483,18750000000.0,1,correct,1,-0.123704,17.059689
B,above_good,53,632,5092,tau_echo,503,4500000000.0,,correct,1,-14.376564,-0.065483
B,above_good,53,633,5093,est,531,18750000000.0,1,correct,1,-3.314783,12.469072
B,above_good,53,634,5094,final,531,18750000000.0,,correct,1,-3.314783,12.469072
B,above_good,53,635,5095,final_corrected,531,18750000000.0,,correct,1,-3.314783,12.469072
B,above_good,53,636,5096,belief,550,,,correct,1,0.571663,2.266952
B,above_good,54,637,5097,end_of_prompt,196,,,incorrect,-1,4.650987,5.207460
B,above_good,54,638,5098,est_offwin,296,1500.0,-1,incorrect,-1,0.788215,9.561862
B,above_good,54,639,5099,est_offwin,341,1000000.0,-1,incorrect,-1,14.772746,17.249674
B,above_good,54,640,5100,est_offwin,376,1500.0,-1,incorrect,-1,8.474648,12.719590
B,above_good,54,641,5101,est_offwin,398,1000000.0,-1,incorrect,-1,16.662415,9.366095
B,above_good,54,642,5102,est,422,1500000000.0,-1,incorrect,-1,-1.446885,13.849832
B,above_good,54,643,5103,tau_echo,476,4500000000.0,,incorrect,-1,-9.791174,3.025513
B,above_good,54,644,5104,final,476,4500000000.0,,incorrect,-1,-9.791174,3.025513
B,above_good,54,645,5105,final_corrected,453,1500000000.0,,incorrect,-1,-3.248250,14.999220
B,above_good,54,646,5106,belief,493,,,incorrect,-1,2.030215,1.495715
B,above_good,55,647,5107,end_of_prompt,196,,,unclear,,4.650987,5.207460
B,above_good,55,648,5108,est_offwin,285,250000.0,-1,unclear,,16.841164,11.963293
B,above_good,55,649,5109,est_offwin,328,15000.0,-1,unclear,,11.312277,12.646723
B,above_good,55,650,5110,est_offwin,392,250000.0,-1,unclear,,17.192566,11.965675
B,above_good,55,651,5111,est_offwin,401,15000.0,-1,unclear,,9.647475,6.144443
B,above_good,55,652,5112,est,416,3750000000.0,-1,unclear,,-8.159005,9.722050
B,above_good,55,653,5113,tau_echo,436,4500000000.0,,unclear,,-9.164679,2.683672
B,above_good,55,654,5114,est,458,3750000000.0,-1,unclear,,-6.452840,9.899267
B,above_good,55,655,5115,tau_echo,482,4500000000.0,,unclear,,-6.850757,1.035329
B,above_good,55,656,5116,final,482,4500000000.0,,unclear,,-6.850757,1.035329
B,above_good,55,657,5117,final_corrected,458,3750000000.0,,unclear,,-6.452840,9.899267
B,above_good,56,658,5118,end_of_prompt,196,,,correct,1,4.612547,5.188650
B,above_good,56,659,5119,est_offwin,341,1000000.0,-1,correct,1,16.195978,20.567648
B,above_good,56,660,5120,est_offwin,372,50000.0,-1,correct,1,13.753172,12.246504
B,above_good,56,661,5121,est_offwin,411,1000000.0,-1,correct,1,16.522148,13.481694
B,above_good,56,662,5122,est_offwin,422,50000.0,-1,correct,1,12.577143,7.650891
B,above_good,56,663,5123,est,442,50000000000.0,1,correct,1,-0.427479,12.621979
B,above_good,56,664,5124,tau_echo,462,4500000000.0,,correct,1,-14.881431,1.432714
B,above_good,56,665,5125,est,481,50000000000.0,1,correct,1,0.360199,4.207199
B,above_good,56,666,5126,final,481,50000000000.0,,correct,1,0.360199,4.207199
B,above_good,56,667,5127,final_corrected,481,50000000000.0,,correct,1,0.360199,4.207199
B,above_good,56,668,5128,belief,505,,,correct,1,0.543115,1.876880
B,above_good,57,669,5129,end_of_prompt,196,,,correct,1,4.605688,5.169905
B,above_good,57,670,5130,est_offwin,363,250000.0,-1,correct,1,6.716258,2.898642
B,above_good,57,671,5131,est_offwin,452,65000.0,-1,correct,1,7.770704,7.219861
B,above_good,57,672,5132,est_offwin,495,825000.0,-1,correct,1,9.679723,8.426157
B,above_good,57,673,5133,est_offwin,514,65000.0,-1,correct,1,9.642759,6.744675
B,above_good,57,674,5134,est_offwin,538,825000.0,-1,correct,1,13.782293,11.842821
B,above_good,57,675,5135,est_offwin,547,65000.0,-1,correct,1,10.668342,4.272603
B,above_good,57,676,5136,est,563,53625000000.0,1,correct,1,2.368317,14.446019
B,above_good,57,677,5137,tau_echo,589,4500000000.0,,correct,1,-13.269299,1.469381
B,above_good,57,678,5138,est_offwin,703,775000.0,-1,correct,1,4.869204,4.853806
B,above_good,57,679,5139,est_offwin,716,50000.0,-1,correct,1,2.198501,-1.293840
B,above_good,57,680,5140,est_offwin,739,775000.0,-1,correct,1,10.372589,7.837771
B,above_good,57,681,5141,est_offwin,748,50000.0,-1,correct,1,7.275165,0.624236
B,above_good,57,682,5142,est,764,38750000000.0,1,correct,1,-16.064163,-1.518244
B,above_good,57,683,5143,final,800,38750000000.0,,correct,1,-8.379745,9.139285
B,above_good,57,684,5144,final_corrected,800,38750000000.0,,correct,1,-8.379745,9.139285
B,above_good,58,685,5145,end_of_prompt,196,,,unclear,,4.605688,5.169905
B,above_good,58,686,5146,est_offwin,374,100000.0,-1,unclear,,15.455328,10.973408
B,above_good,58,687,5147,est_offwin,438,8500000.0,-1,unclear,,11.582460,9.344255
B,above_good,58,688,5148,est_offwin,448,100000.0,-1,unclear,,13.563974,3.559149
B,above_good,58,689,5149,est_offwin,474,850000000000.0,1,unclear,,1.479250,6.769786
B,above_good,58,690,5150,tau_echo,521,4500000000.0,,unclear,,-10.811199,3.487292
B,above_good,58,691,5151,est_offwin,584,7000000.0,-1,unclear,,4.704947,3.198408
B,above_good,58,692,5152,est_offwin,606,50000.0,-1,unclear,,4.451701,1.549700
B,above_good,58,693,5153,est_offwin,626,7000000.0,-1,unclear,,12.907171,7.852635
B,above_good,58,694,5154,est_offwin,635,50000.0,-1,unclear,,9.927115,2.438037
B,above_good,58,695,5155,est,661,350000000000.0,1,unclear,,-9.925808,-1.477822
B,above_good,58,696,5156,tau_echo,681,4500000000.0,,unclear,,-9.381445,0.605433
B,above_good,58,697,5157,est_offwin,724,4000000.0,-1,unclear,,-2.155663,-1.285049
B,above_good,58,698,5158,est_offwin,745,1000.0,-1,unclear,,-0.182222,0.189853
B,above_good,58,699,5159,est_offwin,780,4000000.0,-1,unclear,,7.380310,3.849539
B,above_good,58,700,5160,est_offwin,788,1000.0,-1,unclear,,3.290962,1.238400
B,above_good,58,701,5161,est,812,4000000000.0,-1,unclear,,-13.349910,1.306967
B,above_good,58,702,5162,tau_echo,842,4500000000.0,,unclear,,-12.863506,8.504585
B,above_good,58,703,5163,final,842,4500000000.0,,unclear,,-12.863506,8.504585
B,above_good,58,704,5164,final_corrected,812,4000000000.0,,unclear,,-13.349910,1.306967
B,above_good,59,705,5165,end_of_prompt,196,,,correct,1,4.600668,5.206914
B,above_good,59,706,5166,est_offwin,283,10000000.0,-1,correct,1,23.643106,21.129925
B,above_good,59,707,5167,est_offwin,373,100000.0,-1,correct,1,15.384452,9.736406
B,above_good,59,708,5168,est_offwin,454,10000000.0,-1,correct,1,14.938414,8.173051
B,above_good,59,709,5169,est_offwin,464,100000.0,-1,correct,1,12.936522,1.884502
B,above_good,59,710,5170,est_offwin,494,1000000000000.0,1,correct,1,2.654893,1.812817
B,above_good,59,711,5171,tau_echo,514,4500000000.0,,correct,1,-12.071447,2.002004
B,above_good,59,712,5172,est_offwin,592,50000.0,-1,correct,1,6.663806,2.750592
B,above_good,59,713,5173,est_offwin,602,250000.0,-1,correct,1,5.697425,4.884797
B,above_good,59,714,5174,est_offwin,669,1000000000000.0,1,correct,1,-1.073797,2.022853
B,above_good,59,715,5175,tau_echo,692,4500000000.0,,correct,1,-13.603386,-0.082666
B,above_good,59,716,5176,final,692,4500000000.0,,correct,1,-13.603386,-0.082666
B,above_good,59,717,5177,final_corrected,669,1000000000000.0,,correct,1,-1.073797,2.022853
B,above_good,60,718,5178,end_of_prompt,196,,,unclear,,4.610257,5.177353
B,above_good,60,719,5179,est_offwin,286,250000.0,-1,unclear,,14.417311,9.097722
B,above_good,60,720,5180,est_offwin,386,5000.0,-1,unclear,,5.215661,9.555303
B,above_good,60,721,5181,est_offwin,419,250000.0,-1,unclear,,15.881306,13.721331
B,above_good,60,722,5182,est_offwin,434,5000.0,-1,unclear,,7.376312,8.195988
B,above_good,60,723,5183,est,457,1250000000.0,-1,unclear,,0.244370,12.885305
B,above_good,60,724,5184,tau_echo,486,4500000000.0,,unclear,,-9.506697,3.574678
B,above_good,60,725,5185,est,533,1250000000.0,-1,unclear,,-2.996027,13.596987
B,above_good,60,726,5186,tau_echo,579,4500000000.0,,unclear,,-9.569265,3.649647
B,above_good,60,727,5187,final,579,4500000000.0,,unclear,,-9.569265,3.649647
B,above_good,60,728,5188,final_corrected,533,1250000000.0,,unclear,,-2.996027,13.596987
B,above_good,61,729,5189,end_of_prompt,196,,,incorrect,-1,4.605688,5.169905
B,above_good,61,730,5190,est_offwin,265,25000000.0,-1,incorrect,-1,25.943029,24.722172
B,above_good,61,731,5191,est_offwin,354,100000.0,-1,incorrect,-1,16.313101,11.867495
B,above_good,61,732,5192,est_offwin,383,200000.0,-1,incorrect,-1,8.050414,7.513050
B,above_good,61,733,5193,est_offwin,430,150000.0,-1,incorrect,-1,9.123220,9.172633
B,above_good,61,734,5194,est_offwin,446,25000000.0,-1,incorrect,-1,21.813612,24.808331
B,above_good,61,735,5195,est_offwin,460,150000.0,-1,incorrect,-1,11.754255,8.616669
B,above_good,61,736,5196,est_offwin,480,25000000.0,-1,incorrect,-1,14.901077,12.976419
B,above_good,61,737,5197,est_offwin,492,150000.0,-1,incorrect,-1,12.418549,7.863964
B,above_good,61,738,5198,est_offwin,521,3750000000000.0,1,incorrect,-1,0.925744,4.495779
B,above_good,61,739,5199,tau_echo,545,4500000000.0,,incorrect,-1,0.259029,15.563500
B,above_good,61,740,5200,est_offwin,629,1728.0,-1,incorrect,-1,4.652906,6.739576
B,above_good,61,741,5201,est_offwin,679,310000.0,-1,incorrect,-1,6.170685,7.674762
B,above_good,61,742,5202,est_offwin,694,2700000.0,-1,incorrect,-1,12.080879,18.684879
B,above_good,61,743,5203,est_offwin,738,310000.0,-1,incorrect,-1,8.614833,5.544242
B,above_good,61,744,5204,est_offwin,757,837000000000.0,1,incorrect,-1,-11.766802,-2.052957
B,above_good,61,745,5205,tau_echo,784,4500000000.0,,incorrect,-1,-2.373790,12.012597
B,above_good,61,746,5206,est,795,3000000000.0,-1,incorrect,-1,-9.872755,17.593719
B,above_good,61,747,5207,final,834,3000000000.0,,incorrect,-1,-0.434753,16.218004
B,above_good,61,748,5208,final_corrected,834,3000000000.0,,incorrect,-1,-0.434753,16.218004
B,above_good,62,749,5209,end_of_prompt,196,,,correct,1,4.612547,5.188650
B,above_good,62,750,5210,est_offwin,318,500000.0,-1,correct,1,15.316419,7.976713
B,above_good,62,751,5211,est_offwin,420,40000.0,-1,correct,1,10.964709,9.714759
B,above_good,62,752,5212,est_offwin,446,500000.0,-1,correct,1,15.145523,11.139268
B,above_good,62,753,5213,est_offwin,461,40000.0,-1,correct,1,8.967314,4.557504
B,above_good,62,754,5214,est_offwin,475,500000.0,-1,correct,1,16.230831,11.464626
B,above_good,62,755,5215,est_offwin,483,40000.0,-1,correct,1,11.325672,4.550679
B,above_good,62,756,5216,est,499,20000000000.0,1,correct,1,-1.153396,14.527492
B,above_good,62,757,5217,tau_echo,545,4500000000.0,,correct,1,-16.068460,-0.500736
B,above_good,62,758,5218,final,545,4500000000.0,,correct,1,-16.068460,-0.500736
B,above_good,62,759,5219,final_corrected,524,20000000000.0,,correct,1,-4.435600,13.528351
B,above_good,62,760,5220,belief,569,,,correct,1,0.258102,2.101805
B,above_good,63,761,5221,end_of_prompt,196,,,correct,1,4.610257,5.177353
B,above_good,63,762,5222,est_offwin,302,8000000.0,-1,correct,1,20.649347,22.136734
B,above_good,63,763,5223,est_offwin,440,15000.0,-1,correct,1,8.363297,11.113776
B,above_good,63,764,5224,est_offwin,452,8000000.0,-1,correct,1,20.596413,20.151390
B,above_good,63,765,5225,est_offwin,487,15000.0,-1,correct,1,8.879173,8.100882
B,above_good,63,766,5226,est,512,120000000000.0,1,correct,1,1.810649,9.848932
B,above_good,63,767,5227,tau_echo,563,4500000000.0,,correct,1,-13.419474,1.627504
B,above_good,63,768,5228,final,563,4500000000.0,,correct,1,-13.419474,1.627504
B,above_good,63,769,5229,final_corrected,543,120000000000.0,,correct,1,-1.439089,8.675080
B,above_good,63,770,5230,belief,578,,,correct,1,1.279099,0.304163
B,above_good,64,771,5231,end_of_prompt,196,,,incorrect,-1,4.605688,5.169905
B,above_good,64,772,5232,est_offwin,270,25000000.0,-1,incorrect,-1,25.396889,24.519974
B,above_good,64,773,5233,est_offwin,369,75000.0,-1,incorrect,-1,8.566852,6.844450
B,above_good,64,774,5234,est_offwin,414,25000000.0,-1,incorrect,-1,14.834757,12.741579
B,above_good,64,775,5235,est_offwin,430,75000.0,-1,incorrect,-1,11.027052,5.541502
B,above_good,64,776,5236,est_offwin,457,1875000000000.0,1,incorrect,-1,2.129071,6.610471
B,above_good,64,777,5237,tau_echo,512,4500000000.0,,incorrect,-1,-12.649620,2.426117
B,above_good,64,778,5238,est_offwin,565,20000.0,-1,incorrect,-1,0.396805,3.149097
B,above_good,64,779,5239,est_offwin,586,25000000.0,-1,incorrect,-1,11.880756,9.969542
B,above_good,64,780,5240,est_offwin,602,20000.0,-1,incorrect,-1,6.178294,4.240497
B,above_good,64,781,5241,est,623,500000000.0,-1,incorrect,-1,1.016927,1.507233
B,above_good,64,782,5242,est_offwin,656,45000.0,-1,incorrect,-1,0.001330,3.368545
B,above_good,64,783,5243,est_offwin,673,25000000.0,-1,incorrect,-1,10.552673,10.384327
B,above_good,64,784,5244,est_offwin,689,45000.0,-1,incorrect,-1,4.899242,2.023463
B,above_good,64,785,5245,est,712,1125000000.0,-1,incorrect,-1,-7.734815,1.566721
B,above_good,64,786,5246,est_offwin,753,18000.0,-1,incorrect,-1,-4.306535,3.098684
B,above_good,64,787,5247,est_offwin,770,25000000.0,-1,incorrect,-1,8.656469,8.213743
B,above_good,64,788,5248,est_offwin,786,18000.0,-1,incorrect,-1,2.169801,2.486427
B,above_good,64,789,5249,est,807,450000000.0,-1,incorrect,-1,-7.513813,-3.446322
B,above_good,64,790,5250,tau_echo,870,4500000000.0,,incorrect,-1,-9.773959,2.357368
B,above_good,64,791,5251,final,870,4500000000.0,,incorrect,-1,-9.773959,2.357368
B,above_good,64,792,5252,final_corrected,841,450000000.0,,incorrect,-1,-1.494336,6.115501
B,above_good,65,793,5253,end_of_prompt,196,,,incorrect,-1,4.600668,5.206914
B,above_good,65,794,5254,tau_echo,257,4500000000.0,,incorrect,-1,-5.860409,7.555295
B,above_good,65,795,5255,est_offwin,490,10000.0,-1,incorrect,-1,8.517232,8.878131
B,above_good,65,796,5256,est_offwin,523,6000000.0,-1,incorrect,-1,13.478502,14.642853
B,above_good,65,797,5257,est_offwin,543,5000000.0,-1,incorrect,-1,10.514711,15.427725
B,above_good,65,798,5258,est_offwin,563,6000000.0,-1,incorrect,-1,11.183174,11.291164
B,above_good,65,799,5259,est_offwin,583,5000000.0,-1,incorrect,-1,7.568134,6.238874
B,above_good,65,800,5260,est,606,30000000000.0,1,incorrect,-1,-3.974234,12.859430
B,above_good,65,801,5261,tau_echo,633,4500000000.0,,incorrect,-1,-13.532581,-0.189243
B,above_good,65,802,5262,est,673,3500000000.0,-1,incorrect,-1,-19.477184,5.868540
B,above_good,65,803,5263,final,673,3500000000.0,,incorrect,-1,-19.477184,5.868540
B,above_good,65,804,5264,final_corrected,673,3500000000.0,,incorrect,-1,-19.477184,5.868540
B,above_good,66,805,5265,end_of_prompt,196,,,correct,1,4.605688,5.169905
B,above_good,66,806,5266,est_offwin,533,5000.0,-1,correct,1,7.893964,12.787962
B,above_good,66,807,5267,est_offwin,566,7000.0,-1,correct,1,1.738549,5.215551
B,above_good,66,808,5268,est_offwin,583,6000.0,-1,correct,1,1.913230,9.777374
B,above_good,66,809,5269,est_offwin,670,2250000.0,-1,correct,1,9.965631,10.252190
B,above_good,66,810,5270,est_offwin,685,6000.0,-1,correct,1,5.530951,7.017205
B,above_good,66,811,5271,est,724,13500000000.0,1,correct,1,-0.197457,16.433441
B,above_good,66,812,5272,tau_echo,746,4500000000.0,,correct,1,-15.361311,-0.374265
B,above_good,66,813,5273,est,766,13500000000.0,1,correct,1,-3.036536,12.632845
B,above_good,66,814,5274,final,807,13500000000.0,,correct,1,-0.130471,8.070371
B,above_good,66,815,5275,final_corrected,807,13500000000.0,,correct,1,-0.130471,8.070371
B,above_good,66,816,5276,belief,841,,,correct,1,1.740863,2.747248
B,above_good,67,817,5277,end_of_prompt,196,,,correct,1,4.632525,5.177039
B,above_good,67,818,5278,est_offwin,502,1500000.0,-1,correct,1,12.721416,12.355444
B,above_good,67,819,5279,est,523,1200000000.0,-1,correct,1,-0.566137,9.478553
B,above_good,67,820,5280,tau_echo,549,4500000000.0,,correct,1,-7.040081,8.675428
B,above_good,67,821,5281,est,568,1200000000.0,-1,correct,1,-0.453718,4.582707
B,above_good,67,822,5282,tau_echo,647,4500000000.0,,correct,1,-9.552378,3.945214
B,above_good,67,823,5283,final,647,4500000000.0,,correct,1,-9.552378,3.945214
B,above_good,67,824,5284,final_corrected,625,1200000000.0,,correct,1,-0.938223,10.110516
B,above_good,67,825,5285,belief,667,,,correct,1,1.193631,1.451159
B,above_good,68,826,5286,end_of_prompt,196,,,unclear,,4.606232,5.180288
B,above_good,68,827,5287,est_offwin,318,2000000.0,-1,unclear,,16.795441,21.999563
B,above_good,68,828,5288,est_offwin,458,4000.0,-1,unclear,,-2.037704,2.238549
B,above_good,68,829,5289,est_offwin,480,4400.0,-1,unclear,,-1.658882,5.628649
B,above_good,68,830,5290,est_offwin,505,2000000.0,-1,unclear,,16.601046,22.910622
B,above_good,68,831,5291,est_offwin,518,4400.0,-1,unclear,,7.510472,10.496572
B,above_good,68,832,5292,est_offwin,547,2000000.0,-1,unclear,,14.012901,13.169136
B,above_good,68,833,5293,est_offwin,562,4400.0,-1,unclear,,7.155562,8.472137
B,above_good,68,834,5294,est,585,8800000000.0,1,unclear,,-1.667036,15.764784
B,above_good,68,835,5295,tau_echo,612,4500000000.0,,unclear,,-16.391329,0.401457
B,above_good,68,836,5296,est,632,8800000000.0,1,unclear,,-3.724158,12.660720
B,above_good,68,837,5297,final,632,8800000000.0,,unclear,,-3.724158,12.660720
B,above_good,68,838,5298,final_corrected,632,8800000000.0,,unclear,,-3.724158,12.660720
B,above_good,69,839,5299,end_of_prompt,196,,,correct,1,4.632525,5.177039
B,above_good,69,840,5300,est_offwin,471,5850.0,-1,correct,1,6.020825,12.575125
B,above_good,69,841,5301,est_offwin,541,500000.0,-1,correct,1,14.133201,10.066724
B,above_good,69,842,5302,est_offwin,549,5850.0,-1,correct,1,7.673962,7.451795
B,above_good,69,843,5303,est,564,2925000000.0,-1,correct,1,-5.519761,13.011499
B,above_good,69,844,5304,tau_echo,590,4500000000.0,,correct,1,-10.317453,3.187718
B,above_good,69,845,5305,est,630,2925000000.0,-1,correct,1,-5.547973,11.232471
B,above_good,69,846,5306,final,630,2925000000.0,,correct,1,-5.547973,11.232471
B,above_good,69,847,5307,final_corrected,630,2925000000.0,,correct,1,-5.547973,11.232471
B,above_good,69,848,5308,belief,658,,,correct,1,0.326472,0.757914
B,above_good,70,849,5309,end_of_prompt,196,,,incorrect,-1,4.612547,5.188650
B,above_good,70,850,5310,est_offwin,429,15000.0,-1,incorrect,-1,5.489877,11.215960
B,above_good,70,851,5311,est,547,337500000000.0,1,incorrect,-1,-0.267552,9.712231
B,above_good,70,852,5312,est_offwin,605,12000.0,-1,incorrect,-1,-0.295620,4.156655
B,above_good,70,853,5313,est,664,270000000000.0,1,incorrect,-1,-14.669152,-3.960786
B,above_good,70,854,5314,tau_echo,684,4500000000.0,,incorrect,-1,-11.098661,2.125332
B,above_good,70,855,5315,est_offwin,724,15000.0,-1,incorrect,-1,2.890990,2.491313
B,above_good,70,856,5316,est,841,300000000000.0,1,incorrect,-1,-19.455311,-8.341578
B,above_good,70,857,5317,est_offwin,884,11000.0,-1,incorrect,-1,-4.226901,-0.817958
B,above_good,70,858,5318,est,912,220000000000.0,1,incorrect,-1,-22.695581,-10.513917
B,above_good,70,859,5319,est_offwin,958,10000.0,-1,incorrect,-1,-2.782651,-3.955305
B,above_good,70,860,5320,est,986,200000000000.0,1,incorrect,-1,-20.567455,-10.000707
B,above_good,70,861,5321,est_offwin,1023,45000.0,-1,incorrect,-1,0.380234,0.449895
B,above_good,70,862,5322,est,1051,450000000000.0,1,incorrect,-1,-15.277327,-4.260015
B,above_good,70,863,5323,tau_echo,1091,4500000000.0,,incorrect,-1,-12.243479,4.803243
B,above_good,70,864,5324,final,1117,4500000000.0,,incorrect,-1,-9.859571,7.382085
B,above_good,70,865,5325,final_corrected,1051,450000000000.0,,incorrect,-1,-15.277327,-4.260015
B,above_good,71,866,5326,end_of_prompt,196,,,unclear,,4.610257,5.177353
B,above_good,71,867,5327,est_offwin,297,5000000.0,-1,unclear,,21.410650,23.078054
B,above_good,71,868,5328,est_offwin,394,5000.0,-1,unclear,,1.623327,10.384590
B,above_good,71,869,5329,est_offwin,414,5000000.0,-1,unclear,,21.298759,24.102684
B,above_good,71,870,5330,est_offwin,424,5000.0,-1,unclear,,9.643355,12.449033
B,above_good,71,871,5331,est_offwin,443,5000000.0,-1,unclear,,15.557312,13.357195
B,above_good,71,872,5332,est_offwin,450,5000.0,-1,unclear,,10.473289,9.825895
B,above_good,71,873,5333,est,466,25000000000.0,1,unclear,,-2.192830,15.960709
B,above_good,71,874,5334,tau_echo,524,4500000000.0,,unclear,,-15.054778,-1.117110
B,above_good,71,875,5335,final,524,4500000000.0,,unclear,,-15.054778,-1.117110
B,above_good,71,876,5336,final_corrected,504,25000000000.0,,unclear,,-4.070339,11.390390
B,above_good,72,877,5337,end_of_prompt,196,,,correct,1,4.610257,5.177353
B,above_good,72,878,5338,est_offwin,399,1250.0,-1,correct,1,0.963919,10.380434
B,above_good,72,879,5339,est_offwin,449,4000000.0,-1,correct,1,11.693878,16.482786
B,above_good,72,880,5340,est_offwin,507,1250.0,-1,correct,1,5.341845,10.308723
B,above_good,72,881,5341,est,532,5000000000.0,1,correct,1,-6.131882,14.691187
B,above_good,72,882,5342,tau_echo,590,4500000000.0,,correct,1,-16.417616,-3.645849
B,above_good,72,883,5343,final,590,4500000000.0,,correct,1,-16.417616,-3.645849
B,above_good,72,884,5344,final_corrected,568,5000000000.0,,correct,1,-4.449230,11.684547
B,above_good,72,885,5345,belief,611,,,correct,1,0.208833,0.747672
B,above_good,73,886,5346,end_of_prompt,196,,,incorrect,-1,4.612547,5.188650
B,above_good,73,887,5347,est_offwin,353,1000000.0,-1,incorrect,-1,14.738487,17.227278
B,above_good,73,888,5348,est_offwin,395,1800.0,-1,incorrect,-1,-0.330355,11.227245
B,above_good,73,889,5349,est_offwin,404,1000000.0,-1,incorrect,-1,18.512981,18.448071
B,above_good,73,890,5350,est_offwin,417,1800.0,-1,incorrect,-1,8.420362,13.730445
B,above_good,73,891,5351,est_offwin,439,1000000.0,-1,incorrect,-1,16.376757,9.159584
B,above_good,73,892,5352,est,463,1800000000.0,-1,incorrect,-1,-5.131195,13.869566
B,above_good,73,893,5353,tau_echo,519,4500000000.0,,incorrect,-1,-10.372652,2.924026
B,above_good,73,894,5354,final,519,4500000000.0,,incorrect,-1,-10.372652,2.924026
B,above_good,73,895,5355,final_corrected,494,1800000000.0,,incorrect,-1,-4.142340,14.987011
B,above_good,73,896,5356,belief,532,,,incorrect,-1,0.759825,0.981972
B,above_good,74,897,5357,end_of_prompt,196,,,correct,1,4.610257,5.177353
B,above_good,74,898,5358,est_offwin,256,25000000.0,-1,correct,1,25.966204,24.378325
B,above_good,74,899,5359,est_offwin,384,2000.0,-1,correct,1,0.808401,12.007970
B,above_good,74,900,5360,est_offwin,453,25000000.0,-1,correct,1,14.617491,11.571447
B,above_good,74,901,5361,est_offwin,461,2000.0,-1,correct,1,4.739416,7.563057
B,above_good,74,902,5362,est,486,50000000000.0,1,correct,1,1.896670,11.626311
B,above_good,74,903,5363,tau_echo,552,4500000000.0,,correct,1,-13.064447,0.203791
B,above_good,74,904,5364,final,552,4500000000.0,,correct,1,-13.064447,0.203791
B,above_good,74,905,5365,final_corrected,529,50000000000.0,,correct,1,-1.789663,9.093603
B,above_good,74,906,5366,belief,572,,,correct,1,0.490586,1.614066
B,above_good,75,907,5367,end_of_prompt,196,,,correct,1,4.612547,5.188650
B,above_good,75,908,5368,est_offwin,404,3000.0,-1,correct,1,-2.143660,8.309283
B,above_good,75,909,5369,est,493,24000000000.0,1,correct,1,-2.045038,15.154436
B,above_good,75,910,5370,tau_echo,513,4500000000.0,,correct,1,-14.371069,-0.088055
B,above_good,75,911,5371,est,538,24000000000.0,1,correct,1,-4.216572,9.740395
B,above_good,75,912,5372,final,538,24000000000.0,,correct,1,-4.216572,9.740395
B,above_good,75,913,5373,final_corrected,538,24000000000.0,,correct,1,-4.216572,9.740395
B,above_good,75,914,5374,belief,557,,,correct,1,-0.507422,2.323905
B,above_good,76,915,5375,end_of_prompt,196,,,unclear,,4.612547,5.188650
B,above_good,76,916,5376,est_offwin,274,2500000.0,-1,unclear,,18.125790,20.283031
B,above_good,76,917,5377,est_offwin,338,2000.0,-1,unclear,,6.369380,14.101389
B,above_good,76,918,5378,est_offwin,430,2500000.0,-1,unclear,,13.128422,9.327333
B,above_good,76,919,5379,est,445,5000000000.0,1,unclear,,-4.757300,11.720869
B,above_good,76,920,5380,tau_echo,465,4500000000.0,,unclear,,-17.737112,-3.445652
B,above_good,76,921,5381,est,485,5000000000.0,1,unclear,,-5.325258,12.041745
B,above_good,76,922,5382,final,485,5000000000.0,,unclear,,-5.325258,12.041745
B,above_good,76,923,5383,final_corrected,485,5000000000.0,,unclear,,-5.325258,12.041745
B,above_good,77,924,5384,end_of_prompt,196,,,correct,1,4.650987,5.207460
B,above_good,77,925,5385,est_offwin,289,800000.0,-1,correct,1,15.586201,6.752671
B,above_good,77,926,5386,est_offwin,304,2000000.0,-1,correct,1,8.700798,20.759178
B,above_good,77,927,5387,est_offwin,344,2000.0,-1,correct,1,4.048321,13.698111
B,above_good,77,928,5388,est,380,4000000000.0,-1,correct,1,6.261487,24.426271
B,above_good,77,929,5389,tau_echo,461,4500000000.0,,correct,1,-11.873609,-0.054702
B,above_good,77,930,5390,final,461,4500000000.0,,correct,1,-11.873609,-0.054702
B,above_good,77,931,5391,final_corrected,435,4000000000.0,,correct,1,-7.767647,9.522497
B,above_good,77,932,5392,belief,490,,,correct,1,-0.059048,0.093628
B,above_good,78,933,5393,end_of_prompt,196,,,unclear,,4.610257,5.177353
B,above_good,78,934,5394,est_offwin,327,3000.0,-1,unclear,,5.839565,12.309965
B,above_good,78,935,5395,est_offwin,349,5000.0,-1,unclear,,5.556955,8.655689
B,above_good,78,936,5396,est_offwin,371,100000.0,-1,unclear,,12.970196,4.519014
B,above_good,78,937,5397,est_offwin,406,3000.0,-1,unclear,,7.771610,11.939608
B,above_good,78,938,5398,est_offwin,419,100000.0,-1,unclear,,15.634815,8.121577
B,above_good,78,939,5399,est,439,3000000000.0,-1,unclear,,-8.080381,10.878450
B,above_good,78,940,5400,est,488,75000000000.0,1,unclear,,-1.481625,7.204700
B,above_good,78,941,5401,est,528,37500000000.0,1,unclear,,-10.853559,7.358199
B,above_good,78,942,5402,final,592,37500000000.0,,unclear,,-6.490025,8.225291
B,above_good,78,943,5403,final_corrected,592,37500000000.0,,unclear,,-6.490025,8.225291
B,above_good,79,944,5404,end_of_prompt,196,,,correct,1,4.650987,5.207460
B,above_good,79,945,5405,est_offwin,268,25000000.0,-1,correct,1,25.696165,24.375360
B,above_good,79,946,5406,est_offwin,322,2000.0,-1,correct,1,7.295596,15.759645
B,above_good,79,947,5407,est_offwin,364,25000000.0,-1,correct,1,15.759143,13.027149
B,above_good,79,948,5408,est_offwin,379,2000.0,-1,correct,1,5.693033,10.283036
B,above_good,79,949,5409,est,403,50000000000.0,1,correct,1,0.396454,11.893011
B,above_good,79,950,5410,tau_echo,470,4500000000.0,,correct,1,-13.026175,0.311564
B,above_good,79,951,5411,final,470,4500000000.0,,correct,1,-13.026175,0.311564
B,above_good,79,952,5412,final_corrected,447,50000000000.0,,correct,1,-1.799493,9.121087
B,above_good,79,953,5413,belief,485,,,correct,1,0.310730,0.304681
B,above_good,80,954,5414,end_of_prompt,196,,,correct,1,4.612547,5.188650
B,above_good,80,955,5415,est_offwin,280,25000000.0,-1,correct,1,25.448965,23.905933
B,above_good,80,956,5416,est_offwin,381,2475.0,-1,correct,1,7.262883,17.869257
B,above_good,80,957,5417,est_offwin,415,25000000.0,-1,correct,1,15.768546,14.858816
B,above_good,80,958,5418,est_offwin,424,2475.0,-1,correct,1,8.695364,14.447649
B,above_good,80,959,5419,est,444,61875000000.0,1,correct,1,0.612949,16.594017
B,above_good,80,960,5420,tau_echo,464,4500000000.0,,correct,1,-15.333951,1.185837
B,above_good,80,961,5421,est,495,61875000000.0,1,correct,1,-1.364851,12.908395
B,above_good,80,962,5422,final,495,61875000000.0,,correct,1,-1.364851,12.908395
B,above_good,80,963,5423,final_corrected,495,61875000000.0,,correct,1,-1.364851,12.908395
B,above_good,81,964,5424,end_of_prompt,196,,,incorrect,-1,4.612547,5.188650
B,above_good,81,965,5425,est_offwin,257,2500000.0,-1,incorrect,-1,19.229561,19.012661
B,above_good,81,966,5426,est,460,2000000000.0,-1,incorrect,-1,-6.256451,10.145531
B,above_good,81,967,5427,tau_echo,525,4500000000.0,,incorrect,-1,-9.176286,2.797954
B,above_good,81,968,5428,final,525,4500000000.0,,incorrect,-1,-9.176286,2.797954
B,above_good,81,969,5429,final_corrected,502,2000000000.0,,incorrect,-1,-4.026820,12.622360
B,above_good,81,970,5430,belief,537,,,incorrect,-1,0.969390,2.150710
B,above_good,82,971,5431,end_of_prompt,196,,,incorrect,-1,4.610257,5.177353
B,above_good,82,972,5432,est_offwin,264,25000000.0,-1,incorrect,-1,25.760458,24.746346
B,above_good,82,973,5433,est_offwin,336,50000.0,-1,incorrect,-1,14.956268,11.954564
B,above_good,82,974,5434,est_offwin,429,25000000.0,-1,incorrect,-1,13.632164,10.643358
B,above_good,82,975,5435,est_offwin,438,50000.0,-1,incorrect,-1,10.302134,2.411862
B,above_good,82,976,5436,est_offwin,457,1250000000000.0,1,incorrect,-1,1.447610,4.872820
B,above_good,82,977,5437,tau_echo,477,4500000000.0,,incorrect,-1,-9.621523,3.505544
B,above_good,82,978,5438,final,578,4500000000.0,,incorrect,-1,-10.560425,5.273116
B,above_good,82,979,5439,final_corrected,457,1250000000000.0,,incorrect,-1,1.447610,4.872820
B,above_good,83,980,5440,end_of_prompt,196,,,correct,1,4.610257,5.177353
B,above_good,83,981,5441,est_offwin,294,100000.0,-1,correct,1,14.906382,5.167778
B,above_good,83,982,5442,est_offwin,313,1500000.0,-1,correct,1,18.440403,20.542423
B,above_good,83,983,5443,est_offwin,391,4000.0,-1,correct,1,1.541372,6.669663
B,above_good,83,984,5444,est_offwin,412,1500000.0,-1,correct,1,22.057903,22.691656
B,above_good,83,985,5445,est_offwin,422,4000.0,-1,correct,1,6.698370,8.607821
B,above_good,83,986,5446,est_offwin,445,1500000.0,-1,correct,1,15.028311,12.826300
B,above_good,83,987,5447,est_offwin,460,4000.0,-1,correct,1,5.952903,7.123701
B,above_good,83,988,5448,est,483,6000000000.0,1,correct,1,-2.300689,15.230761
B,above_good,83,989,5449,tau_echo,558,4500000000.0,,correct,1,-17.088858,-3.759188
B,above_good,83,990,5450,final,558,4500000000.0,,correct,1,-17.088858,-3.759188
B,above_good,83,991,5451,final_corrected,531,6000000000.0,,correct,1,-3.853463,12.604496
B,above_good,83,992,5452,belief,579,,,correct,1,1.420299,1.545279
B,above_good,84,993,5453,end_of_prompt,196,,,unclear,,4.610257,5.177353
B,above_good,84,994,5454,est_offwin,293,2000000.0,-1,unclear,,16.460463,20.056278
B,above_good,84,995,5455,est_offwin,378,1100.0,-1,unclear,,1.327767,8.959222
B,above_good,84,996,5456,est_offwin,451,2000000.0,-1,unclear,,13.859920,10.767940
B,above_good,84,997,5457,est_offwin,458,1100.0,-1,unclear,,8.318966,10.270435
B,above_good,84,998,5458,est,473,2200000000.0,-1,unclear,,-2.298319,12.874005
B,above_good,84,999,5459,tau_echo,495,4500000000.0,,unclear,,-8.279386,6.521821
B,above_good,84,1000,5460,est,539,2200000000.0,-1,unclear,,-5.130373,10.468924
B,above_good,84,1001,5461,final,539,2200000000.0,,unclear,,-5.130373,10.468924
B,above_good,84,1002,5462,final_corrected,539,2200000000.0,,unclear,,-5.130373,10.468924
B,above_good,85,1003,5463,end_of_prompt,196,,,correct,1,4.612547,5.188650
B,above_good,85,1004,5464,est_offwin,304,2000000.0,-1,correct,1,13.041996,20.765816
B,above_good,85,1005,5465,est_offwin,398,7500.0,-1,correct,1,4.000558,9.985409
B,above_good,85,1006,5466,est_offwin,421,2000000.0,-1,correct,1,18.906263,20.376225
B,above_good,85,1007,5467,est_offwin,436,7500.0,-1,correct,1,9.195255,8.046784
B,above_good,85,1008,5468,est_offwin,451,2000000.0,-1,correct,1,13.722994,12.389561
B,above_good,85,1009,5469,est_offwin,459,7500.0,-1,correct,1,8.500357,6.920295
B,above_good,85,1010,5470,est,475,15000000000.0,1,correct,1,-0.454997,15.477138
B,above_good,85,1011,5471,tau_echo,540,4500000000.0,,correct,1,-13.668061,-1.333405
B,above_good,85,1012,5472,final,540,4500000000.0,,correct,1,-13.668061,-1.333405
B,above_good,85,1013,5473,final_corrected,517,15000000000.0,,correct,1,-3.353454,12.123232
B,above_good,85,1014,5474,belief,566,,,correct,1,-0.097735,0.202558
B,above_good,86,1015,5475,end_of_prompt,196,,,correct,1,4.600668,5.206914
B,above_good,86,1016,5476,est_offwin,303,500000.0,-1,correct,1,13.506213,5.796678
B,above_good,86,1017,5477,est_offwin,331,100000.0,-1,correct,1,6.089278,-2.117717
B,above_good,86,1018,5478,est_offwin,361,600000.0,-1,correct,1,6.743134,2.758449
B,above_good,86,1019,5479,est_offwin,400,250000.0,-1,correct,1,2.086316,0.138461
B,above_good,86,1020,5480,est_offwin,446,50000.0,-1,correct,1,11.025690,10.241964
B,above_good,86,1021,5481,est_offwin,472,500000.0,-1,correct,1,11.991587,10.355651
B,above_good,86,1022,5482,est_offwin,489,100000.0,-1,correct,1,6.149679,1.127035
B,above_good,86,1023,5483,est_offwin,507,600000.0,-1,correct,1,4.502238,2.177230
B,above_good,86,1024,5484,est_offwin,523,250000.0,-1,correct,1,2.007364,1.851531
B,above_good,86,1025,5485,est_offwin,542,1450000.0,-1,correct,1,9.603619,10.990329
B,above_good,86,1026,5486,est_offwin,554,50000.0,-1,correct,1,9.142530,7.718605
B,above_good,86,1027,5487,est_offwin,578,1450000.0,-1,correct,1,15.538593,13.484758
B,above_good,86,1028,5488,est_offwin,587,50000.0,-1,correct,1,11.633759,5.048296
B,above_good,86,1029,5489,est,603,72500000000.0,1,correct,1,1.268057,12.732912
B,above_good,86,1030,5490,tau_echo,623,4500000000.0,,correct,1,-12.789332,1.751922
B,above_good,86,1031,5491,est,671,72500000000.0,1,correct,1,-1.761088,9.338846
B,above_good,86,1032,5492,final,671,72500000000.0,,correct,1,-1.761088,9.338846
B,above_good,86,1033,5493,final_corrected,671,72500000000.0,,correct,1,-1.761088,9.338846
B,above_good,86,1034,5494,belief,688,,,correct,1,1.601055,3.003619
B,above_good,87,1035,5495,end_of_prompt,196,,,correct,1,4.610257,5.177353
B,above_good,87,1036,5496,est_offwin,327,50000.0,-1,correct,1,15.000164,10.187730
B,above_good,87,1037,5497,est_offwin,366,5000000.0,-1,correct,1,20.417469,22.897125
B,above_good,87,1038,5498,est_offwin,449,50000.0,-1,correct,1,11.275044,3.571235
B,above_good,87,1039,5499,est,474,250000000000.0,1,correct,1,0.490616,10.507566
B,above_good,87,1040,5500,tau_echo,498,4500000000.0,,correct,1,-13.557862,0.963727
B,above_good,87,1041,5501,est,569,250000000000.0,1,correct,1,-4.645636,3.705007
B,above_good,87,1042,5502,final,569,250000000000.0,,correct,1,-4.645636,3.705007
B,above_good,87,1043,5503,final_corrected,569,250000000000.0,,correct,1,-4.645636,3.705007
B,above_good,87,1044,5504,belief,520,,,correct,1,1.127724,1.352897
B,above_good,88,1045,5505,end_of_prompt,196,,,unclear,,4.606232,5.180288
B,above_good,88,1046,5506,est_offwin,310,625000.0,-1,unclear,,10.882689,8.946815
B,above_good,88,1047,5507,est_offwin,433,9000.0,-1,unclear,,8.956547,13.709464
B,above_good,88,1048,5508,est_offwin,514,625000.0,-1,unclear,,13.709684,10.937536
B,above_good,88,1049,5509,est_offwin,522,9000.0,-1,unclear,,7.411341,5.011897
B,above_good,88,1050,5510,est,538,5625000000.0,1,unclear,,-1.108817,16.300983
B,above_good,88,1051,5511,tau_echo,561,4500000000.0,,unclear,,-18.301943,-1.915969
B,above_good,88,1052,5512,est,583,5625000000.0,1,unclear,,-3.924877,14.618425
B,above_good,88,1053,5513,final,583,5625000000.0,,unclear,,-3.924877,14.618425
B,above_good,88,1054,5514,final_corrected,583,5625000000.0,,unclear,,-3.924877,14.618425
B,above_good,89,1055,5515,end_of_prompt,196,,,incorrect,-1,4.610257,5.177353
B,above_good,89,1056,5516,est_offwin,341,2000000.0,-1,incorrect,-1,6.365304,14.374554
B,above_good,89,1057,5517,est_offwin,392,1250.0,-1,incorrect,-1,10.166430,16.271334
B,above_good,89,1058,5518,est_offwin,441,2000000.0,-1,incorrect,-1,19.095356,22.205685
B,above_good,89,1059,5519,est_offwin,460,1250.0,-1,incorrect,-1,11.098772,15.281584
B,above_good,89,1060,5520,est_offwin,480,2000000.0,-1,incorrect,-1,13.217600,11.966699
B,above_good,89,1061,5521,est,502,2500000000.0,-1,incorrect,-1,-8.797276,15.288786
B,above_good,89,1062,5522,tau_echo,579,4500000000.0,,incorrect,-1,-9.349396,0.527464
B,above_good,89,1063,5523,final,579,4500000000.0,,incorrect,-1,-9.349396,0.527464
B,above_good,89,1064,5524,final_corrected,555,2500000000.0,,incorrect,-1,-4.765782,13.762789
B,above_good,89,1065,5525,belief,595,,,incorrect,-1,-0.038872,1.261046
B,above_good,90,1066,5526,end_of_prompt,196,,,correct,1,4.612547,5.188650
B,above_good,90,1067,5527,est_offwin,277,25000000.0,-1,correct,1,24.492214,22.534554
B,above_good,90,1068,5528,est_offwin,399,1250.0,-1,correct,1,0.548349,10.371659
B,above_good,90,1069,5529,est_offwin,445,25000000.0,-1,correct,1,13.018089,10.986732
B,above_good,90,1070,5530,est_offwin,460,1250.0,-1,correct,1,6.252125,10.525332
B,above_good,90,1071,5531,est,494,31250000000.0,1,correct,1,-0.864126,14.931802
B,above_good,90,1072,5532,tau_echo,514,4500000000.0,,correct,1,-13.621071,-0.123518
B,above_good,90,1073,5533,est,533,31250000000.0,1,correct,1,-0.156279,7.002612
B,above_good,90,1074,5534,final,533,31250000000.0,,correct,1,-0.156279,7.002612
B,above_good,90,1075,5535,final_corrected,533,31250000000.0,,correct,1,-0.156279,7.002612
B,above_good,90,1076,5536,belief,559,,,correct,1,0.855286,2.315961
B,above_good,91,1077,5537,end_of_prompt,196,,,incorrect,-1,4.605688,5.169905
B,above_good,91,1078,5538,est_offwin,284,25000000.0,-1,incorrect,-1,24.356071,22.078060
B,above_good,91,1079,5539,est_offwin,394,12000.0,-1,incorrect,-1,11.052790,13.963776
B,above_good,91,1080,5540,est_offwin,414,25000000.0,-1,incorrect,-1,22.900570,24.936317
B,above_good,91,1081,5541,est_offwin,428,12000.0,-1,incorrect,-1,10.801184,9.960121
B,above_good,91,1082,5542,est_offwin,453,25000000.0,-1,incorrect,-1,14.824252,14.053086
B,above_good,91,1083,5543,est_offwin,462,12000.0,-1,incorrect,-1,9.081528,5.708508
B,above_good,91,1084,5544,est,479,300000000000.0,1,incorrect,-1,-0.877709,7.954824
B,above_good,91,1085,5545,tau_echo,499,4500000000.0,,incorrect,-1,-10.721763,3.497583
B,above_good,91,1086,5546,est,517,300000000000.0,1,incorrect,-1,-1.289923,1.506347
B,above_good,91,1087,5547,est_offwin,587,5000.0,-1,incorrect,-1,-1.476438,4.992440
B,above_good,91,1088,5548,est_offwin,604,25000000.0,-1,incorrect,-1,10.082311,8.851625
B,above_good,91,1089,5549,est_offwin,612,5000.0,-1,incorrect,-1,3.186884,4.043649
B,above_good,91,1090,5550,est,629,125000000000.0,1,incorrect,-1,-13.241092,-3.931250
B,above_good,91,1091,5551,est_offwin,659,2500.0,-1,incorrect,-1,-6.924302,4.974939
B,above_good,91,1092,5552,est_offwin,676,25000000.0,-1,incorrect,-1,8.612501,7.390872
B,above_good,91,1093,5553,est_offwin,684,2500.0,-1,incorrect,-1,-0.248419,4.829371
B,above_good,91,1094,5554,est,700,62500000000.0,1,incorrect,-1,-17.985147,-5.221499
B,above_good,91,1095,5555,est_offwin,730,25000000.0,-1,incorrect,-1,6.934184,6.877851
B,above_good,91,1096,5556,est_offwin,738,1800.0,-1,incorrect,-1,-6.784977,1.959019
B,above_good,91,1097,5557,est,754,45000000000.0,1,incorrect,-1,-20.705791,-6.201364
B,above_good,91,1098,5558,est,788,4450000000.0,-1,incorrect,-1,-17.708839,6.690843
B,above_good,91,1099,5559,final,788,4450000000.0,,incorrect,-1,-17.708839,6.690843
B,above_good,91,1100,5560,final_corrected,788,4450000000.0,,incorrect,-1,-17.708839,6.690843
B,above_good,92,1101,5561,end_of_prompt,196,,,correct,1,4.612547,5.188650
B,above_good,92,1102,5562,est_offwin,289,5000000.0,-1,correct,1,20.389507,20.977997
B,above_good,92,1103,5563,est_offwin,383,1800.0,-1,correct,1,5.268436,12.900299
B,above_good,92,1104,5564,est_offwin,424,5000000.0,-1,correct,1,13.516670,9.272934
B,above_good,92,1105,5565,est_offwin,431,1800.0,-1,correct,1,7.494985,10.581553
B,above_good,92,1106,5566,est_offwin,444,5000000.0,-1,correct,1,13.750065,10.982653
B,above_good,92,1107,5567,est_offwin,451,1800.0,-1,correct,1,7.078234,9.531851
B,above_good,92,1108,5568,est,466,9000000000.0,1,correct,1,-4.085608,14.031653
B,above_good,92,1109,5569,tau_echo,531,4500000000.0,,correct,1,-14.428351,-1.966773
B,above_good,92,1110,5570,final,531,4500000000.0,,correct,1,-14.428351,-1.966773
B,above_good,92,1111,5571,final_corrected,509,9000000000.0,,correct,1,-4.678243,11.563425
B,above_good,92,1112,5572,belief,543,,,correct,1,0.364351,1.748286
B,above_good,93,1113,5573,end_of_prompt,196,,,correct,1,4.632525,5.177039
B,above_good,93,1114,5574,est_offwin,472,350000.0,-1,correct,1,11.201584,9.955743
B,above_good,93,1115,5575,est_offwin,508,40000.0,-1,correct,1,8.172940,5.652573
B,above_good,93,1116,5576,est_offwin,545,350000.0,-1,correct,1,13.144532,12.908860
B,above_good,93,1117,5577,est_offwin,553,40000.0,-1,correct,1,10.469086,4.295144
B,above_good,93,1118,5578,est,569,14000000000.0,1,correct,1,-1.702470,15.785324
B,above_good,93,1119,5579,tau_echo,589,4500000000.0,,correct,1,-15.894290,0.427822
B,above_good,93,1120,5580,est,612,14000000000.0,1,correct,1,-3.713132,12.178583
B,above_good,93,1121,5581,final,612,14000000000.0,,correct,1,-3.713132,12.178583
B,above_good,93,1122,5582,final_corrected,612,14000000000.0,,correct,1,-3.713132,12.178583
B,above_good,93,1123,5583,belief,632,,,correct,1,1.343452,0.526268
B,above_good,94,1124,5584,end_of_prompt,196,,,unclear,,4.612547,5.188650
B,above_good,94,1125,5585,est_offwin,329,500000.0,-1,unclear,,11.364037,7.632895
B,above_good,94,1126,5586,est_offwin,389,7500.0,-1,unclear,,3.400058,10.236759
B,above_good,94,1127,5587,est_offwin,451,500000.0,-1,unclear,,14.447682,9.524987
B,above_good,94,1128,5588,est_offwin,458,7500.0,-1,unclear,,9.877310,9.817687
B,above_good,94,1129,5589,est,484,3750000000.0,-1,unclear,,-4.256739,14.195131
B,above_good,94,1130,5590,tau_echo,506,4500000000.0,,unclear,,-9.418831,3.215734
B,above_good,94,1131,5591,est,523,3750000000.0,-1,unclear,,-5.668049,4.430729
B,above_good,94,1132,5592,final,552,3750000000.0,,unclear,,-7.721105,10.345274
B,above_good,94,1133,5593,final_corrected,552,3750000000.0,,unclear,,-7.721105,10.345274
B,above_good,95,1134,5594,end_of_prompt,196,,,incorrect,-1,4.610257,5.177353
B,above_good,95,1135,5595,est_offwin,367,1200.0,-1,incorrect,-1,4.121016,12.168736
B,above_good,95,1136,5596,est_offwin,466,5000000.0,-1,incorrect,-1,12.715727,8.850048
B,above_good,95,1137,5597,est_offwin,474,1200.0,-1,incorrect,-1,6.097418,8.761907
B,above_good,95,1138,5598,est,489,6000000000.0,1,incorrect,-1,-5.238247,13.568147
B,above_good,95,1139,5599,tau_echo,548,4500000000.0,,incorrect,-1,-17.701710,-3.965007
B,above_good,95,1140,5600,final,548,4500000000.0,,incorrect,-1,-17.701710,-3.965007
B,above_good,95,1141,5601,final_corrected,524,6000000000.0,,incorrect,-1,-4.238859,12.691311
B,above_good,96,1142,5602,end_of_prompt,196,,,correct,1,4.610257,5.177353
B,above_good,96,1143,5603,est_offwin,316,2500.0,-1,correct,1,0.530699,10.888826
B,above_good,96,1144,5604,est_offwin,401,10000000.0,-1,correct,1,8.390702,9.414424
B,above_good,96,1145,5605,est_offwin,476,2500.0,-1,correct,1,5.023201,7.865936
B,above_good,96,1146,5606,est,492,25000000000.0,1,correct,1,-3.376821,13.411517
B,above_good,96,1147,5607,tau_echo,553,4500000000.0,,correct,1,-13.965496,-0.634560
B,above_good,96,1148,5608,final,553,4500000000.0,,correct,1,-13.965496,-0.634560
B,above_good,96,1149,5609,final_corrected,529,25000000000.0,,correct,1,-4.243397,10.864266
B,above_good,96,1150,5610,belief,573,,,correct,1,-0.442008,0.661966
B,above_good,97,1151,5611,end_of_prompt,196,,,correct,1,4.600668,5.206914
B,above_good,97,1152,5612,est_offwin,287,250000.0,-1,correct,1,15.448823,8.267569
B,above_good,97,1153,5613,est_offwin,337,2600.0,-1,correct,1,8.021654,16.072811
B,above_good,97,1154,5614,est_offwin,472,20000.0,-1,correct,1,9.674114,12.856694
B,above_good,97,1155,5615,est_offwin,512,250000.0,-1,correct,1,15.665449,13.212706
B,above_good,97,1156,5616,est_offwin,528,20000.0,-1,correct,1,9.049826,7.892259
B,above_good,97,1157,5617,est,551,5000000000.0,1,correct,1,-2.640754,15.649227
B,above_good,97,1158,5618,tau_echo,605,4500000000.0,,correct,1,-16.749966,-1.352008
B,above_good,97,1159,5619,est,630,5000000000.0,1,correct,1,-6.522904,13.050741
B,above_good,97,1160,5620,final,630,5000000000.0,,correct,1,-6.522904,13.050741
B,above_good,97,1161,5621,final_corrected,630,5000000000.0,,correct,1,-6.522904,13.050741
B,above_good,98,1162,5622,end_of_prompt,196,,,unclear,,4.612547,5.188650
B,above_good,98,1163,5623,est_offwin,272,250000.0,-1,unclear,,14.764023,9.726812
B,above_good,98,1164,5624,est,437,175000000.0,-1,unclear,,15.880907,10.549259
B,above_good,98,1165,5625,tau_echo,474,4500000000.0,,unclear,,-5.975183,5.843254
B,above_good,98,1166,5626,est,527,175000000.0,-1,unclear,,5.682231,10.760967
B,above_good,98,1167,5627,final,527,175000000.0,,unclear,,5.682231,10.760967
B,above_good,98,1168,5628,final_corrected,527,175000000.0,,unclear,,5.682231,10.760967
B,above_good,99,1169,5629,end_of_prompt,196,,,incorrect,-1,4.612547,5.188650
B,above_good,99,1170,5630,est_offwin,371,1400.0,-1,incorrect,-1,0.614935,8.725855
B,above_good,99,1171,5631,est_offwin,400,2000000.0,-1,incorrect,-1,11.498913,18.719456
B,above_good,99,1172,5632,est_offwin,418,1400.0,-1,incorrect,-1,6.807994,12.216193
B,above_good,99,1173,5633,est_offwin,436,2000000.0,-1,incorrect,-1,14.818669,12.928590
B,above_good,99,1174,5634,est_offwin,445,1400.0,-1,incorrect,-1,9.493732,12.369848
B,above_good,99,1175,5635,est,464,2800000000.0,-1,incorrect,-1,-6.405704,13.648844
B,above_good,99,1176,5636,tau_echo,521,4500000000.0,,incorrect,-1,-10.655522,2.226757
B,above_good,99,1177,5637,final,521,4500000000.0,,incorrect,-1,-10.655522,2.226757
B,above_good,99,1178,5638,final_corrected,497,2800000000.0,,incorrect,-1,-5.717948,15.286648
B,above_good,99,1179,5639,belief,533,,,incorrect,-1,0.205002,1.688697
B,above_good,100,1180,5640,end_of_prompt,196,,,correct,1,4.610257,5.177353
B,above_good,100,1181,5641,est_offwin,270,25000000.0,-1,correct,1,25.277346,23.881578
B,above_good,100,1182,5642,est_offwin,323,12500000.0,-1,correct,1,14.678720,15.598379
B,above_good,100,1183,5643,est_offwin,384,1000.0,-1,correct,1,9.115162,12.702238
B,above_good,100,1184,5644,est_offwin,411,4000.0,-1,correct,1,5.339851,12.958308
B,above_good,100,1185,5645,est_offwin,481,12500000.0,-1,correct,1,22.003002,22.447777
B,above_good,100,1186,5646,est_offwin,499,4000.0,-1,correct,1,8.219812,9.770557
B,above_good,100,1187,5647,est_offwin,512,12500000.0,-1,correct,1,14.097923,9.367983
B,above_good,100,1188,5648,est,528,50000000000.0,1,correct,1,-0.190008,11.474421
B,above_good,100,1189,5649,tau_echo,589,4500000000.0,,correct,1,-16.290188,-2.383222
B,above_good,100,1190,5650,final,589,4500000000.0,,correct,1,-16.290188,-2.383222
B,above_good,100,1191,5651,final_corrected,568,50000000000.0,,correct,1,-1.097404,5.290912
B,above_good,100,1192,5652,belief,624,,,correct,1,0.124636,2.161080
B,above_good,101,1193,5653,end_of_prompt,196,,,unclear,,4.610257,5.177353
B,above_good,101,1194,5654,est_offwin,297,2000000.0,-1,unclear,,15.577463,20.190590
B,above_good,101,1195,5655,est_offwin,490,3300.0,-1,unclear,,1.094209,11.461054
B,above_good,101,1196,5656,est_offwin,507,2000000.0,-1,unclear,,13.721697,13.540428
B,above_good,101,1197,5657,est_offwin,522,3300.0,-1,unclear,,5.443460,9.779064
B,above_good,101,1198,5658,est,545,6600000000.0,1,unclear,,-2.526401,17.306633
B,above_good,101,1199,5659,tau_echo,565,4500000000.0,,unclear,,-17.096157,-0.876746
B,above_good,101,1200,5660,est,588,6600000000.0,1,unclear,,-4.288228,10.971818
B,above_good,101,1201,5661,final,588,6600000000.0,,unclear,,-4.288228,10.971818
B,above_good,101,1202,5662,final_corrected,588,6600000000.0,,unclear,,-4.288228,10.971818
B,above_good,102,1203,5663,end_of_prompt,196,,,incorrect,-1,4.612547,5.188650
B,above_good,102,1204,5664,est_offwin,336,2000000.0,-1,incorrect,-1,7.093678,16.372210
B,above_good,102,1205,5665,est_offwin,430,1750.0,-1,incorrect,-1,7.429410,14.567924
B,above_good,102,1206,5666,est_offwin,446,2000000.0,-1,incorrect,-1,15.250580,22.367603
B,above_good,102,1207,5667,est_offwin,478,1750.0,-1,incorrect,-1,7.772676,11.865177
B,above_good,102,1208,5668,est,501,3500000000.0,-1,incorrect,-1,-8.601189,14.654969
B,above_good,102,1209,5669,final,546,3500000000.0,,incorrect,-1,-5.708650,12.969611
B,above_good,102,1210,5670,final_corrected,546,3500000000.0,,incorrect,-1,-5.708650,12.969611
B,above_good,103,1211,5671,end_of_prompt,196,,,unclear,,4.612547,5.188650
B,above_good,103,1212,5672,est_offwin,351,365000.0,-1,unclear,,8.513354,7.954345
B,above_good,103,1213,5673,est_offwin,366,2500.0,-1,unclear,,-0.079278,7.782348
B,above_good,103,1214,5674,est_offwin,428,365000.0,-1,unclear,,13.920037,8.856482
B,above_good,103,1215,5675,est_offwin,436,2500.0,-1,unclear,,6.875450,8.574028
B,above_good,103,1216,5676,est,460,912500000.0,-1,unclear,,10.713470,11.418475
B,above_good,103,1217,5677,tau_echo,480,4500000000.0,,unclear,,-5.144517,7.770082
B,above_good,103,1218,5678,est,506,912500000.0,-1,unclear,,2.737961,11.788532
B,above_good,103,1219,5679,final,506,912500000.0,,unclear,,2.737961,11.788532
B,above_good,103,1220,5680,final_corrected,506,912500000.0,,unclear,,2.737961,11.788532
B,above_good,104,1221,5681,end_of_prompt,196,,,correct,1,4.610257,5.177353
B,above_good,104,1222,5682,est_offwin,331,10000000.0,-1,correct,1,22.866053,20.855301
B,above_good,104,1223,5683,est_offwin,411,2500.0,-1,correct,1,1.958358,13.921331
B,above_good,104,1224,5684,est_offwin,434,10000000.0,-1,correct,1,21.821819,22.419292
B,above_good,104,1225,5685,est_offwin,449,2500.0,-1,correct,1,8.109095,15.481954
B,above_good,104,1226,5686,est_offwin,473,10000000.0,-1,correct,1,16.608437,10.664333
B,above_good,104,1227,5687,est_offwin,487,2500.0,-1,correct,1,8.146132,14.486275
B,above_good,104,1228,5688,est,511,25000000000.0,1,correct,1,-2.752567,14.714554
B,above_good,104,1229,5689,tau_echo,540,4500000000.0,,correct,1,-14.885035,-0.180947
B,above_good,104,1230,5690,est,571,25000000000.0,1,correct,1,-5.233121,12.935876
B,above_good,104,1231,5691,final,571,25000000000.0,,correct,1,-5.233121,12.935876
B,above_good,104,1232,5692,final_corrected,571,25000000000.0,,correct,1,-5.233121,12.935876
B,above_good,104,1233,5693,belief,593,,,correct,1,1.790534,0.482194
B,above_good,105,1234,5694,end_of_prompt,196,,,correct,1,4.632525,5.177039
B,above_good,105,1235,5695,est_offwin,282,25000000.0,-1,correct,1,25.579338,24.347902
B,above_good,105,1236,5696,est_offwin,439,1600.0,-1,correct,1,7.625237,15.282686
B,above_good,105,1237,5697,est_offwin,515,25000000.0,-1,correct,1,13.833755,11.450914
B,above_good,105,1238,5698,est_offwin,522,1600.0,-1,correct,1,8.338687,11.539593
B,above_good,105,1239,5699,est,549,40000000000.0,1,correct,1,-0.671043,10.869114
B,above_good,105,1240,5700,tau_echo,610,4500000000.0,,correct,1,-12.203382,-1.039512
B,above_good,105,1241,5701,final,643,4500000000.0,,correct,1,-11.185637,-1.417007
B,above_good,105,1242,5702,final_corrected,587,40000000000.0,,correct,1,-3.434185,8.639631
B,above_good,105,1243,5703,belief,659,,,correct,1,0.561681,1.598990
B,above_good,106,1244,5704,end_of_prompt,196,,,unclear,,4.612547,5.188650
B,above_good,106,1245,5705,est_offwin,259,15000000.0,-1,unclear,,24.848492,21.714958
B,above_good,106,1246,5706,est_offwin,354,3000.0,-1,unclear,,-0.683740,10.366761
B,above_good,106,1247,5707,est_offwin,426,15000000.0,-1,unclear,,16.872820,11.753481
B,above_good,106,1248,5708,est_offwin,434,3000.0,-1,unclear,,4.239939,6.993182
B,above_good,106,1249,5709,est,450,45000000000.0,1,unclear,,-1.457465,10.926002
B,above_good,106,1250,5710,tau_echo,520,4500000000.0,,unclear,,-12.772178,1.559572
B,above_good,106,1251,5711,final,520,4500000000.0,,unclear,,-12.772178,1.559572
B,above_good,106,1252,5712,final_corrected,495,45000000000.0,,unclear,,-2.332176,9.517542
B,above_good,107,1253,5713,end_of_prompt,196,,,correct,1,4.606232,5.180288
B,above_good,107,1254,5714,est_offwin,398,3500.0,-1,correct,1,2.960320,8.938452
B,above_good,107,1255,5715,est_offwin,452,5000000.0,-1,correct,1,14.994768,10.045330
B,above_good,107,1256,5716,est_offwin,460,3500.0,-1,correct,1,6.273854,6.290207
B,above_good,107,1257,5717,est,496,17500000000.0,1,correct,1,1.058827,15.711006
B,above_good,107,1258,5718,est_offwin,569,5000000.0,-1,correct,1,15.068089,16.584854
B,above_good,107,1259,5719,est_offwin,585,3500.0,-1,correct,1,3.191514,4.169495
B,above_good,107,1260,5720,est,620,17500000000.0,1,correct,1,0.195428,9.073995
B,above_good,107,1261,5721,tau_echo,640,4500000000.0,,correct,1,-12.843491,-1.352391
B,above_good,107,1262,5722,final,640,4500000000.0,,correct,1,-12.843491,-1.352391
B,above_good,107,1263,5723,final_corrected,620,17500000000.0,,correct,1,0.195428,9.073995
B,above_good,108,1264,5724,end_of_prompt,196,,,correct,1,4.612547,5.188650
B,above_good,108,1265,5725,est_offwin,343,1000.0,-1,correct,1,8.018949,11.232605
B,above_good,108,1266,5726,est_offwin,394,15000000.0,-1,correct,1,17.693607,22.902788
B,above_good,108,1267,5727,est_offwin,410,1000.0,-1,correct,1,6.062111,9.859986
B,above_good,108,1268,5728,est_offwin,434,15000000.0,-1,correct,1,16.497663,12.919802
B,above_good,108,1269,5729,est_offwin,442,1000.0,-1,correct,1,6.616520,5.033935
B,above_good,108,1270,5730,est,458,15000000000.0,1,correct,1,-2.564808,14.095007
B,above_good,108,1271,5731,tau_echo,514,4500000000.0,,correct,1,-14.464258,-2.429039
B,above_good,108,1272,5732,est,538,15000000000.0,1,correct,1,-3.530997,8.545719
B,above_good,108,1273,5733,final,538,15000000000.0,,correct,1,-3.530997,8.545719
B,above_good,108,1274,5734,final_corrected,538,15000000000.0,,correct,1,-3.530997,8.545719
B,above_good,109,1275,5735,end_of_prompt,196,,,incorrect,-1,4.612547,5.188650
B,above_good,109,1276,5736,est_offwin,326,100000.0,-1,incorrect,-1,15.995099,7.905662
B,above_good,109,1277,5737,est_offwin,403,2500.0,-1,incorrect,-1,1.634041,10.894249
B,above_good,109,1278,5738,est_offwin,446,100000.0,-1,incorrect,-1,16.554676,9.084599
B,above_good,109,1279,5739,est_offwin,453,2500.0,-1,incorrect,-1,7.554620,9.077929
B,above_good,109,1280,5740,est,466,250000000.0,-1,incorrect,-1,10.693613,9.395103
B,above_good,109,1281,5741,tau_echo,491,4500000000.0,,incorrect,-1,-7.314384,7.750571
B,above_good,109,1282,5742,est,523,250000000.0,-1,incorrect,-1,4.808586,12.810051
B,above_good,109,1283,5743,final,523,250000000.0,,incorrect,-1,4.808586,12.810051
B,above_good,109,1284,5744,final_corrected,523,250000000.0,,incorrect,-1,4.808586,12.810051
B,above_good,109,1285,5745,belief,551,,,incorrect,-1,0.730721,2.258122
B,above_good,110,1286,5746,end_of_prompt,196,,,correct,1,4.632525,5.177039
B,above_good,110,1287,5747,est_offwin,362,10000.0,-1,correct,1,9.493186,6.710221
B,above_good,110,1288,5748,est_offwin,430,5000.0,-1,correct,1,2.042702,8.990047
B,above_good,110,1289,5749,est_offwin,457,10000.0,-1,correct,1,9.150374,6.846630
B,above_good,110,1290,5750,est_offwin,510,250000.0,-1,correct,1,12.845758,9.161980
B,above_good,110,1291,5751,est_offwin,557,5000.0,-1,correct,1,6.249159,7.732607
B,above_good,110,1292,5752,est,580,1250000000.0,-1,correct,1,2.923399,13.358377
B,above_good,110,1293,5753,tau_echo,646,4500000000.0,,correct,1,-9.672938,3.079642
B,above_good,110,1294,5754,final,646,4500000000.0,,correct,1,-9.672938,3.079642
B,above_good,110,1295,5755,final_corrected,613,1250000000.0,,correct,1,0.705107,15.667402
B,above_good,110,1296,5756,belief,669,,,correct,1,0.782938,-0.448900
B,above_good,111,1297,5757,end_of_prompt,196,,,correct,1,4.610257,5.177353
B,above_good,111,1298,5758,est_offwin,272,250000.0,-1,correct,1,15.393521,10.370794
B,above_good,111,1299,5759,est_offwin,373,2500.0,-1,correct,1,6.620708,12.722278
B,above_good,111,1300,5760,est_offwin,453,500000.0,-1,correct,1,12.593510,9.884180
B,above_good,111,1301,5761,est_offwin,478,250000.0,-1,correct,1,7.112421,10.169106
B,above_good,111,1302,5762,est_offwin,494,500000.0,-1,correct,1,13.750239,9.092875
B,above_good,111,1303,5763,est_offwin,513,250000.0,-1,correct,1,12.751570,9.814209
B,above_good,111,1304,5764,est_offwin,523,500000.0,-1,correct,1,12.998509,5.795403
B,above_good,111,1305,5765,est,540,125000000000.0,1,correct,1,2.048565,10.493724
B,above_good,111,1306,5766,tau_echo,560,4500000000.0,,correct,1,-12.034131,2.453331
B,above_good,111,1307,5767,est,596,125000000000.0,1,correct,1,2.345278,5.465774
B,above_good,111,1308,5768,final,596,125000000000.0,,correct,1,2.345278,5.465774
B,above_good,111,1309,5769,final_corrected,596,125000000000.0,,correct,1,2.345278,5.465774
B,above_good,111,1310,5770,belief,622,,,correct,1,0.637456,2.558304
B,above_good,112,1311,5771,end_of_prompt,196,,,correct,1,4.606232,5.180288
B,above_good,112,1312,5772,est_offwin,304,15000000.0,-1,correct,1,24.449833,23.897146
B,above_good,112,1313,5773,est_offwin,458,6800.0,-1,correct,1,-0.041840,7.940692
B,above_good,112,1314,5774,est_offwin,510,15000000.0,-1,correct,1,15.865498,12.900190
B,above_good,112,1315,5775,est_offwin,524,6800.0,-1,correct,1,6.885621,8.802226
B,above_good,112,1316,5776,est_offwin,543,15000000.0,-1,correct,1,15.324560,13.859936
B,above_good,112,1317,5777,est_offwin,551,6800.0,-1,correct,1,7.909535,7.082202
B,above_good,112,1318,5778,est,568,102000000000.0,1,correct,1,2.001398,10.702003
B,above_good,112,1319,5779,tau_echo,625,4500000000.0,,correct,1,-12.387137,1.140570
B,above_good,112,1320,5780,final,625,4500000000.0,,correct,1,-12.387137,1.140570
B,above_good,112,1321,5781,final_corrected,601,102000000000.0,,correct,1,9.608912,25.087570
B,above_good,112,1322,5782,belief,645,,,correct,1,0.753554,1.642476
B,above_good,113,1323,5783,end_of_prompt,196,,,unclear,,4.632525,5.177039
B,above_good,113,1324,5784,tau_echo,277,4500000000.0,,unclear,,-4.607802,9.455139
B,above_good,113,1325,5785,est_offwin,317,5000000.0,-1,unclear,,20.835613,21.607155
B,above_good,113,1326,5786,est_offwin,354,60000.0,-1,unclear,,14.509581,10.244784
B,above_good,113,1327,5787,est_offwin,378,65000.0,-1,unclear,,10.659594,10.393498
B,above_good,113,1328,5788,est_offwin,402,5000000.0,-1,unclear,,14.053894,10.054928
B,above_good,113,1329,5789,est_offwin,418,60000.0,-1,unclear,,11.152290,6.267490
B,above_good,113,1330,5790,est,443,300000000000.0,1,unclear,,-1.107758,7.208665
B,above_good,113,1331,5791,tau_echo,471,4500000000.0,,unclear,,-10.064326,2.756967
B,above_good,113,1332,5792,est_offwin,494,1000.0,-1,unclear,,1.865855,5.897355
B,above_good,113,1333,5793,est_offwin,514,65000.0,-1,unclear,,9.123629,2.901547
B,above_good,113,1334,5794,est_offwin,527,5000000.0,-1,unclear,,10.361180,6.386854
B,above_good,113,1335,5795,est_offwin,542,1000.0,-1,unclear,,3.907663,4.780709
B,above_good,113,1336,5796,est,565,5000000000.0,1,unclear,,-10.941231,4.543248
B,above_good,113,1337,5797,tau_echo,606,4500000000.0,,unclear,,-14.032942,4.028471
B,above_good,113,1338,5798,final,647,4500000000.0,,unclear,,-9.340437,9.604689
B,above_good,113,1339,5799,final_corrected,565,5000000000.0,,unclear,,-10.941231,4.543248
B,above_good,114,1340,5800,end_of_prompt,196,,,correct,1,4.610257,5.177353
B,above_good,114,1341,5801,est_offwin,324,6000.0,-1,correct,1,3.501916,7.925362
B,above_good,114,1342,5802,est_offwin,395,375000.0,-1,correct,1,7.012053,6.027494
B,above_good,114,1343,5803,est_offwin,466,6000.0,-1,correct,1,6.676134,5.673241
B,above_good,114,1344,5804,est,491,2250000000.0,-1,correct,1,-3.220519,13.539983
B,above_good,114,1345,5805,tau_echo,554,4500000000.0,,correct,1,-9.982286,2.073765
B,above_good,114,1346,5806,final,554,4500000000.0,,correct,1,-9.982286,2.073765
B,above_good,114,1347,5807,final_corrected,530,2250000000.0,,correct,1,-3.212604,13.753471
B,above_good,114,1348,5808,belief,576,,,correct,1,0.624929,0.615438
B,above_good,115,1349,5809,end_of_prompt,196,,,correct,1,4.612547,5.188650
B,above_good,115,1350,5810,est_offwin,249,250000.0,-1,correct,1,16.082798,10.286299
B,above_good,115,1351,5811,est_offwin,369,2000.0,-1,correct,1,0.689193,10.742479
B,above_good,115,1352,5812,est_offwin,402,250000.0,-1,correct,1,16.502699,14.039943
B,above_good,115,1353,5813,est_offwin,417,2000.0,-1,correct,1,5.940942,11.187506
B,above_good,115,1354,5814,est,438,500000000.0,-1,correct,1,7.530900,8.941566
B,above_good,115,1355,5815,tau_echo,504,4500000000.0,,correct,1,-8.731802,3.449009
B,above_good,115,1356,5816,final,504,4500000000.0,,correct,1,-8.731802,3.449009
B,above_good,115,1357,5817,final_corrected,481,500000000.0,,correct,1,7.017565,12.229092
B,above_good,115,1358,5818,belief,517,,,correct,1,0.815840,0.403352
B,above_good,116,1359,5819,end_of_prompt,196,,,incorrect,-1,4.605688,5.169905
B,above_good,116,1360,5820,est_offwin,433,2000.0,-1,incorrect,-1,3.285555,12.305461
B,above_good,116,1361,5821,est_offwin,453,40000000.0,-1,incorrect,-1,15.523645,18.156937
B,above_good,116,1362,5822,est_offwin,466,2000.0,-1,incorrect,-1,4.732915,11.696285
B,above_good,116,1363,5823,est_offwin,483,40000000.0,-1,incorrect,-1,14.624557,10.394688
B,above_good,116,1364,5824,est_offwin,498,2000.0,-1,incorrect,-1,5.269988,10.527558
B,above_good,116,1365,5825,est,522,80000000000.0,1,incorrect,-1,0.016325,10.223650
B,above_good,116,1366,5826,tau_echo,547,4500000000.0,,incorrect,-1,-13.292659,1.878115
B,above_good,116,1367,5827,est,566,80000000000.0,1,incorrect,-1,2.125417,3.843351
B,above_good,116,1368,5828,est_offwin,612,30000000.0,-1,incorrect,-1,3.635681,7.891793
B,above_good,116,1369,5829,est_offwin,632,1500.0,-1,incorrect,-1,-5.901391,2.993505
B,above_good,116,1370,5830,est_offwin,646,30000000.0,-1,incorrect,-1,4.557146,4.854805
B,above_good,116,1371,5831,est_offwin,661,1500.0,-1,incorrect,-1,1.981605,7.953372
B,above_good,116,1372,5832,est,685,45000000000.0,1,incorrect,-1,-14.977355,-1.279057
B,above_good,116,1373,5833,est_offwin,730,30000000.0,-1,incorrect,-1,4.590277,5.700201
B,above_good,116,1374,5834,est_offwin,745,1400.0,-1,incorrect,-1,-8.601634,-0.749888
B,above_good,116,1375,5835,est,769,42000000000.0,1,incorrect,-1,-19.914297,-4.618773
B,above_good,116,1376,5836,tau_echo,824,4500000000.0,,incorrect,-1,-12.821562,-1.991729
B,above_good,116,1377,5837,final,860,4500000000.0,,incorrect,-1,-11.835896,-2.559845
B,above_good,116,1378,5838,final_corrected,799,42000000000.0,,incorrect,-1,-9.301917,7.163252
B,above_good,117,1379,5839,end_of_prompt,196,,,correct,1,4.614231,5.194337
B,above_good,117,1380,5840,est_offwin,338,2000000.0,-1,correct,1,12.326378,21.699343
B,above_good,117,1381,5841,est,511,180000000.0,-1,correct,1,19.677027,20.939802
B,above_good,117,1382,5842,tau_echo,536,4500000000.0,,correct,1,-5.765692,9.110874
B,above_good,117,1383,5843,est_offwin,612,2000000.0,-1,correct,1,12.871122,18.239916
B,above_good,117,1384,5844,est,627,300000000.0,-1,correct,1,5.044452,11.896606
B,above_good,117,1385,5845,est,683,600000000.0,-1,correct,1,0.781767,9.879723
B,above_good,117,1386,5846,tau_echo,729,4500000000.0,,correct,1,-10.382026,0.558848
B,above_good,117,1387,5847,final,729,4500000000.0,,correct,1,-10.382026,0.558848
B,above_good,117,1388,5848,final_corrected,683,600000000.0,,correct,1,0.781767,9.879723
B,above_good,117,1389,5849,belief,742,,,correct,1,-0.072042,1.596954
B,above_good,118,1390,5850,end_of_prompt,196,,,incorrect,-1,4.605688,5.169905
B,above_good,118,1391,5851,est_offwin,277,25000000.0,-1,incorrect,-1,24.726257,22.647888
B,above_good,118,1392,5852,est_offwin,322,50000.0,-1,incorrect,-1,14.600454,12.313782
B,above_good,118,1393,5853,est_offwin,368,25000000.0,-1,incorrect,-1,13.557787,11.941670
B,above_good,118,1394,5854,est_offwin,387,50000.0,-1,incorrect,-1,11.188935,5.384120
B,above_good,118,1395,5855,est_offwin,415,25000000.0,-1,incorrect,-1,15.092366,12.472393
B,above_good,118,1396,5856,est_offwin,424,50000.0,-1,incorrect,-1,12.184290,4.253497
B,above_good,118,1397,5857,est_offwin,443,1250000000000.0,1,incorrect,-1,0.801054,4.783256
B,above_good,118,1398,5858,tau_echo,469,4500000000.0,,incorrect,-1,-11.136131,1.291234
B,above_good,118,1399,5859,est_offwin,531,20000.0,-1,incorrect,-1,0.235648,2.497264
B,above_good,118,1400,5860,est_offwin,550,25000000.0,-1,incorrect,-1,11.010894,9.110378
B,above_good,118,1401,5861,est_offwin,559,20000.0,-1,incorrect,-1,6.395083,2.874447
B,above_good,118,1402,5862,est,572,500000000.0,-1,incorrect,-1,-1.309416,-1.380160
B,above_good,118,1403,5863,est_offwin,609,25000000.0,-1,incorrect,-1,7.837277,6.556125
B,above_good,118,1404,5864,est_offwin,619,180000.0,-1,incorrect,-1,3.618568,1.759776
B,above_good,118,1405,5865,est_offwin,630,25000000.0,-1,incorrect,-1,4.230599,1.997248
B,above_good,118,1406,5866,est,645,3600000000.0,-1,incorrect,-1,-21.980209,-2.428442
B,above_good,118,1407,5867,tau_echo,667,4500000000.0,,incorrect,-1,-12.540185,-2.179098
B,above_good,118,1408,5868,est_offwin,680,25000000.0,-1,incorrect,-1,8.242075,6.111248
B,above_good,118,1409,5869,tau_echo,702,4500000000.0,,incorrect,-1,-14.677608,0.035298
B,above_good,118,1410,5870,est_offwin,724,25000000.0,-1,incorrect,-1,6.292579,5.146950
B,above_good,118,1411,5871,est,745,4250000000.0,-1,incorrect,-1,-24.365019,-6.932435
B,above_good,118,1412,5872,final,771,4250000000.0,,incorrect,-1,-13.953506,4.481750
B,above_good,118,1413,5873,final_corrected,771,4250000000.0,,incorrect,-1,-13.953506,4.481750
B,above_good,119,1414,5874,end_of_prompt,196,,,incorrect,-1,4.653007,5.216076
B,above_good,119,1415,5875,est_offwin,413,5000000.0,-1,incorrect,-1,15.845277,20.814842
B,above_good,119,1416,5876,est_offwin,534,29527.5,-1,incorrect,-1,8.816711,6.738687
B,above_good,119,1417,5877,est_offwin,591,88582.5,-1,incorrect,-1,5.453495,9.401320
B,above_good,119,1418,5878,est_offwin,629,88582.0,-1,incorrect,-1,8.817041,10.512104
B,above_good,119,1419,5879,est_offwin,638,5000000.0,-1,incorrect,-1,19.990038,23.765738
B,above_good,119,1420,5880,est_offwin,688,88582.0,-1,incorrect,-1,10.690542,6.454612
B,above_good,119,1421,5881,est,714,442910000000.0,1,incorrect,-1,-1.614230,9.108873
B,above_good,119,1422,5882,tau_echo,738,4500000000.0,,incorrect,-1,-10.883142,2.545431
B,above_good,119,1423,5883,est,778,442910000000.0,1,incorrect,-1,-3.364883,5.698006
B,above_good,119,1424,5884,est,834,4500000001.0,1,incorrect,-1,-4.960124,6.059925
B,above_good,119,1425,5885,tau_echo,916,4500000000.0,,incorrect,-1,-16.427986,0.462907
B,above_good,119,1426,5886,final,916,4500000000.0,,incorrect,-1,-16.427986,0.462907
B,above_good,119,1427,5887,final_corrected,834,4500000001.0,,incorrect,-1,-4.960124,6.059925
B,above_good,120,1428,5888,end_of_prompt,196,,,correct,1,4.614231,5.194337
B,above_good,120,1429,5889,est_offwin,397,1000000.0,-1,correct,1,11.619732,5.762623
B,above_good,120,1430,5890,est_offwin,490,100000.0,-1,correct,1,10.066269,7.574655
B,above_good,120,1431,5891,est_offwin,505,75000.0,-1,correct,1,7.916114,6.769853
B,above_good,120,1432,5892,est_offwin,532,1000000.0,-1,correct,1,14.885423,10.278790
B,above_good,120,1433,5893,est_offwin,547,75000.0,-1,correct,1,9.538380,5.271515
B,above_good,120,1434,5894,est_offwin,571,1000000.0,-1,correct,1,17.154194,11.328466
B,above_good,120,1435,5895,est_offwin,580,75000.0,-1,correct,1,11.958714,5.041387
B,above_good,120,1436,5896,est,596,75000000000.0,1,correct,1,1.053325,10.597960
B,above_good,120,1437,5897,tau_echo,623,4500000000.0,,correct,1,-13.435570,1.572473
B,above_good,120,1438,5898,est,642,75000000000.0,1,correct,1,1.590097,4.907037
B,above_good,120,1439,5899,tau_echo,695,4500000000.0,,correct,1,-13.422127,-2.445877
B,above_good,120,1440,5900,final,695,4500000000.0,,correct,1,-13.422127,-2.445877
B,above_good,120,1441,5901,final_corrected,673,75000000000.0,,correct,1,-2.271424,6.065301
B,above_good,121,1442,5902,end_of_prompt,196,,,incorrect,-1,4.612547,5.188650
B,above_good,121,1443,5903,est_offwin,365,20000.0,-1,incorrect,-1,9.161232,10.403369
B,above_good,121,1444,5904,est_offwin,387,10000.0,-1,incorrect,-1,7.324625,9.677729
B,above_good,121,1445,5905,est_offwin,438,10000000.0,-1,incorrect,-1,16.610102,18.848827
B,above_good,121,1446,5906,est_offwin,470,10000.0,-1,incorrect,-1,6.836524,2.166679
B,above_good,121,1447,5907,est,495,100000000000.0,1,incorrect,-1,2.501357,7.684641
B,above_good,121,1448,5908,tau_echo,529,4500000000.0,,incorrect,-1,-12.806219,0.547593
B,above_good,121,1449,5909,est_offwin,573,5000000.0,-1,incorrect,-1,2.805956,2.798983
B,above_good,121,1450,5910,est_offwin,596,8000.0,-1,incorrect,-1,-1.925718,1.342032
B,above_good,121,1451,5911,est_offwin,609,5000000.0,-1,incorrect,-1,11.189792,9.435459
B,above_good,121,1452,5912,est_offwin,624,8000.0,-1,incorrect,-1,5.164505,4.977685
B,above_good,121,1453,5913,est,648,40000000000.0,1,incorrect,-1,-13.804514,-3.101377
B,above_good,121,1454,5914,est_offwin,690,5500000.0,-1,incorrect,-1,0.766549,3.465631
B,above_good,121,1455,5915,est_offwin,713,7000.0,-1,incorrect,-1,-7.200053,-2.264841
B,above_good,121,1456,5916,est_offwin,726,5500000.0,-1,incorrect,-1,6.621183,5.848260
B,above_good,121,1457,5917,est_offwin,741,7000.0,-1,incorrect,-1,1.971088,2.245786
B,above_good,121,1458,5918,est,765,38500000000.0,1,incorrect,-1,-22.234600,-7.246292
B,above_good,121,1459,5919,est_offwin,804,5000000.0,-1,incorrect,-1,-0.387499,0.621365
B,above_good,121,1460,5920,est_offwin,827,6000.0,-1,incorrect,-1,-9.069159,-2.002316
B,above_good,121,1461,5921,est_offwin,840,5000000.0,-1,incorrect,-1,7.095028,4.656935
B,above_good,121,1462,5922,est_offwin,855,6000.0,-1,incorrect,-1,0.375208,2.377866
B,above_good,121,1463,5923,est,879,30000000000.0,1,incorrect,-1,-21.474411,-6.138753
B,above_good,121,1464,5924,est_offwin,910,5000000.0,-1,incorrect,-1,2.710068,1.632108
B,above_good,121,1465,5925,est_offwin,933,5500.0,-1,incorrect,-1,-6.308783,-0.886674
B,above_good,121,1466,5926,est_offwin,946,5000000.0,-1,incorrect,-1,8.147327,4.761756
B,above_good,121,1467,5927,est_offwin,961,5500.0,-1,incorrect,-1,1.864125,4.093959
B,above_good,121,1468,5928,est,985,27500000000.0,1,incorrect,-1,-23.083000,-5.708529
B,above_good,121,1469,5929,est_offwin,1016,5000000.0,-1,incorrect,-1,2.903692,1.649186
B,above_good,121,1470,5930,est_offwin,1039,5000.0,-1,incorrect,-1,-6.747135,-2.619653
B,above_good,121,1471,5931,est_offwin,1052,5000000.0,-1,incorrect,-1,7.802447,4.391065
B,above_good,121,1472,5932,est_offwin,1067,5000.0,-1,incorrect,-1,-0.314394,0.347374
B,above_good,121,1473,5933,est,1091,25000000000.0,1,incorrect,-1,-22.499348,-5.125944
B,above_good,121,1474,5934,est_offwin,1129,1000000.0,-1,incorrect,-1,4.208790,0.992553
B,above_good,121,1475,5935,est_offwin,1152,4500.0,-1,incorrect,-1,-7.387131,0.677065
B,above_good,121,1476,5936,est_offwin,1165,1000000.0,-1,incorrect,-1,10.354543,4.633876
B,above_good,121,1477,5937,est_offwin,1180,4500.0,-1,incorrect,-1,1.684784,4.560576
B,above_good,121,1478,5938,tau_echo,1203,4500000000.0,,incorrect,-1,-14.806638,1.627414
B,above_good,121,1479,5939,final,1231,4500000000.0,,incorrect,-1,-9.769564,8.573914
B,above_good,121,1480,5940,final_corrected,1180,4500.0,,incorrect,-1,1.684784,4.560576
B,above_good,122,1481,5941,end_of_prompt,196,,,correct,1,4.610257,5.177353
B,above_good,122,1482,5942,est_offwin,310,7000000.0,-1,correct,1,15.229688,16.124643
B,above_good,122,1483,5943,est_offwin,389,3000.0,-1,correct,1,1.060696,8.605661
B,above_good,122,1484,5944,est_offwin,438,7000000.0,-1,correct,1,14.829041,9.619375
B,above_good,122,1485,5945,est_offwin,445,3000.0,-1,correct,1,4.946849,6.611491
B,above_good,122,1486,5946,est,467,21000000000.0,1,correct,1,-0.330278,15.799720
B,above_good,122,1487,5947,tau_echo,532,4500000000.0,,correct,1,-15.069868,-0.685993
B,above_good,122,1488,5948,final,537,4500000000.0,,correct,1,-3.775288,6.829160
B,above_good,122,1489,5949,final_corrected,513,21000000000.0,,correct,1,7.367656,20.768803
B,above_good,122,1490,5950,belief,564,,,correct,1,0.511097,1.164011
B,above_good,123,1491,5951,end_of_prompt,196,,,correct,1,4.650987,5.207460
B,above_good,123,1492,5952,est_offwin,259,250000.0,-1,correct,1,16.823019,11.670292
B,above_good,123,1493,5953,est_offwin,336,55000.0,-1,correct,1,6.848736,6.890671
B,above_good,123,1494,5954,est_offwin,366,250000.0,-1,correct,1,16.334824,14.294671
B,above_good,123,1495,5955,est_offwin,382,55000.0,-1,correct,1,11.083462,5.463577
B,above_good,123,1496,5956,est,406,13750000000.0,1,correct,1,0.181801,16.919548
B,above_good,123,1497,5957,tau_echo,431,4500000000.0,,correct,1,-15.113386,-0.124079
B,above_good,123,1498,5958,est,455,13750000000.0,1,correct,1,-3.434417,15.404923
B,above_good,123,1499,5959,final,455,13750000000.0,,correct,1,-3.434417,15.404923
B,above_good,123,1500,5960,final_corrected,455,13750000000.0,,correct,1,-3.434417,15.404923
B,above_good,123,1501,5961,belief,482,,,correct,1,0.461647,1.637180
B,above_good,124,1502,5962,end_of_prompt,196,,,correct,1,4.612547,5.188650
B,above_good,124,1503,5963,est_offwin,294,4000000.0,-1,correct,1,15.937876,18.892147
B,above_good,124,1504,5964,est_offwin,382,2000.0,-1,correct,1,4.059722,13.369360
B,above_good,124,1505,5965,est_offwin,412,4000000.0,-1,correct,1,19.639582,22.793247
B,above_good,124,1506,5966,est_offwin,424,2000.0,-1,correct,1,6.544111,12.435838
B,above_good,124,1507,5967,est_offwin,447,4000000.0,-1,correct,1,13.285754,10.088247
B,above_good,124,1508,5968,est_offwin,462,2000.0,-1,correct,1,5.037981,9.669777
B,above_good,124,1509,5969,est,485,8000000000.0,1,correct,1,-2.111107,14.871817
B,above_good,124,1510,5970,tau_echo,538,4500000000.0,,correct,1,-15.023977,-2.824003
B,above_good,124,1511,5971,final,538,4500000000.0,,correct,1,-15.023977,-2.824003
B,above_good,124,1512,5972,final_corrected,514,8000000000.0,,correct,1,-4.090861,13.793488
B,above_good,124,1513,5973,belief,555,,,correct,1,0.321033,1.220680
B,above_good,125,1514,5974,end_of_prompt,196,,,unclear,,4.610257,5.177353
B,above_good,125,1515,5975,est_offwin,369,50000.0,-1,unclear,,14.403708,12.370672
B,above_good,125,1516,5976,est_offwin,451,850000.0,-1,unclear,,6.794709,5.978675
B,above_good,125,1517,5977,est_offwin,464,50000.0,-1,unclear,,9.734933,6.332141
B,above_good,125,1518,5978,est,492,42500000000.0,1,unclear,,0.062528,13.409225
B,above_good,125,1519,5979,tau_echo,566,4500000000.0,,unclear,,-13.917595,2.019903
B,above_good,125,1520,5980,est,616,42500000000.0,1,unclear,,-3.512279,5.183759
B,above_good,125,1521,5981,final,616,42500000000.0,,unclear,,-3.512279,5.183759
B,above_good,125,1522,5982,final_corrected,616,42500000000.0,,unclear,,-3.512279,5.183759
B,above_good,126,1523,5983,end_of_prompt,196,,,correct,1,4.612547,5.188650
B,above_good,126,1524,5984,est_offwin,259,25000000.0,-1,correct,1,26.040604,23.786839
B,above_good,126,1525,5985,est_offwin,328,1500.0,-1,correct,1,1.521265,11.863665
B,above_good,126,1526,5986,est_offwin,407,25000000.0,-1,correct,1,15.581144,10.929818
B,above_good,126,1527,5987,est_offwin,414,1500.0,-1,correct,1,8.637124,12.314873
B,above_good,126,1528,5988,est,431,37500000000.0,1,correct,1,-3.070032,11.523650
B,above_good,126,1529,5989,tau_echo,452,4500000000.0,,correct,1,-13.245520,0.336209
B,above_good,126,1530,5990,est,471,37500000000.0,1,correct,1,-0.162932,5.082049
B,above_good,126,1531,5991,final,526,37500000000.0,,correct,1,-5.992305,9.739603
B,above_good,126,1532,5992,final_corrected,526,37500000000.0,,correct,1,-5.992305,9.739603
B,above_good,126,1533,5993,belief,547,,,correct,1,1.291598,2.912774
B,above_good,127,1534,5994,end_of_prompt,196,,,unclear,,4.610257,5.177353
B,above_good,127,1535,5995,est_offwin,329,400000.0,-1,unclear,,10.473282,6.044160
B,above_good,127,1536,5996,est_offwin,403,1000.0,-1,unclear,,7.250204,8.836214
B,above_good,127,1537,5997,est_offwin,412,10000.0,-1,unclear,,7.469812,6.594090
B,above_good,127,1538,5998,est_offwin,432,5000.0,-1,unclear,,2.539063,9.986057
B,above_good,127,1539,5999,est_offwin,461,400000.0,-1,unclear,,13.748993,10.417988
B,above_good,127,1540,6000,est_offwin,527,5000.0,-1,unclear,,7.739824,6.302043
B,above_good,127,1541,6001,est,552,2000000000.0,-1,unclear,,-2.975028,13.775885
B,above_good,127,1542,6002,tau_echo,572,4500000000.0,,unclear,,-8.666518,5.548383
B,above_good,127,1543,6003,est,598,2000000000.0,-1,unclear,,-7.067393,8.490650
B,above_good,127,1544,6004,final,598,2000000000.0,,unclear,,-7.067393,8.490650
B,above_good,127,1545,6005,final_corrected,598,2000000000.0,,unclear,,-7.067393,8.490650
B,above_good,128,1546,6006,end_of_prompt,196,,,correct,1,4.612547,5.188650
B,above_good,128,1547,6007,est_offwin,310,625000.0,-1,correct,1,8.190359,5.154418
B,above_good,128,1548,6008,est_offwin,360,2500.0,-1,correct,1,6.493759,14.765163
B,above_good,128,1549,6009,est_offwin,426,625000.0,-1,correct,1,14.390784,9.807325
B,above_good,128,1550,6010,est_offwin,434,2500.0,-1,correct,1,7.438985,8.454681
B,above_good,128,1551,6011,est,459,1562500000.0,-1,correct,1,3.489355,13.365650
B,above_good,128,1552,6012,tau_echo,517,4500000000.0,,correct,1,-9.900544,2.251229
B,above_good,128,1553,6013,final,517,4500000000.0,,correct,1,-9.900544,2.251229
B,above_good,128,1554,6014,final_corrected,492,1562500000.0,,correct,1,-0.014329,13.354845
B,above_good,128,1555,6015,belief,537,,,correct,1,0.471381,1.007405
B,above_good,129,1556,6016,end_of_prompt,196,,,correct,1,4.612547,5.188650
B,above_good,129,1557,6017,est_offwin,259,25000000.0,-1,correct,1,24.943344,24.660915
B,above_good,129,1558,6018,est_offwin,374,1500.0,-1,correct,1,10.220639,14.920372
B,above_good,129,1559,6019,est_offwin,385,1875.0,-1,correct,1,3.149932,11.083038
B,above_good,129,1560,6020,est_offwin,412,25000000.0,-1,correct,1,21.210283,21.426765
B,above_good,129,1561,6021,est_offwin,421,1875.0,-1,correct,1,9.907646,15.199778
B,above_good,129,1562,6022,est,441,46875000000.0,1,correct,1,-0.598564,14.515173
B,above_good,129,1563,6023,tau_echo,461,4500000000.0,,correct,1,-15.615620,0.588711
B,above_good,129,1564,6024,est,526,46875000000.0,1,correct,1,-3.784131,10.958914
B,above_good,129,1565,6025,final,526,46875000000.0,,correct,1,-3.784131,10.958914
B,above_good,129,1566,6026,final_corrected,526,46875000000.0,,correct,1,-3.784131,10.958914
B,above_good,129,1567,6027,belief,487,,,correct,1,0.127463,1.667761
B,above_good,130,1568,6028,end_of_prompt,196,,,correct,1,4.610257,5.177353
B,above_good,130,1569,6029,est_offwin,326,2500.0,-1,correct,1,1.718331,11.678998
B,above_good,130,1570,6030,est_offwin,401,2500000.0,-1,correct,1,10.922421,15.298416
B,above_good,130,1571,6031,est_offwin,446,2500.0,-1,correct,1,6.734128,11.454066
B,above_good,130,1572,6032,est_offwin,461,2500000.0,-1,correct,1,11.892798,10.597588
B,above_good,130,1573,6033,est,485,6250000000.0,1,correct,1,-1.472556,17.534719
B,above_good,130,1574,6034,tau_echo,506,4500000000.0,,correct,1,-19.452250,-1.884993
B,above_good,130,1575,6035,est,524,6250000000.0,1,correct,1,-0.132525,9.417155
B,above_good,130,1576,6036,final,550,6250000000.0,,correct,1,-5.080218,13.527619
B,above_good,130,1577,6037,final_corrected,550,6250000000.0,,correct,1,-5.080218,13.527619
B,above_good,130,1578,6038,belief,579,,,correct,1,-0.173814,1.879859
B,above_good,131,1579,6039,end_of_prompt,196,,,incorrect,-1,4.610257,5.177353
B,above_good,131,1580,6040,est_offwin,329,5000000.0,-1,incorrect,-1,15.531683,19.681219
B,above_good,131,1581,6041,est_offwin,373,5000.0,-1,incorrect,-1,6.118598,10.487623
B,above_good,131,1582,6042,est_offwin,437,5000000.0,-1,incorrect,-1,13.846348,9.479305
B,above_good,131,1583,6043,est_offwin,445,5000.0,-1,incorrect,-1,5.382997,1.228451
B,above_good,131,1584,6044,est,471,25000000000.0,1,incorrect,-1,-0.589025,15.072369
B,above_good,131,1585,6045,tau_echo,517,4500000000.0,,incorrect,-1,-13.789579,-1.211848
B,above_good,131,1586,6046,final,517,4500000000.0,,incorrect,-1,-13.789579,-1.211848
B,above_good,131,1587,6047,final_corrected,494,25000000000.0,,incorrect,-1,-4.647317,13.044717
B,above_good,131,1588,6048,belief,547,,,incorrect,-1,0.969087,-0.366450
B,above_good,132,1589,6049,end_of_prompt,196,,,correct,1,4.612547,5.188650
B,above_good,132,1590,6050,est_offwin,321,250000.0,-1,correct,1,16.111622,9.688284
B,above_good,132,1591,6051,est_offwin,367,100000.0,-1,correct,1,14.591544,11.115589
B,above_good,132,1592,6052,est_offwin,422,250000.0,-1,correct,1,14.365618,12.221189
B,above_good,132,1593,6053,est_offwin,439,100000.0,-1,correct,1,13.686321,5.676850
B,above_good,132,1594,6054,est,463,25000000000.0,1,correct,1,-1.596040,15.748054
B,above_good,132,1595,6055,tau_echo,530,4500000000.0,,correct,1,-13.359185,-0.131876
B,above_good,132,1596,6056,final,530,4500000000.0,,correct,1,-13.359185,-0.131876
B,above_good,132,1597,6057,final_corrected,508,25000000000.0,,correct,1,-3.496035,11.560172
B,above_good,132,1598,6058,belief,550,,,correct,1,2.576936,3.591190
B,above_good,133,1599,6059,end_of_prompt,196,,,correct,1,4.610257,5.177353
B,above_good,133,1600,6060,est_offwin,433,5000.0,-1,correct,1,5.714152,10.418409
B,above_good,133,1601,6061,est_offwin,454,5000000.0,-1,correct,1,13.897958,18.731974
B,above_good,133,1602,6062,est_offwin,475,5000.0,-1,correct,1,8.643313,9.827341
B,above_good,133,1603,6063,est_offwin,497,5000000.0,-1,correct,1,14.368156,10.660171
B,above_good,133,1604,6064,est,522,25000000000.0,1,correct,1,-3.612476,14.707051
B,above_good,133,1605,6065,tau_echo,555,4500000000.0,,correct,1,-16.165997,-1.527098
B,above_good,133,1606,6066,est,579,25000000000.0,1,correct,1,-4.390046,11.590231
B,above_good,133,1607,6067,final,579,25000000000.0,,correct,1,-4.390046,11.590231
B,above_good,133,1608,6068,final_corrected,579,25000000000.0,,correct,1,-4.390046,11.590231
B,above_good,133,1609,6069,belief,597,,,correct,1,-0.164746,1.912975
B,above_good,134,1610,6070,end_of_prompt,196,,,unclear,,4.614231,5.194337
B,above_good,134,1611,6071,est_offwin,349,100000.0,-1,unclear,,14.177948,6.958769
B,above_good,134,1612,6072,est_offwin,374,1000000.0,-1,unclear,,17.641891,19.413164
B,above_good,134,1613,6073,est_offwin,482,18000.0,-1,unclear,,11.118003,15.046774
B,above_good,134,1614,6074,est_offwin,510,36000.0,-1,unclear,,7.243588,9.517282
B,above_good,134,1615,6075,est_offwin,535,50000.0,-1,unclear,,3.894128,7.033501
B,above_good,134,1616,6076,est_offwin,556,1000000.0,-1,unclear,,19.300667,21.983276
B,above_good,134,1617,6077,est_offwin,571,50000.0,-1,unclear,,10.564155,8.261036
B,above_good,134,1618,6078,est_offwin,593,1000000.0,-1,unclear,,16.376003,10.824775
B,above_good,134,1619,6079,est_offwin,602,50000.0,-1,unclear,,11.483702,4.204033
B,above_good,134,1620,6080,est,618,50000000000.0,1,unclear,,0.019662,11.342188
B,above_good,134,1621,6081,tau_echo,638,4500000000.0,,unclear,,-13.983780,1.829232
B,above_good,134,1622,6082,est,662,50000000000.0,1,unclear,,-2.789246,8.277160
B,above_good,134,1623,6083,final,662,50000000000.0,,unclear,,-2.789246,8.277160
B,above_good,134,1624,6084,final_corrected,662,50000000000.0,,unclear,,-2.789246,8.277160
B,above_good,135,1625,6085,end_of_prompt,196,,,correct,1,4.612547,5.188650
B,above_good,135,1626,6086,est_offwin,383,2500000.0,-1,correct,1,11.115521,16.998301
B,above_good,135,1627,6087,est,452,5000000000.0,1,correct,1,-6.312046,14.326136
B,above_good,135,1628,6088,tau_echo,524,4500000000.0,,correct,1,-18.951019,-1.407438
B,above_good,135,1629,6089,final,524,4500000000.0,,correct,1,-18.951019,-1.407438
B,above_good,135,1630,6090,final_corrected,502,5000000000.0,,correct,1,-3.847376,12.302192
B,above_good,135,1631,6091,belief,536,,,correct,1,-0.073619,1.005900
B,above_good,136,1632,6092,end_of_prompt,196,,,correct,1,4.610257,5.177353
B,above_good,136,1633,6093,est_offwin,285,25000000.0,-1,correct,1,23.758251,22.451996
B,above_good,136,1634,6094,est_offwin,363,6000.0,-1,correct,1,10.702715,13.853023
B,above_good,136,1635,6095,est_offwin,408,25000000.0,-1,correct,1,13.627922,11.844101
B,above_good,136,1636,6096,est_offwin,422,6000.0,-1,correct,1,9.876422,10.624437
B,above_good,136,1637,6097,est_offwin,442,25000000.0,-1,correct,1,15.626142,12.219365
B,above_good,136,1638,6098,est_offwin,449,6000.0,-1,correct,1,9.283648,7.949426
B,above_good,136,1639,6099,est,466,150000000000.0,1,correct,1,2.437823,8.428350
B,above_good,136,1640,6100,tau_echo,522,4500000000.0,,correct,1,0.544157,15.312382
B,above_good,136,1641,6101,est,543,150000000000.0,1,correct,1,-2.402707,4.009366
B,above_good,136,1642,6102,final,543,150000000000.0,,correct,1,-2.402707,4.009366
B,above_good,136,1643,6103,final_corrected,543,150000000000.0,,correct,1,-2.402707,4.009366
B,above_good,136,1644,6104,belief,579,,,correct,1,0.464970,1.449995
B,above_good,137,1645,6105,end_of_prompt,196,,,correct,1,4.600668,5.206914
B,above_good,137,1646,6106,est_offwin,305,5000000.0,-1,correct,1,17.383108,21.315895
B,above_good,137,1647,6107,est_offwin,419,6000.0,-1,correct,1,9.080402,13.950690
B,above_good,137,1648,6108,est_offwin,481,5000000.0,-1,correct,1,13.703031,9.962799
B,above_good,137,1649,6109,est_offwin,489,6000.0,-1,correct,1,7.321556,5.911473
B,above_good,137,1650,6110,est,505,30000000000.0,1,correct,1,-2.032073,12.118594
B,above_good,137,1651,6111,tau_echo,525,4500000000.0,,correct,1,-13.437729,1.132018
B,above_good,137,1652,6112,est,545,30000000000.0,1,correct,1,-0.447394,5.837373
B,above_good,137,1653,6113,est,652,20000000000.0,1,correct,1,-17.687828,-1.027949
B,above_good,137,1654,6114,final,677,20000000000.0,,correct,1,-7.828950,10.780645
B,above_good,137,1655,6115,final_corrected,677,20000000000.0,,correct,1,-7.828950,10.780645
B,above_good,137,1656,6116,belief,701,,,correct,1,-0.410737,1.906201
B,above_good,138,1657,6117,end_of_prompt,196,,,correct,1,4.650987,5.207460
B,above_good,138,1658,6118,est_offwin,272,25000000.0,-1,correct,1,24.965151,24.873478
B,above_good,138,1659,6119,est_offwin,301,5000.0,-1,correct,1,9.496913,14.114685
B,above_good,138,1660,6120,est_offwin,367,25000000.0,-1,correct,1,14.211664,10.460454
B,above_good,138,1661,6121,est_offwin,375,5000.0,-1,correct,1,6.939700,4.117998
B,above_good,138,1662,6122,est,392,125000000000.0,1,correct,1,2.196026,9.573008
B,above_good,138,1663,6123,tau_echo,459,4500000000.0,,correct,1,-11.870291,-0.955673
B,above_good,138,1664,6124,final,459,4500000000.0,,correct,1,-11.870291,-0.955673
B,above_good,138,1665,6125,final_corrected,437,125000000000.0,,correct,1,-1.633520,6.184875
B,above_good,138,1666,6126,belief,475,,,correct,1,1.177042,2.092548
B,above_good,139,1667,6127,end_of_prompt,196,,,unclear,,4.612547,5.188650
B,above_good,139,1668,6128,est_offwin,340,5000000.0,-1,unclear,,16.204582,19.501446
B,above_good,139,1669,6129,est,450,3750000000.0,-1,unclear,,-10.449664,12.472366
B,above_good,139,1670,6130,tau_echo,475,4500000000.0,,unclear,,-11.257728,4.327159
B,above_good,139,1671,6131,est,499,3750000000.0,-1,unclear,,-9.403378,12.342304
B,above_good,139,1672,6132,tau_echo,524,4500000000.0,,unclear,,-8.095963,0.732229
B,above_good,139,1673,6133,final,524,4500000000.0,,unclear,,-8.095963,0.732229
B,above_good,139,1674,6134,final_corrected,499,3750000000.0,,unclear,,-9.403378,12.342304
B,above_good,140,1675,6135,end_of_prompt,196,,,correct,1,4.612547,5.188650
B,above_good,140,1676,6136,est_offwin,281,25000000.0,-1,correct,1,25.237848,24.136034
B,above_good,140,1677,6137,est,458,10000000000.0,1,correct,1,0.072167,12.690451
B,above_good,140,1678,6138,tau_echo,526,4500000000.0,,correct,1,-14.168757,-0.710553
B,above_good,140,1679,6139,final,526,4500000000.0,,correct,1,-14.168757,-0.710553
B,above_good,140,1680,6140,final_corrected,504,10000000000.0,,correct,1,-1.892087,10.636124
B,above_good,140,1681,6141,belief,548,,,correct,1,0.734769,2.608732
B,above_good,141,1682,6142,end_of_prompt,196,,,correct,1,4.610257,5.177353
B,above_good,141,1683,6143,est_offwin,332,50000.0,-1,correct,1,13.546764,10.687855
B,above_good,141,1684,6144,est_offwin,409,10000000.0,-1,correct,1,12.170244,8.020968
B,above_good,141,1685,6145,est_offwin,433,500000000000.0,1,correct,1,-1.291901,9.699853
B,above_good,141,1686,6146,tau_echo,458,4500000000.0,,correct,1,-12.418613,3.562613
B,above_good,141,1687,6147,est_offwin,499,50000.0,-1,correct,1,7.052808,3.912930
B,above_good,141,1688,6148,est_offwin,519,5000000.0,-1,correct,1,3.685707,0.979258
B,above_good,141,1689,6149,est,543,250000000000.0,1,correct,1,-15.304285,-3.802985
B,above_good,141,1690,6150,est,586,1000000000.0,-1,correct,1,-9.734739,4.566584
B,above_good,141,1691,6151,final,586,1000000000.0,,correct,1,-9.734739,4.566584
B,above_good,141,1692,6152,final_corrected,586,1000000000.0,,correct,1,-9.734739,4.566584
B,above_good,142,1693,6153,end_of_prompt,196,,,correct,1,4.610257,5.177353
B,above_good,142,1694,6154,est_offwin,279,10000000.0,-1,correct,1,23.932030,21.932917
B,above_good,142,1695,6155,est_offwin,387,4000.0,-1,correct,1,0.445951,4.224709
B,above_good,142,1696,6156,est_offwin,469,10000000.0,-1,correct,1,15.002615,7.606607
B,above_good,142,1697,6157,est_offwin,477,4000.0,-1,correct,1,5.459918,3.484210
B,above_good,142,1698,6158,est,503,40000000000.0,1,correct,1,0.276040,10.267883
B,above_good,142,1699,6159,tau_echo,562,4500000000.0,,correct,1,-12.166392,0.556236
B,above_good,142,1700,6160,final,562,4500000000.0,,correct,1,-12.166392,0.556236
B,above_good,142,1701,6161,final_corrected,542,40000000000.0,,correct,1,-2.385858,8.536621
B,above_good,142,1702,6162,belief,587,,,correct,1,-0.101639,1.248838
B,above_good,143,1703,6163,end_of_prompt,196,,,unclear,,4.632525,5.177039
B,above_good,143,1704,6164,est_offwin,373,2000000.0,-1,unclear,,7.281757,16.568018
B,above_good,143,1705,6165,est_offwin,459,1000.0,-1,unclear,,1.260840,7.592362
B,above_good,143,1706,6166,est_offwin,531,2000000.0,-1,unclear,,12.759532,11.515545
B,above_good,143,1707,6167,est_offwin,539,1000.0,-1,unclear,,5.694497,4.435699
B,above_good,143,1708,6168,est,554,2000000000.0,-1,unclear,,-5.413076,13.147283
B,above_good,143,1709,6169,tau_echo,575,4500000000.0,,unclear,,-8.684536,5.557937
B,above_good,143,1710,6170,est,594,2000000000.0,-1,unclear,,-8.131804,9.274534
B,above_good,143,1711,6171,final,594,2000000000.0,,unclear,,-8.131804,9.274534
B,above_good,143,1712,6172,final_corrected,594,2000000000.0,,unclear,,-8.131804,9.274534
B,above_good,144,1713,6173,end_of_prompt,196,,,correct,1,4.612547,5.188650
B,above_good,144,1714,6174,est_offwin,281,6000000.0,-1,correct,1,17.643911,20.670868
B,above_good,144,1715,6175,est_offwin,347,3000.0,-1,correct,1,5.739174,13.038868
B,above_good,144,1716,6176,est_offwin,362,6000.0,-1,correct,1,5.169978,8.786128
B,above_good,144,1717,6177,est_offwin,380,4500.0,-1,correct,1,1.271608,8.857564
B,above_good,144,1718,6178,est_offwin,402,6000000.0,-1,correct,1,20.757881,22.492754
B,above_good,144,1719,6179,est_offwin,417,4500.0,-1,correct,1,6.284165,9.739485
B,above_good,144,1720,6180,est_offwin,441,6000000.0,-1,correct,1,14.438471,10.696482
B,above_good,144,1721,6181,est_offwin,456,4500.0,-1,correct,1,6.310750,8.320851
B,above_good,144,1722,6182,est,480,27000000000.0,1,correct,1,-1.611704,15.049465
B,above_good,144,1723,6183,tau_echo,545,4500000000.0,,correct,1,-12.086951,1.104358
B,above_good,144,1724,6184,final,545,4500000000.0,,correct,1,-12.086951,1.104358
B,above_good,144,1725,6185,final_corrected,526,27000000000.0,,correct,1,-2.753838,10.947795
B,above_good,144,1726,6186,belief,563,,,correct,1,0.882250,2.459096
B,above_good,145,1727,6187,end_of_prompt,196,,,correct,1,4.612547,5.188650
B,above_good,145,1728,6188,est_offwin,266,250000.0,-1,correct,1,14.902576,9.579070
B,above_good,145,1729,6189,est_offwin,359,7500.0,-1,correct,1,4.390594,9.581571
B,above_good,145,1730,6190,est_offwin,376,250000.0,-1,correct,1,17.002205,13.670921
B,above_good,145,1731,6191,est_offwin,390,7500.0,-1,correct,1,10.618695,12.386392
B,above_good,145,1732,6192,est,413,1875000000.0,-1,correct,1,-1.229250,13.229523
B,above_good,145,1733,6193,tau_echo,480,4500000000.0,,correct,1,-8.195826,4.359288
B,above_good,145,1734,6194,final,480,4500000000.0,,correct,1,-8.195826,4.359288
B,above_good,145,1735,6195,final_corrected,458,1875000000.0,,correct,1,0.337215,15.018034
B,above_good,145,1736,6196,belief,508,,,correct,1,-0.185500,0.184467
B,above_good,146,1737,6197,end_of_prompt,196,,,incorrect,-1,4.612547,5.188650
B,above_good,146,1738,6198,est_offwin,326,7500.0,-1,incorrect,-1,3.338015,10.927168
B,above_good,146,1739,6199,est_offwin,390,10000000.0,-1,incorrect,-1,12.404732,13.571096
B,above_good,146,1740,6200,est_offwin,420,7500.0,-1,incorrect,-1,9.790411,13.437051
B,above_good,146,1741,6201,est_offwin,441,10000000.0,-1,incorrect,-1,15.327943,8.271067
B,above_good,146,1742,6202,est,464,75000000000.0,1,incorrect,-1,-0.099995,12.691071
B,above_good,146,1743,6203,tau_echo,532,4500000000.0,,incorrect,-1,-12.773834,0.051500
B,above_good,146,1744,6204,final,532,4500000000.0,,incorrect,-1,-12.773834,0.051500
B,above_good,146,1745,6205,final_corrected,510,75000000000.0,,incorrect,-1,-1.592261,9.802637
B,above_good,146,1746,6206,belief,544,,,incorrect,-1,2.173173,1.176271
B,above_good,147,1747,6207,end_of_prompt,196,,,unclear,,4.610257,5.177353
B,above_good,147,1748,6208,est_offwin,327,2000.0,-1,unclear,,5.834607,13.108581
B,above_good,147,1749,6209,est_offwin,336,10000.0,-1,unclear,,7.679275,7.910885
B,above_good,147,1750,6210,est_offwin,358,5000.0,-1,unclear,,4.535329,10.649315
B,above_good,147,1751,6211,est_offwin,400,230000.0,-1,unclear,,13.065132,7.551008
B,above_good,147,1752,6212,est_offwin,411,1000000.0,-1,unclear,,10.675114,1.374881
B,above_good,147,1753,6213,est_offwin,424,615000.0,-1,unclear,,8.392061,5.557169
B,above_good,147,1754,6214,est_offwin,440,2000.0,-1,unclear,,2.395940,6.385048
B,above_good,147,1755,6215,est_offwin,448,10000.0,-1,unclear,,6.430660,-2.995527
B,above_good,147,1756,6216,est_offwin,459,6000.0,-1,unclear,,0.948290,3.156350
B,above_good,147,1757,6217,est_offwin,476,615000.0,-1,unclear,,13.280504,11.106085
B,above_good,147,1758,6218,est_offwin,491,6000.0,-1,unclear,,7.154949,8.258804
B,above_good,147,1759,6219,est,514,3690000000.0,-1,unclear,,-9.989535,11.661267
B,above_good,147,1760,6220,tau_echo,539,4500000000.0,,unclear,,-9.857965,4.393291
B,above_good,147,1761,6221,est,569,3690000000.0,-1,unclear,,-8.278252,11.946894
B,above_good,147,1762,6222,final,569,3690000000.0,,unclear,,-8.278252,11.946894
B,above_good,147,1763,6223,final_corrected,569,3690000000.0,,unclear,,-8.278252,11.946894
B,above_good,148,1764,6224,end_of_prompt,196,,,incorrect,-1,4.605688,5.169905
B,above_good,148,1765,6225,est_offwin,413,20000.0,-1,incorrect,-1,10.604691,13.306168
B,above_good,148,1766,6226,est_offwin,446,450000.0,-1,incorrect,-1,10.829670,9.453962
B,above_good,148,1767,6227,est_offwin,459,20000.0,-1,incorrect,-1,9.996661,10.425454
B,above_good,148,1768,6228,est_offwin,477,450000.0,-1,incorrect,-1,14.861130,10.476953
B,above_good,148,1769,6229,est,499,9000000000.0,1,incorrect,-1,-3.784021,14.677824
B,above_good,148,1770,6230,tau_echo,526,4500000000.0,,incorrect,-1,-17.878742,-0.912282
B,above_good,148,1771,6231,est_offwin,563,17000.0,-1,incorrect,-1,1.367235,6.965774
B,above_good,148,1772,6232,est_offwin,594,450000.0,-1,incorrect,-1,8.521389,3.435234
B,above_good,148,1773,6233,est,616,7650000000.0,1,incorrect,-1,-17.933271,0.754151
B,above_good,148,1774,6234,tau_echo,647,4500000000.0,,incorrect,-1,-17.574558,-2.992057
B,above_good,148,1775,6235,est_offwin,665,15000.0,-1,incorrect,-1,-2.979287,4.612748
B,above_good,148,1776,6236,est_offwin,696,450000.0,-1,incorrect,-1,8.013809,2.313173
B,above_good,148,1777,6237,est,718,6750000000.0,1,incorrect,-1,-19.905491,-0.339680
B,above_good,148,1778,6238,est_offwin,765,14000.0,-1,incorrect,-1,-4.862199,1.204170
B,above_good,148,1779,6239,est_offwin,783,450000.0,-1,incorrect,-1,6.536882,1.817196
B,above_good,148,1780,6240,est,805,6300000000.0,1,incorrect,-1,-22.812857,-4.984452
B,above_good,148,1781,6241,est,850,3500000000.0,-1,incorrect,-1,-20.965792,6.539477
B,above_good,148,1782,6242,final,850,3500000000.0,,incorrect,-1,-20.965792,6.539477
B,above_good,148,1783,6243,final_corrected,850,3500000000.0,,incorrect,-1,-20.965792,6.539477
B,above_good,149,1784,6244,end_of_prompt,196,,,correct,1,4.610257,5.177353
B,above_good,149,1785,6245,est_offwin,362,6000.0,-1,correct,1,1.119869,7.287569
B,above_good,149,1786,6246,est_offwin,412,1000000.0,-1,correct,1,15.790309,17.322380
B,above_good,149,1787,6247,est_offwin,485,6000.0,-1,correct,1,5.821745,5.287143
B,above_good,149,1788,6248,est,510,6000000000.0,1,correct,1,-3.526135,14.236393
B,above_good,149,1789,6249,tau_echo,530,4500000000.0,,correct,1,-17.883791,-2.476595
B,above_good,149,1790,6250,est,548,6000000000.0,1,correct,1,0.057810,5.915578
B,above_good,149,1791,6251,final,575,6000000000.0,,correct,1,-6.083372,12.287081
B,above_good,149,1792,6252,final_corrected,575,6000000000.0,,correct,1,-6.083372,12.287081
B,baseline,0,0,6253,end_of_prompt,129,,,,,4.988052,5.597933
B,baseline,0,1,6254,est_offwin,333,2000000.0,-1,,,12.490040,21.206707
B,baseline,0,2,6255,est,467,800000000.0,-1,,,11.378555,12.769110
B,baseline,0,3,6256,final,505,800000000.0,,,,8.614986,14.414568
B,baseline,0,4,6257,final_corrected,505,800000000.0,,,,8.614986,14.414568
B,baseline,1,5,6258,end_of_prompt,129,,,,,4.988052,5.597933
B,baseline,1,6,6259,est_offwin,291,25000000.0,-1,,,22.745522,21.492199
B,baseline,1,7,6260,est_offwin,308,2500.0,-1,,,2.531280,14.700994
B,baseline,1,8,6261,est_offwin,323,25000000.0,-1,,,21.654633,21.982410
B,baseline,1,9,6262,est_offwin,364,2500.0,-1,,,8.401834,14.377261
B,baseline,1,10,6263,est,389,62500000000.0,1,,,2.697872,11.718348
B,baseline,1,11,6264,final,443,62500000000.0,,,,8.193232,18.686296
B,baseline,1,12,6265,final_corrected,443,62500000000.0,,,,8.193232,18.686296
B,baseline,2,13,6266,end_of_prompt,129,,,,,4.988052,5.597933
B,baseline,2,14,6267,est_offwin,274,50000.0,-1,,,10.696980,10.684437
B,baseline,2,15,6268,est_offwin,302,100000.0,-1,,,8.286718,3.401799
B,baseline,2,16,6269,est_offwin,326,250000.0,-1,,,12.616292,10.582133
B,baseline,2,17,6270,est_offwin,369,50000.0,-1,,,9.604870,9.994137
B,baseline,2,18,6271,est_offwin,387,250000.0,-1,,,14.260935,12.217643
B,baseline,2,19,6272,est,410,12500000000.0,1,,,1.343836,13.610415
B,baseline,2,20,6273,final,437,12500000000.0,,,,-1.544890,16.274189
B,baseline,2,21,6274,final_corrected,437,12500000000.0,,,,-1.544890,16.274189
B,baseline,3,22,6275,end_of_prompt,129,,,,,4.988052,5.597933
B,baseline,3,23,6276,est_offwin,274,2000.0,-1,,,5.467341,14.528791
B,baseline,3,24,6277,est_offwin,312,3500000.0,-1,,,12.018728,13.731426
B,baseline,3,25,6278,est_offwin,334,1400.0,-1,,,4.145163,11.850916
B,baseline,3,26,6279,est_offwin,364,3500000.0,-1,,,14.279284,13.816845
B,baseline,3,27,6280,est_offwin,379,1400.0,-1,,,7.376699,9.837243
B,baseline,3,28,6281,est,402,4900000000.0,1,,,1.059730,14.978619
B,baseline,3,29,6282,final,448,4900000000.0,,,,-1.078567,12.401931
B,baseline,3,30,6283,final_corrected,448,4900000000.0,,,,-1.078567,12.401931
B,baseline,4,31,6284,end_of_prompt,129,,,,,4.988052,5.597933
B,baseline,4,32,6285,est_offwin,241,8000000.0,-1,,,22.469589,20.923439
B,baseline,4,33,6286,est_offwin,316,2500.0,-1,,,2.449193,12.584619
B,baseline,4,34,6287,est_offwin,355,8000000.0,-1,,,14.712513,11.143200
B,baseline,4,35,6288,est_offwin,369,2500.0,-1,,,4.719542,9.993063
B,baseline,4,36,6289,est_offwin,387,8000000.0,-1,,,15.346313,12.666044
B,baseline,4,37,6290,est_offwin,395,2500.0,-1,,,6.858475,9.575962
B,baseline,4,38,6291,est,411,20000000000.0,1,,,1.943089,11.907524
B,baseline,4,39,6292,final,441,20000000000.0,,,,9.533960,26.302605
B,baseline,4,40,6293,final_corrected,441,20000000000.0,,,,9.533960,26.302605
B,baseline,5,41,6294,end_of_prompt,129,,,,,4.974007,5.563489
B,baseline,5,42,6295,est_offwin,337,500000.0,-1,,,15.276080,8.667732
B,baseline,5,43,6296,est_offwin,359,200000.0,-1,,,4.245033,0.898648
B,baseline,5,44,6297,est_offwin,382,1000000.0,-1,,,16.180075,20.937675
B,baseline,5,45,6298,est_offwin,503,2500.0,-1,,,3.474912,8.148657
B,baseline,5,46,6299,est,550,2500000000.0,-1,,,3.764501,15.548078
B,baseline,5,47,6300,final,596,2500000000.0,,,,9.191893,22.753946
B,baseline,5,48,6301,final_corrected,596,2500000000.0,,,,9.191893,22.753946
B,baseline,6,49,6302,end_of_prompt,129,,,,,4.988052,5.597933
B,baseline,6,50,6303,est_offwin,241,100000.0,-1,,,13.283199,8.183924
B,baseline,6,51,6304,est_offwin,261,2500000.0,-1,,,19.365223,26.772953
B,baseline,6,52,6305,est_offwin,278,100000.0,-1,,,14.259964,6.124789
B,baseline,6,53,6306,est_offwin,332,2500.0,-1,,,5.279165,14.597859
B,baseline,6,54,6307,est,431,6250000000.0,1,,,-1.571059,15.999530
B,baseline,6,55,6308,final,437,6250000000.0,,,,6.820354,18.524340
B,baseline,6,56,6309,final_corrected,437,6250000000.0,,,,6.820354,18.524340
B,baseline,7,57,6310,end_of_prompt,129,,,,,4.988052,5.597933
B,baseline,7,58,6311,est_offwin,255,500000.0,-1,,,12.706287,10.608238
B,baseline,7,59,6312,est_offwin,339,2000.0,-1,,,6.462183,16.344152
B,baseline,7,60,6313,est_offwin,395,500000.0,-1,,,15.267569,12.383472
B,baseline,7,61,6314,est_offwin,431,2000.0,-1,,,6.084855,10.770803
B,baseline,7,62,6315,est,454,1000000000.0,-1,,,7.564446,12.656649
B,baseline,7,63,6316,final,496,1000000000.0,,,,4.442400,12.582539
B,baseline,7,64,6317,final_corrected,496,1000000000.0,,,,4.442400,12.582539
B,baseline,8,65,6318,end_of_prompt,129,,,,,4.988052,5.597933
B,baseline,8,66,6319,est_offwin,295,1000000.0,-1,,,18.131935,18.929190
B,baseline,8,67,6320,est_offwin,326,1500.0,-1,,,1.866084,12.749773
B,baseline,8,68,6321,est_offwin,335,1000000.0,-1,,,21.705051,21.701729
B,baseline,8,69,6322,est_offwin,372,1500.0,-1,,,9.991972,14.948392
B,baseline,8,70,6323,est,395,1500000000.0,-1,,,4.399675,15.938676
B,baseline,8,71,6324,final,450,1500000000.0,,,,10.037281,23.331137
B,baseline,8,72,6325,final_corrected,450,1500000000.0,,,,10.037281,23.331137
B,baseline,9,73,6326,end_of_prompt,129,,,,,4.988052,5.597933
B,baseline,9,74,6327,est_offwin,374,250000.0,-1,,,12.666267,11.632437
B,baseline,9,75,6328,est_offwin,388,2000.0,-1,,,3.139407,9.885913
B,baseline,9,76,6329,est_offwin,406,250000.0,-1,,,15.613323,13.730288
B,baseline,9,77,6330,est_offwin,421,2000.0,-1,,,5.575946,11.782034
B,baseline,9,78,6331,est,442,500000000.0,-1,,,13.310156,14.914602
B,baseline,9,79,6332,final,485,500000000.0,,,,10.511985,15.471718
B,baseline,9,80,6333,final_corrected,485,500000000.0,,,,10.511985,15.471718
B,baseline,10,81,6334,end_of_prompt,129,,,,,4.988052,5.597933
B,baseline,10,82,6335,est_offwin,253,2000000.0,-1,,,19.825649,22.971207
B,baseline,10,83,6336,est_offwin,356,2000.0,-1,,,0.170258,11.220036
B,baseline,10,84,6337,est_offwin,419,2000000.0,-1,,,14.493044,13.103140
B,baseline,10,85,6338,est_offwin,427,2000.0,-1,,,3.949751,4.852953
B,baseline,10,86,6339,est,442,4000000000.0,-1,,,1.417078,11.359270
B,baseline,10,87,6340,final,480,4000000000.0,,,,-1.552701,11.956572
B,baseline,10,88,6341,final_corrected,480,4000000000.0,,,,-1.552701,11.956572
B,baseline,11,89,6342,end_of_prompt,129,,,,,4.968030,5.565867
B,baseline,11,90,6343,est_offwin,357,5000.0,-1,,,7.528911,11.880779
B,baseline,11,91,6344,est_offwin,375,400000.0,-1,,,9.795528,7.390148
B,baseline,11,92,6345,est_offwin,435,5000.0,-1,,,10.851217,11.077293
B,baseline,11,93,6346,est_offwin,445,400000.0,-1,,,13.631296,7.325219
B,baseline,11,94,6347,est,470,2000000000.0,-1,,,5.131322,15.148819
B,baseline,11,95,6348,final,523,2000000000.0,,,,7.934989,24.055418
B,baseline,11,96,6349,final_corrected,523,2000000000.0,,,,7.934989,24.055418
B,baseline,12,97,6350,end_of_prompt,129,,,,,4.988052,5.597933
B,baseline,12,98,6351,est_offwin,209,3000000.0,-1,,,11.218866,16.269627
B,baseline,12,99,6352,est_offwin,333,1200.0,-1,,,2.476469,10.762383
B,baseline,12,100,6353,est_offwin,411,3000000.0,-1,,,13.293358,11.855928
B,baseline,12,101,6354,est_offwin,419,1200.0,-1,,,6.629680,8.672005
B,baseline,12,102,6355,est,443,3600000000.0,-1,,,2.791390,13.737034
B,baseline,12,103,6356,final,478,3600000000.0,,,,0.492360,14.567812
B,baseline,12,104,6357,final_corrected,478,3600000000.0,,,,0.492360,14.567812
B,baseline,13,105,6358,end_of_prompt,129,,,,,4.988052,5.597933
B,baseline,13,106,6359,est_offwin,299,9600.0,-1,,,9.498921,13.835463
B,baseline,13,107,6360,est_offwin,347,10000000.0,-1,,,20.545177,19.627144
B,baseline,13,108,6361,est_offwin,382,9600.0,-1,,,6.604242,7.974771
B,baseline,13,109,6362,est,400,96000000000.0,1,,,1.312418,7.678352
B,baseline,13,110,6363,final,451,96000000000.0,,,,8.961800,20.542887
B,baseline,13,111,6364,final_corrected,451,96000000000.0,,,,8.961800,20.542887
B,baseline,14,112,6365,end_of_prompt,129,,,,,4.988052,5.597933
B,baseline,14,113,6366,est_offwin,224,250000.0,-1,,,16.191757,14.352466
B,baseline,14,114,6367,est_offwin,349,15000.0,-1,,,5.845260,12.396393
B,baseline,14,115,6368,est_offwin,363,250000.0,-1,,,16.336571,17.139793
B,baseline,14,116,6369,est_offwin,392,15000.0,-1,,,8.964287,8.803719
B,baseline,14,117,6370,est,415,3750000000.0,-1,,,2.270717,16.198872
B,baseline,14,118,6371,final,462,3750000000.0,,,,0.148973,16.648422
B,baseline,14,119,6372,final_corrected,462,3750000000.0,,,,0.148973,16.648422
B,baseline,15,120,6373,end_of_prompt,129,,,,,4.968030,5.565867
B,baseline,15,121,6374,est_offwin,330,1000000.0,-1,,,17.916607,19.914082
B,baseline,15,122,6375,est_offwin,367,2500.0,-1,,,5.246751,13.305278
B,baseline,15,123,6376,est_offwin,414,1000000.0,-1,,,16.438013,10.590513
B,baseline,15,124,6377,est_offwin,422,2500.0,-1,,,6.852292,8.600632
B,baseline,15,125,6378,est,437,2500000000.0,-1,,,2.352270,14.480269
B,baseline,15,126,6379,final,483,2500000000.0,,,,9.024331,22.009480
B,baseline,15,127,6380,final_corrected,483,2500000000.0,,,,9.024331,22.009480
B,baseline,16,128,6381,end_of_prompt,129,,,,,4.988052,5.597933
B,baseline,16,129,6382,est_offwin,227,5000000.0,-1,,,18.757397,21.692837
B,baseline,16,130,6383,est_offwin,281,4000.0,-1,,,2.036659,8.239851
B,baseline,16,131,6384,est_offwin,331,5000000.0,-1,,,15.899582,13.515414
B,baseline,16,132,6385,est_offwin,345,4000.0,-1,,,7.846927,10.288978
B,baseline,16,133,6386,est,369,20000000000.0,1,,,2.645040,12.938605
B,baseline,16,134,6387,final,404,20000000000.0,,,,10.319506,27.240707
B,baseline,16,135,6388,final_corrected,404,20000000000.0,,,,10.319506,27.240707
B,baseline,17,136,6389,end_of_prompt,129,,,,,4.988052,5.597933
B,baseline,17,137,6390,est_offwin,345,1500.0,-1,,,7.062032,15.531668
B,baseline,17,138,6391,est_offwin,370,275000.0,-1,,,10.894781,14.279077
B,baseline,17,139,6392,est_offwin,406,1500.0,-1,,,7.629817,11.911626
B,baseline,17,140,6393,est,427,412500000.0,-1,,,14.871095,16.838438
B,baseline,17,141,6394,final,471,412500000.0,,,,10.747930,16.921236
B,baseline,17,142,6395,final_corrected,471,412500000.0,,,,10.747930,16.921236
B,baseline,18,143,6396,end_of_prompt,129,,,,,4.968030,5.565867
B,baseline,18,144,6397,est_offwin,249,7000000.0,-1,,,23.140539,20.111813
B,baseline,18,145,6398,est_offwin,359,22500.0,-1,,,12.292603,15.563906
B,baseline,18,146,6399,est_offwin,419,7000000.0,-1,,,15.232545,11.237402
B,baseline,18,147,6400,est_offwin,428,22500.0,-1,,,9.922052,7.084143
B,baseline,18,148,6401,est,455,157500000000.0,1,,,3.415591,8.771021
B,baseline,18,149,6402,final,503,157500000000.0,,,,8.727778,19.220997
B,baseline,18,150,6403,final_corrected,503,157500000000.0,,,,8.727778,19.220997
B,baseline,19,151,6404,end_of_prompt,129,,,,,4.974007,5.563489
B,baseline,19,152,6405,est_offwin,233,325000.0,-1,,,10.299213,8.990692
B,baseline,19,153,6406,est_offwin,390,1680.0,-1,,,10.672224,14.210785
B,baseline,19,154,6407,est_offwin,499,325000.0,-1,,,13.449028,12.271241
B,baseline,19,155,6408,est_offwin,534,1350.0,-1,,,-1.447001,7.788616
B,baseline,19,156,6409,est_offwin,561,325000.0,-1,,,13.732038,12.992479
B,baseline,19,157,6410,est_offwin,568,1350.0,-1,,,7.881954,10.203374
B,baseline,19,158,6411,est,581,438750000.0,-1,,,13.858982,16.219913
B,baseline,19,159,6412,final,620,438750000.0,,,,8.638042,16.159882
B,baseline,19,160,6413,final_corrected,620,438750000.0,,,,8.638042,16.159882
B,baseline,20,161,6414,end_of_prompt,129,,,,,4.974007,5.563489
B,baseline,20,162,6415,est_offwin,262,1000000.0,-1,,,22.072721,19.696251
B,baseline,20,163,6416,est_offwin,453,6500.0,-1,,,2.533157,10.202406
B,baseline,20,164,6417,est_offwin,473,1000000.0,-1,,,17.178692,13.998958
B,baseline,20,165,6418,est_offwin,482,6500.0,-1,,,10.594875,14.039240
B,baseline,20,166,6419,est,501,6500000000.0,1,,,2.142963,15.701906
B,baseline,20,167,6420,final,552,6500000000.0,,,,8.652836,21.628418
B,baseline,20,168,6421,final_corrected,552,6500000000.0,,,,8.652836,21.628418
B,baseline,21,169,6422,end_of_prompt,129,,,,,4.988052,5.597933
B,baseline,21,170,6423,est_offwin,245,1000.0,-1,,,-0.217212,3.262084
B,baseline,21,171,6424,est_offwin,258,2500.0,-1,,,1.696549,13.441868
B,baseline,21,172,6425,est_offwin,275,2500000.0,-1,,,22.193119,23.626493
B,baseline,21,173,6426,est_offwin,317,2500.0,-1,,,8.639824,12.914831
B,baseline,21,174,6427,est_offwin,339,2500000.0,-1,,,14.457453,13.498383
B,baseline,21,175,6428,est,375,6250000000.0,1,,,2.625837,15.963751
B,baseline,21,176,6429,final,421,6250000000.0,,,,8.724771,21.542545
B,baseline,21,177,6430,final_corrected,421,6250000000.0,,,,8.724771,21.542545
B,baseline,22,178,6431,end_of_prompt,129,,,,,4.968030,5.565867
B,baseline,22,179,6432,est_offwin,277,500000.0,-1,,,15.741838,11.734389
B,baseline,22,180,6433,est_offwin,358,2500.0,-1,,,1.846469,12.733047
B,baseline,22,181,6434,est_offwin,443,500000.0,-1,,,15.018911,10.789925
B,baseline,22,182,6435,est_offwin,451,2500.0,-1,,,6.710070,8.890363
B,baseline,22,183,6436,est,466,1250000000.0,-1,,,7.480037,14.918199
B,baseline,22,184,6437,final,506,1250000000.0,,,,4.387802,16.155941
B,baseline,22,185,6438,final_corrected,506,1250000000.0,,,,4.387802,16.155941
B,baseline,23,186,6439,end_of_prompt,129,,,,,4.968030,5.565867
B,baseline,23,187,6440,est_offwin,390,250000.0,-1,,,16.677292,12.709997
B,baseline,23,188,6441,est_offwin,452,1020.0,-1,,,5.791489,11.185543
B,baseline,23,189,6442,est_offwin,463,250000.0,-1,,,16.712648,16.018213
B,baseline,23,190,6443,est_offwin,486,1020.0,-1,,,7.314874,9.288555
B,baseline,23,191,6444,est,499,255000000.0,-1,,,15.526276,16.487755
B,baseline,23,192,6445,final,537,255000000.0,,,,12.237194,17.740433
B,baseline,23,193,6446,final_corrected,537,255000000.0,,,,12.237194,17.740433
B,baseline,24,194,6447,end_of_prompt,129,,,,,4.988052,5.597933
B,baseline,24,195,6448,est_offwin,223,250000.0,-1,,,16.391350,11.463615
B,baseline,24,196,6449,est_offwin,277,2500.0,-1,,,2.910042,13.111826
B,baseline,24,197,6450,est_offwin,318,250000.0,-1,,,16.168074,12.253925
B,baseline,24,198,6451,est_offwin,326,2500.0,-1,,,7.741452,9.133024
B,baseline,24,199,6452,est,339,625000000.0,-1,,,14.850975,14.102143
B,baseline,24,200,6453,final,359,625000000.0,,,,9.646166,15.871167
B,baseline,24,201,6454,final_corrected,359,625000000.0,,,,9.646166,15.871167
B,baseline,25,202,6455,end_of_prompt,129,,,,,4.988052,5.597933
B,baseline,25,203,6456,est_offwin,201,25000000.0,-1,,,22.941231,19.917442
B,baseline,25,204,6457,est_offwin,310,20000.0,-1,,,11.694035,14.024157
B,baseline,25,205,6458,est_offwin,346,25000000.0,-1,,,16.091581,16.420958
B,baseline,25,206,6459,est_offwin,362,20000.0,-1,,,8.383482,6.020703
B,baseline,25,207,6460,est_offwin,387,500000000000.0,1,,,1.313758,6.917444
B,baseline,25,208,6461,final,420,500000000000.0,,,,8.914402,23.028479
B,baseline,25,209,6462,final_corrected,420,500000000000.0,,,,8.914402,23.028479
B,baseline,26,210,6463,end_of_prompt,129,,,,,4.988052,5.597933
B,baseline,26,211,6464,est_offwin,273,200000.0,-1,,,14.018954,13.311026
B,baseline,26,212,6465,est_offwin,355,2500.0,-1,,,2.518501,12.731864
B,baseline,26,213,6466,est_offwin,374,200000.0,-1,,,15.076506,12.975527
B,baseline,26,214,6467,est_offwin,399,2500.0,-1,,,7.835157,12.164865
B,baseline,26,215,6468,est_offwin,417,200000.0,-1,,,14.402853,13.063230
B,baseline,26,216,6469,est_offwin,425,2500.0,-1,,,7.592890,9.688552
B,baseline,26,217,6470,est,438,500000000.0,-1,,,13.168128,14.396875
B,baseline,26,218,6471,final,460,500000000.0,,,,8.748137,16.330572
B,baseline,26,219,6472,final_corrected,460,500000000.0,,,,8.748137,16.330572
B,baseline,27,220,6473,end_of_prompt,129,,,,,4.968030,5.565867
B,baseline,27,221,6474,est_offwin,257,50000.0,-1,,,12.631044,9.015251
B,baseline,27,222,6475,est_offwin,329,1250000.0,-1,,,16.260223,15.642585
B,baseline,27,223,6476,est_offwin,424,21600.0,-1,,,7.386762,10.660229
B,baseline,27,224,6477,est_offwin,457,1250000.0,-1,,,14.975932,14.740828
B,baseline,27,225,6478,est_offwin,473,21600.0,-1,,,9.403353,8.927529
B,baseline,27,226,6479,est,497,27000000000.0,1,,,0.800621,12.230793
B,baseline,27,227,6480,final,532,27000000000.0,,,,8.797186,22.957777
B,baseline,27,228,6481,final_corrected,532,27000000000.0,,,,8.797186,22.957777
B,baseline,28,229,6482,end_of_prompt,129,,,,,4.968030,5.565867
B,baseline,28,230,6483,est_offwin,407,750000.0,-1,,,10.916922,9.617499
B,baseline,28,231,6484,est,474,562500000.0,-1,,,13.606912,17.842133
B,baseline,28,232,6485,final,514,562500000.0,,,,10.211220,17.200001
B,baseline,28,233,6486,final_corrected,514,562500000.0,,,,10.211220,17.200001
B,baseline,29,234,6487,end_of_prompt,129,,,,,4.988052,5.597933
B,baseline,29,235,6488,est_offwin,233,25000000.0,-1,,,24.084316,22.805119
B,baseline,29,236,6489,est_offwin,327,50000.0,-1,,,12.692350,12.796075
B,baseline,29,237,6490,est_offwin,367,25000000.0,-1,,,15.122203,18.053492
B,baseline,29,238,6491,est_offwin,378,50000.0,-1,,,11.956704,7.679386
B,baseline,29,239,6492,est_offwin,398,1250000000000.0,1,,,0.061296,5.279523
B,baseline,29,240,6493,final,448,1250000000000.0,,,,8.804565,18.104900
B,baseline,29,241,6494,final_corrected,448,1250000000000.0,,,,8.804565,18.104900
B,baseline,30,242,6495,end_of_prompt,129,,,,,4.988052,5.597933
B,baseline,30,243,6496,est_offwin,249,5000000.0,-1,,,22.666641,21.655813
B,baseline,30,244,6497,est_offwin,311,50000.0,-1,,,15.494329,13.750347
B,baseline,30,245,6498,est_offwin,387,5000000.0,-1,,,16.354027,14.501214
B,baseline,30,246,6499,est_offwin,403,50000.0,-1,,,11.419282,6.430891
B,baseline,30,247,6500,est,428,250000000000.0,1,,,2.049711,8.357629
B,baseline,30,248,6501,final,468,250000000000.0,,,,-1.759820,7.560469
B,baseline,30,249,6502,final_corrected,468,250000000000.0,,,,-1.759820,7.560469
B,baseline,31,250,6503,end_of_prompt,129,,,,,4.988052,5.597933
B,baseline,31,251,6504,est_offwin,243,2000.0,-1,,,6.908323,15.880608
B,baseline,31,252,6505,est_offwin,292,1800.0,-1,,,1.657768,11.327707
B,baseline,31,253,6506,est_offwin,357,2500000.0,-1,,,18.344606,21.945095
B,baseline,31,254,6507,tau_echo,375,4500000000.0,,,,0.108820,15.678207
B,baseline,31,255,6508,final,415,4500000000.0,,,,-1.004254,14.580246
B,baseline,31,256,6509,final_corrected,357,2500000.0,,,,18.344606,21.945095
B,baseline,32,257,6510,end_of_prompt,129,,,,,4.988052,5.597933
B,baseline,32,258,6511,est_offwin,409,75000.0,-1,,,10.440847,10.461998
B,baseline,32,259,6512,est_offwin,419,9000000.0,-1,,,17.069599,20.124130
B,baseline,32,260,6513,est_offwin,443,75000.0,-1,,,13.672654,10.102007
B,baseline,32,261,6514,est_offwin,455,9000000.0,-1,,,13.371004,8.090523
B,baseline,32,262,6515,est_offwin,472,675000000000.0,1,,,0.672366,6.884614
B,baseline,32,263,6516,final,498,675000000000.0,,,,8.864403,24.065245
B,baseline,32,264,6517,final_corrected,498,675000000000.0,,,,8.864403,24.065245
B,baseline,33,265,6518,end_of_prompt,129,,,,,4.988052,5.597933
B,baseline,33,266,6519,est_offwin,213,25000000.0,-1,,,23.608044,22.511997
B,baseline,33,267,6520,est_offwin,274,5000.0,-1,,,7.353491,13.879345
B,baseline,33,268,6521,est_offwin,347,25000000.0,-1,,,15.276970,12.605267
B,baseline,33,269,6522,est_offwin,355,5000.0,-1,,,6.967679,6.053044
B,baseline,33,270,6523,est,372,125000000000.0,1,,,2.330261,8.018251
B,baseline,33,271,6524,final,421,125000000000.0,,,,0.339289,4.640575
B,baseline,33,272,6525,final_corrected,421,125000000000.0,,,,0.339289,4.640575
B,baseline,34,273,6526,end_of_prompt,129,,,,,4.968030,5.565867
B,baseline,34,274,6527,est_offwin,213,250000.0,-1,,,16.271889,11.837201
B,baseline,34,275,6528,est_offwin,391,10000.0,-1,,,9.504183,11.160217
B,baseline,34,276,6529,est_offwin,421,250000.0,-1,,,15.914314,16.007574
B,baseline,34,277,6530,est_offwin,465,10000.0,-1,,,10.786828,7.274074
B,baseline,34,278,6531,est,488,2500000000.0,-1,,,3.496298,16.303116
B,baseline,34,279,6532,final,531,2500000000.0,,,,0.405618,15.917336
B,baseline,34,280,6533,final_corrected,531,2500000000.0,,,,0.405618,15.917336
B,baseline,35,281,6534,end_of_prompt,129,,,,,4.988052,5.597933
B,baseline,35,282,6535,est_offwin,331,14400.0,-1,,,9.949785,14.928473
B,baseline,35,283,6536,est_offwin,366,2000000.0,-1,,,19.380878,22.953533
B,baseline,35,284,6537,est_offwin,402,14400.0,-1,,,10.717670,11.953873
B,baseline,35,285,6538,est_offwin,417,2000000.0,-1,,,14.590536,13.630499
B,baseline,35,286,6539,est,436,28800000000.0,1,,,-0.298827,13.105971
B,baseline,35,287,6540,final,477,28800000000.0,,,,-0.582758,13.926449
B,baseline,35,288,6541,final_corrected,477,28800000000.0,,,,-0.582758,13.926449
B,baseline,36,289,6542,end_of_prompt,129,,,,,4.988052,5.597933
B,baseline,36,290,6543,est_offwin,230,10000000.0,-1,,,20.749832,19.804226
B,baseline,36,291,6544,est_offwin,319,7000.0,-1,,,8.658209,13.288419
B,baseline,36,292,6545,est_offwin,389,10000000.0,-1,,,15.520276,10.521896
B,baseline,36,293,6546,est_offwin,397,7000.0,-1,,,7.578259,5.168530
B,baseline,36,294,6547,est,413,70000000000.0,1,,,2.489403,7.297997
B,baseline,36,295,6548,final,455,70000000000.0,,,,-1.432577,7.915383
B,baseline,36,296,6549,final_corrected,455,70000000000.0,,,,-1.432577,7.915383
B,baseline,37,297,6550,end_of_prompt,129,,,,,4.988052,5.597933
B,baseline,37,298,6551,est_offwin,244,1200000.0,-1,,,20.112400,22.884949
B,baseline,37,299,6552,est_offwin,291,2500.0,-1,,,8.372805,15.573324
B,baseline,37,300,6553,est_offwin,348,1200000.0,-1,,,14.362872,11.555200
B,baseline,37,301,6554,est_offwin,356,2500.0,-1,,,7.443280,8.798528
B,baseline,37,302,6555,est,381,3000000000.0,-1,,,1.078678,13.542373
B,baseline,37,303,6556,final,420,3000000000.0,,,,-1.371870,13.266481
B,baseline,37,304,6557,final_corrected,420,3000000000.0,,,,-1.371870,13.266481
B,baseline,38,305,6558,end_of_prompt,129,,,,,4.988052,5.597933
B,baseline,38,306,6559,est_offwin,216,25000000.0,-1,,,22.702908,21.363791
B,baseline,38,307,6560,est_offwin,273,6000.0,-1,,,3.356529,10.213150
B,baseline,38,308,6561,est_offwin,319,25000000.0,-1,,,13.371142,11.617652
B,baseline,38,309,6562,est,352,150000000000.0,1,,,4.595807,8.481302
B,baseline,38,310,6563,final,400,150000000000.0,,,,9.335751,19.302120
B,baseline,38,311,6564,final_corrected,400,150000000000.0,,,,9.335751,19.302120
B,baseline,39,312,6565,end_of_prompt,129,,,,,4.988052,5.597933
B,baseline,39,313,6566,est_offwin,233,250000.0,-1,,,16.351587,12.175084
B,baseline,39,314,6567,est_offwin,307,1600.0,-1,,,6.710472,14.296816
B,baseline,39,315,6568,est_offwin,325,250000.0,-1,,,16.435949,17.273844
B,baseline,39,316,6569,est_offwin,341,1600.0,-1,,,7.931327,14.123934
B,baseline,39,317,6570,est_offwin,361,250000.0,-1,,,16.510406,14.571383
B,baseline,39,318,6571,est_offwin,378,1600.0,-1,,,8.621411,11.138372
B,baseline,39,319,6572,est,401,400000000.0,-1,,,14.703252,13.892602
B,baseline,39,320,6573,final,446,400000000.0,,,,9.377497,14.023188
B,baseline,39,321,6574,final_corrected,446,400000000.0,,,,9.377497,14.023188
B,baseline,40,322,6575,end_of_prompt,129,,,,,4.968030,5.565867
B,baseline,40,323,6576,est_offwin,289,50000.0,-1,,,15.863682,14.818119
B,baseline,40,324,6577,est_offwin,352,500000.0,-1,,,10.887532,9.238015
B,baseline,40,325,6578,est_offwin,376,50000.0,-1,,,12.114210,9.985437
B,baseline,40,326,6579,est_offwin,388,500000.0,-1,,,18.070740,14.783445
B,baseline,40,327,6580,est_offwin,425,50000.0,-1,,,10.286743,5.499410
B,baseline,40,328,6581,est,449,25000000000.0,1,,,1.508301,12.059669
B,baseline,40,329,6582,final,500,25000000000.0,,,,8.942485,21.150753
B,baseline,40,330,6583,final_corrected,500,25000000000.0,,,,8.942485,21.150753
B,baseline,41,331,6584,end_of_prompt,129,,,,,4.968030,5.565867
B,baseline,41,332,6585,est_offwin,317,5000.0,-1,,,12.543760,16.677902
B,baseline,41,333,6586,est_offwin,400,350000.0,-1,,,7.993028,7.584865
B,baseline,41,334,6587,est_offwin,426,5000.0,-1,,,10.411182,10.306581
B,baseline,41,335,6588,est,441,1750000000.0,-1,,,6.291960,16.199947
B,baseline,41,336,6589,final,467,1750000000.0,,,,9.844057,22.640604
B,baseline,41,337,6590,final_corrected,467,1750000000.0,,,,9.844057,22.640604
B,baseline,42,338,6591,end_of_prompt,129,,,,,5.019389,5.607369
B,baseline,42,339,6592,est_offwin,380,1000.0,-1,,,-1.629267,1.454023
B,baseline,42,340,6593,est_offwin,693,6400.0,-1,,,10.185817,12.759509
B,baseline,42,341,6594,est_offwin,815,650000.0,-1,,,8.961973,10.351162
B,baseline,42,342,6595,est_offwin,822,6400.0,-1,,,8.784359,9.083721
B,baseline,42,343,6596,est,837,4160000000.0,-1,,,2.683357,13.491519
B,baseline,42,344,6597,final,886,4160000000.0,,,,-0.664922,17.201820
B,baseline,42,345,6598,final_corrected,886,4160000000.0,,,,-0.664922,17.201820
B,baseline,43,346,6599,end_of_prompt,129,,,,,4.988052,5.597933
B,baseline,43,347,6600,est_offwin,272,1600.0,-1,,,10.260899,17.730520
B,baseline,43,348,6601,est_offwin,328,2000000.0,-1,,,18.679893,21.932993
B,baseline,43,349,6602,est_offwin,347,1600.0,-1,,,8.192276,11.142425
B,baseline,43,350,6603,est_offwin,360,2000000.0,-1,,,20.567413,18.800663
B,baseline,43,351,6604,est_offwin,371,1600.0,-1,,,10.053216,13.016960
B,baseline,43,352,6605,est_offwin,391,2000000.0,-1,,,13.301996,12.221825
B,baseline,43,353,6606,est,413,3200000000.0,-1,,,-0.590350,14.316717
B,baseline,43,354,6607,final,464,3200000000.0,,,,7.750405,20.478619
B,baseline,43,355,6608,final_corrected,464,3200000000.0,,,,7.750405,20.478619
B,baseline,44,356,6609,end_of_prompt,129,,,,,4.974007,5.563489
B,baseline,44,357,6610,est_offwin,215,25000000.0,-1,,,23.180405,20.500477
B,baseline,44,358,6611,est_offwin,380,9360.0,-1,,,9.214744,12.880769
B,baseline,44,359,6612,est_offwin,433,1872.0,-1,,,5.807673,11.308620
B,baseline,44,360,6613,est_offwin,450,9360.0,-1,,,8.947651,10.487380
B,baseline,44,361,6614,est_offwin,457,1872.0,-1,,,5.580109,3.064120
B,baseline,44,362,6615,est_offwin,465,11232.0,-1,,,2.417463,8.299555
B,baseline,44,363,6616,est_offwin,481,25000000.0,-1,,,21.309608,24.537977
B,baseline,44,364,6617,est_offwin,513,11232.0,-1,,,7.530852,7.693198
B,baseline,44,365,6618,est,538,280800000000.0,1,,,0.438109,8.668353
B,baseline,44,366,6619,final,589,280800000000.0,,,,-1.370525,9.297806
B,baseline,44,367,6620,final_corrected,589,280800000000.0,,,,-1.370525,9.297806
B,baseline,45,368,6621,end_of_prompt,129,,,,,4.988052,5.597933
B,baseline,45,369,6622,est_offwin,300,3000000.0,-1,,,16.802040,23.796219
B,baseline,45,370,6623,est_offwin,332,1500.0,-1,,,5.676020,11.742343
B,baseline,45,371,6624,est_offwin,361,3000000.0,-1,,,13.801743,14.806320
B,baseline,45,372,6625,est_offwin,371,1500.0,-1,,,7.022140,12.790590
B,baseline,45,373,6626,tau_echo,390,4500000000.0,,,,0.940753,15.254219
B,baseline,45,374,6627,final,424,4500000000.0,,,,-1.716480,15.795378
B,baseline,45,375,6628,final_corrected,371,1500.0,,,,7.022140,12.790590
B,baseline,46,376,6629,end_of_prompt,129,,,,,4.988052,5.597933
B,baseline,46,377,6630,est_offwin,253,2000000.0,-1,,,15.492121,24.223812
B,baseline,46,378,6631,est_offwin,307,50000.0,-1,,,14.493383,12.870640
B,baseline,46,379,6632,est_offwin,341,2000000.0,-1,,,14.336626,14.141380
B,baseline,46,380,6633,est_offwin,358,50000.0,-1,,,10.713436,4.854933
B,baseline,46,381,6634,est_offwin,375,2000000.0,-1,,,14.167026,12.614960
B,baseline,46,382,6635,est_offwin,384,50000.0,-1,,,11.712933,4.232223
B,baseline,46,383,6636,est,401,100000000000.0,1,,,3.226684,5.043875
B,baseline,46,384,6637,final,450,100000000000.0,,,,-0.687667,6.682478
B,baseline,46,385,6638,final_corrected,450,100000000000.0,,,,-0.687667,6.682478
B,baseline,47,386,6639,end_of_prompt,129,,,,,4.974007,5.563489
B,baseline,47,387,6640,est_offwin,311,10000000.0,-1,,,21.957039,18.663513
B,baseline,47,388,6641,est_offwin,373,2000.0,-1,,,4.703212,14.126248
B,baseline,47,389,6642,est_offwin,387,1000.0,-1,,,3.194759,8.978173
B,baseline,47,390,6643,est_offwin,426,10000000.0,-1,,,22.342941,20.989189
B,baseline,47,391,6644,est_offwin,451,1000.0,-1,,,5.556252,6.685218
B,baseline,47,392,6645,est_offwin,474,10000000.0,-1,,,16.509449,12.607153
B,baseline,47,393,6646,est_offwin,491,1000.0,-1,,,6.168980,6.442483
B,baseline,47,394,6647,est,517,10000000000.0,1,,,1.226570,10.609858
B,baseline,47,395,6648,final,558,10000000000.0,,,,-1.123772,11.513547
B,baseline,47,396,6649,final_corrected,558,10000000000.0,,,,-1.123772,11.513547
B,baseline,48,397,6650,end_of_prompt,129,,,,,4.988052,5.597933
B,baseline,48,398,6651,est_offwin,236,1000000.0,-1,,,19.597183,19.367624
B,baseline,48,399,6652,est_offwin,324,10000.0,-1,,,8.775916,10.383631
B,baseline,48,400,6653,est_offwin,400,1000000.0,-1,,,16.345066,10.529082
B,baseline,48,401,6654,est_offwin,409,10000.0,-1,,,9.759895,3.289279
B,baseline,48,402,6655,est,435,10000000000.0,1,,,3.301528,9.880099
B,baseline,48,403,6656,final,446,10000000000.0,,,,10.177036,27.283611
B,baseline,48,404,6657,final_corrected,446,10000000000.0,,,,10.177036,27.283611
B,baseline,49,405,6658,end_of_prompt,129,,,,,4.988052,5.597933
B,baseline,49,406,6659,est_offwin,211,250000.0,-1,,,16.847445,12.919359
B,baseline,49,407,6660,est_offwin,315,10000.0,-1,,,6.256298,7.726703
B,baseline,49,408,6661,est_offwin,341,250000.0,-1,,,16.655619,16.292912
B,baseline,49,409,6662,est_offwin,355,10000.0,-1,,,9.835480,8.043718
B,baseline,49,410,6663,est_offwin,375,250000.0,-1,,,16.261196,14.195311
B,baseline,49,411,6664,est_offwin,391,10000.0,-1,,,10.703989,6.428665
B,baseline,49,412,6665,est,414,2500000000.0,-1,,,3.706800,16.226868
B,baseline,49,413,6666,final,444,2500000000.0,,,,-0.583889,17.187084
B,baseline,49,414,6667,final_corrected,444,2500000000.0,,,,-0.583891,17.187086
